"rowNumber","storeName","inputAddress","expectedSido","replacedInvalidCoordinate","status","resultCount","matchedAddress","latitude","longitude","message"
"2","레드폴바버샵 강남신사점","서울특별시 강남구 논현로151길 41","서울특별시","False","MATCHED","1","서울특별시 강남구 논현로151길 41","37.5195936","127.0248338","시도 일치 단일 검색 결과"
"3","레드폴바버샵 강남역삼점","서울특별시 강남구 도곡로3길 13","서울특별시","False","MATCHED","1","서울특별시 강남구 도곡로3길 13 르-메이에르 타운","37.4910688","127.0326686","시도 일치 단일 검색 결과"
"6","힐빌리바버샵","서울특별시 강동구 양재대로96길 26","서울특별시","False","MATCHED","1","서울특별시 강동구 양재대로96길 26 둔촌동 광남캐스빌","37.5291947","127.1385431","시도 일치 단일 검색 결과"
"20","굿바이브바버샵","서울특별시 광진구 용마산로21길 27","서울특별시","False","MATCHED","1","서울특별시 광진구 용마산로21길 27","37.5634676","127.0859387","시도 일치 단일 검색 결과"
"21","굿보이즈 바버샵","서울특별시 광진구 강변역로4길 56","서울특별시","False","MATCHED","1","서울특별시 광진구 강변역로4길 56 광진해모로리버뷰","37.5333472","127.0921658","시도 일치 단일 검색 결과"
"22","쵸리","서울특별시 광진구 뚝섬로51길 57","서울특별시","False","MATCHED","1","서울특별시 광진구 뚝섬로51길 57","37.5347912","127.0813715","시도 일치 단일 검색 결과"
"26","9로평상","서울특별시 구로구 서해안로 2134 (항동)","서울특별시","False","MATCHED","1","서울특별시 구로구 서해안로 2134","37.4821597","126.8260772","시도 일치 단일 검색 결과"
"34","허슬러즈바버샵 홍대","서울특별시 마포구 와우산로 51-6","서울특별시","False","MATCHED","1","서울특별시 마포구 와우산로 51-6","37.5492912","126.9226741","시도 일치 단일 검색 결과"
"36","크레올 바버샵","서울특별시 서대문구 연희로15길 35 (연희동)","서울특별시","False","MATCHED","1","서울특별시 서대문구 연희로15길 35","37.568987","126.9300868","시도 일치 단일 검색 결과"
"39","더벙커 맨즈헤어 바버샵 목동본점","서울특별시 양천구 오목로 337-10","서울특별시","False","MATCHED","1","서울특별시 양천구 오목로 337-10 소망빌딩","37.525195","126.8753456","시도 일치 단일 검색 결과"
"49","나인트리 프리미어 로카우스 호텔 서울 용산","서울특별시 용산구 한강대로23길 25","서울특별시","False","MATCHED","1","서울특별시 용산구 한강대로23길 25","37.5276406","126.9643494","시도 일치 단일 검색 결과"
"82","조아의 하루","파주시 광탄면 혜음로 1191 1~2층","경기도","False","MATCHED","1","경기도 파주시 광탄면 혜음로 1191","37.7874687","126.8445859","시도 일치 단일 검색 결과"
"105","바삭옛날통닭","파주시 새꽃로 25 (금촌동) 103호","경기도","False","MATCHED","1","경기도 파주시 새꽃로 25 로얄프라자","37.752189","126.7683851","시도 일치 단일 검색 결과"
"116","파주새말육심","파주시 정담길 41 (아동동) 1층","경기도","False","MATCHED","1","경기도 파주시 정담길 41 영창빌딩","37.7699665","126.7768771","시도 일치 단일 검색 결과"
"118","개성연출","경기도 동두천시 정장로31-12","경기도","False","MATCHED","1","경기도 동두천시 정장로 31-12","37.9047658","127.054556","시도 일치 단일 검색 결과"
"119","고미나 헤어모드","경기도 동두천시 동광로75-1(생연동)","경기도","False","MATCHED","1","경기도 동두천시 동광로 75-1","37.9089353","127.0566985","시도 일치 단일 검색 결과"
"120","김희정헤어샵","경기도 동두천시 지행로65","경기도","False","MATCHED","1","경기도 동두천시 지행로 65 동현빌딩","37.8926766","127.0544782","시도 일치 단일 검색 결과"
"121","까미헤어","경기도 동두천시 평화로2261번길 52(지행동)","경기도","False","MATCHED","1","경기도 동두천시 평화로2261번길 52","37.8915973","127.0565646","시도 일치 단일 검색 결과"
"122","노블헤어","경기도 동두천시 거북마루로45","경기도","False","MATCHED","1","경기도 동두천시 거북마루로 45 동두천 대방 노블랜드 아파트","37.8974429","127.0509186","시도 일치 단일 검색 결과"
"123","리안헤어 동두천지행역점","경기도 동두천시 지행로56","경기도","False","MATCHED","1","경기도 동두천시 지행로 56 스타월드빌딩","37.8920833","127.0533841","시도 일치 단일 검색 결과"
"124","마샹스헤어살롱","경기도 동두천시 중앙로134-20","경기도","False","MATCHED","1","경기도 동두천시 중앙로 134-20","37.8930182","127.0538205","시도 일치 단일 검색 결과"
"125","박미라 헤어스토리","경기도 동두천시 평화로2452-1(생연동)","경기도","False","MATCHED","1","경기도 동두천시 평화로 2452-1","37.9066868","127.0583546","시도 일치 단일 검색 결과"
"126","보배헤어샵","경기도 동두천시 중앙로286번길 21-3(생연동)","경기도","False","MATCHED","1","경기도 동두천시 중앙로286번길 21-3 보배중앙빌라","37.9072394","127.0554639","시도 일치 단일 검색 결과"
"127","삐삐머리방","경기도 동두천시 평화로2530번길 35(보산동)","경기도","False","MATCHED","1","경기도 동두천시 평화로2530번길 35","37.9137556","127.0597922","시도 일치 단일 검색 결과"
"128","샤론의꽃 미용아카데미","경기도 동두천시 중앙로7번길 15(송내동)","경기도","False","MATCHED","1","경기도 동두천시 중앙로7번길 15 팬타월드","37.8822769","127.0534822","시도 일치 단일 검색 결과"
"129","세아떼바버샵","경기도 동두천시 이담로89","경기도","False","MATCHED","1","경기도 동두천시 이담로 89 지행역 동원베네스트 아파트","37.8893173","127.0587061","시도 일치 단일 검색 결과"
"130","신성순 헤어아트","경기도 동두천시 중앙로278","경기도","False","MATCHED","1","경기도 동두천시 중앙로 278","37.9062244","127.0543695","시도 일치 단일 검색 결과"
"131","신지미헤어라인","경기도 동두천시 광암로33번길 13-10(광암동)","경기도","False","MATCHED","1","경기도 동두천시 광암로33번길 13-10","37.8960534","127.0851728","시도 일치 단일 검색 결과"
"132","안다미로","경기도 동두천시 지행로107번길 13(지행동)","경기도","False","MATCHED","1","경기도 동두천시 지행로107번길 13","37.8930315","127.0592205","시도 일치 단일 검색 결과"
"133","에이치H헤어","경기도 동두천시 중앙로134-26","경기도","False","MATCHED","1","경기도 동두천시 중앙로 134-26","37.8931681","127.0538155","시도 일치 단일 검색 결과"
"134","이선희헤어샵","경기도 동두천시 삼육사로896","경기도","False","MATCHED","1","경기도 동두천시 삼육사로 896","37.90003","127.0495185","시도 일치 단일 검색 결과"
"135","이지현미용실","경기도 동두천시 중앙로295번길 26(생연동)","경기도","False","MATCHED","1","경기도 동두천시 중앙로295번길 26","37.9082384","127.0530444","시도 일치 단일 검색 결과"
"136","인헤어","경기도 동두천시 삼육사로902","경기도","False","MATCHED","1","경기도 동두천시 삼육사로 902","37.8995915","127.050081","시도 일치 단일 검색 결과"
"137","잔디이발관","경기도 동두천시 중앙로369(보산동)","경기도","False","MATCHED","1","경기도 동두천시 중앙로 369","37.9132522","127.0580444","시도 일치 단일 검색 결과"
"138","쟝스헤어","경기도 동두천시 평화로2915(상봉암동)","경기도","False","MATCHED","1","경기도 동두천시 평화로 2915","37.9470084","127.0613666","시도 일치 단일 검색 결과"
"139","정헤어샾","경기도 동두천시 동광로83-1(생연동)","경기도","False","MATCHED","1","경기도 동두천시 동광로 83-1","37.9090884","127.0576367","시도 일치 단일 검색 결과"
"140","제이제이 남성컷트전문","경기도 동두천시 평화로2530번길 30(보산동)","경기도","False","MATCHED","1","경기도 동두천시 평화로2530번길 30","37.9135589","127.0594159","시도 일치 단일 검색 결과"
"141","젠틀맨","경기도 동두천시 중앙로362번길 8(생연동)","경기도","False","MATCHED","1","경기도 동두천시 중앙로362번길 8","37.9126467","127.0569518","시도 일치 단일 검색 결과"
"142","차희에스 머리사랑","경기도 동두천시 행선로98(생연동)","경기도","False","MATCHED","1","경기도 동두천시 행선로 98","37.8968706","127.0626416","시도 일치 단일 검색 결과"
"143","최재실 원헤어","경기도 동두천시 평화로2397번길 17","경기도","False","MATCHED","1","경기도 동두천시 평화로2397번길 17","37.9016106","127.0568218","시도 일치 단일 검색 결과"
"144","추은옥머리쟁이","경기도 동두천시 행선로102(생연동)","경기도","False","MATCHED","1","경기도 동두천시 행선로 102 에이스상가","37.8971498","127.0627489","시도 일치 단일 검색 결과"
"145","쿨헤어샵","경기도 동두천시 중앙로311(생연동)","경기도","False","MATCHED","1","경기도 동두천시 중앙로 311","37.9093907","127.054839","시도 일치 단일 검색 결과"
"146","하니머리나라","경기도 동두천시 삼육사로1002번길 97(지행동)","경기도","False","MATCHED","1","경기도 동두천시 삼육사로1002번길 97 지행주공아파트1단지","37.8950128","127.0597027","시도 일치 단일 검색 결과"
"147","헤어고","경기도 동두천시 중앙로230-1","경기도","False","MATCHED","1","경기도 동두천시 중앙로 230-1","37.9020242","127.0532969","시도 일치 단일 검색 결과"
"148","헤어바이 미정","경기도 동두천시 중앙로265번길 8(생연동)","경기도","False","MATCHED","1","경기도 동두천시 중앙로265번길 8","37.9053073","127.0534308","시도 일치 단일 검색 결과"
"149","헤어뱅크","경기도 동두천시 중앙로297","경기도","False","MATCHED","1","경기도 동두천시 중앙로 297","37.9081137","127.0543425","시도 일치 단일 검색 결과"
"150","헤어카페","경기도 동두천시 행선로110번길 9","경기도","False","MATCHED","1","경기도 동두천시 행선로110번길 9 휴먼시아","37.8979317","127.0636874","시도 일치 단일 검색 결과"
"151","그린파크모텔","경기도 동두천시 어수로91-10(생연동)","경기도","False","MATCHED","1","경기도 동두천시 어수로 91-10","37.902995","127.0530101","시도 일치 단일 검색 결과"
"152","제이(J)모텔","경기도 동두천시 동두천로247-13(생연동)","경기도","False","MATCHED","1","경기도 동두천시 동두천로 247-13","37.9036831","127.0550199","시도 일치 단일 검색 결과"
"153","강스시","경기도 동두천시 어수로83번길 38","경기도","False","MATCHED","1","경기도 동두천시 어수로83번길 38","37.9043773","127.0526486","시도 일치 단일 검색 결과"
"154","거북이삼겹살","경기도 동두천시 생연로175","경기도","False","MATCHED","1","경기도 동두천시 생연로 175","37.9081428","127.0526481","시도 일치 단일 검색 결과"
"155","고기싸롱","경기도 동두천시 평화로2313번길 7-26(지행동)","경기도","False","MATCHED","1","경기도 동두천시 평화로2313번길 7-26","37.8931252","127.0564689","시도 일치 단일 검색 결과"
"156","고봉민김밥 지행역점","경기도 동두천시 중앙로126","경기도","False","MATCHED","1","경기도 동두천시 중앙로 126 생연프라자","37.892772","127.052538","시도 일치 단일 검색 결과"
"157","그집순대국","경기도 동두천시 장고갯로157","경기도","False","MATCHED","1","경기도 동두천시 장고갯로 157 '1동,2동'","37.908939","127.0652922","시도 일치 단일 검색 결과"
"158","깐부치킨 동두천지행역점","경기도 동두천시 중앙로134-20","경기도","False","MATCHED","1","경기도 동두천시 중앙로 134-20","37.8930182","127.0538205","시도 일치 단일 검색 결과"
"159","넓은공간","경기도 동두천시 평화로2910번길 82(상봉암동)","경기도","False","MATCHED","1","경기도 동두천시 평화로2910번길 82","37.9456285","127.0657472","시도 일치 단일 검색 결과"
"160","다복식당","경기도 동두천시 생연로177(생연동)","경기도","False","MATCHED","1","경기도 동두천시 생연로 177","37.9082713","127.0527418","시도 일치 단일 검색 결과"
"161","다원","경기도 동두천시 어수로102번길 6(생연동)","경기도","False","MATCHED","1","경기도 동두천시 어수로102번길 6","37.9020567","127.0536323","시도 일치 단일 검색 결과"
"162","대왕미가","경기도 동두천시 삼육사로1009(생연동)","경기도","False","MATCHED","1","경기도 동두천시 삼육사로 1009","37.8995258","127.062083","시도 일치 단일 검색 결과"
"163","대호숯불갈비","경기도 동두천시 중앙로265번길 19(생연동)","경기도","False","MATCHED","1","경기도 동두천시 중앙로265번길 19","37.9052307","127.0526925","시도 일치 단일 검색 결과"
"164","동태한그릇","경기도 동두천시 생연로155(생연동)","경기도","False","MATCHED","1","경기도 동두천시 생연로 155","37.9063421","127.0519865","시도 일치 단일 검색 결과"
"165","소요산명품한우식당","경기도 동두천시 평화로2910번길 1(상봉암동)","경기도","False","MATCHED","1","경기도 동두천시 평화로2910번길 1","37.946529","127.0618737","시도 일치 단일 검색 결과"
"166","슈퍼크리스피 동두천지행점","경기도 동두천시 중앙로132","경기도","False","MATCHED","1","경기도 동두천시 중앙로 132 이담프라자빌딩","37.8932032","127.0525799","시도 일치 단일 검색 결과"
"167","쌍둥이족발","경기도 동두천시 생연로122","경기도","False","MATCHED","1","경기도 동두천시 생연로 122","37.9032591","127.0512744","시도 일치 단일 검색 결과"
"168","압구정 화로구이","경기도 동두천시 지행로52","경기도","False","MATCHED","1","경기도 동두천시 지행로 52 송내프라자","37.8920811","127.0530217","시도 일치 단일 검색 결과"
"169","어멍생고기","경기도 동두천시 동두천로119","경기도","False","MATCHED","1","경기도 동두천시 동두천로 119 지행역프라자","37.8920677","127.0546205","시도 일치 단일 검색 결과"
"170","요리하는경더기","경기도 동두천시 중앙로134-20","경기도","False","MATCHED","1","경기도 동두천시 중앙로 134-20","37.8930182","127.0538205","시도 일치 단일 검색 결과"
"171","우막산순대국","경기도 동두천시 평화로2261번길 22(지행동)","경기도","False","MATCHED","1","경기도 동두천시 평화로2261번길 22 금호타이어프로","37.8902959","127.0565284","시도 일치 단일 검색 결과"
"172","유경장작구이","경기도 동두천시 평화로2910번길 10(상봉암동)","경기도","False","MATCHED","1","경기도 동두천시 평화로2910번길 10","37.9459138","127.0617488","시도 일치 단일 검색 결과"
"173","육꼬집","경기도 동두천시 중앙로110-9","경기도","False","MATCHED","1","경기도 동두천시 중앙로 110-9 한스빌딩","37.8916416","127.0530533","시도 일치 단일 검색 결과"
"174","으뜸코다리냉면","경기도 동두천시 생연로170-2","경기도","False","MATCHED","1","경기도 동두천시 생연로 170-2","37.9076616","127.0526978","시도 일치 단일 검색 결과"
"175","일미담","경기도 동두천시 동광로73","경기도","False","MATCHED","1","경기도 동두천시 동광로 73","37.9088932","127.056332","시도 일치 단일 검색 결과"
"176","장단콩터","경기도 동두천시 생연로119-1","경기도","False","MATCHED","1","경기도 동두천시 생연로 119-1","37.9033102","127.0509794","시도 일치 단일 검색 결과"
"177","좋은날식당","경기도 동두천시 중앙로265번길 23(생연동)","경기도","False","MATCHED","1","경기도 동두천시 중앙로265번길 23","37.9052627","127.0525376","시도 일치 단일 검색 결과"
"178","처가집(부대찌개)","경기도 동두천시 어수로91-3(생연동)","경기도","False","MATCHED","1","경기도 동두천시 어수로 91-3","37.9027419","127.0527489","시도 일치 단일 검색 결과"
"179","초코파이","경기도 동두천시 큰시장로 42(생연동)","경기도","False","MATCHED","1","경기도 동두천시 큰시장로 42 고려빌딩","37.9005329","127.0531008","시도 일치 단일 검색 결과"
"180","촌가","경기도 동두천시 중앙로273번길 30","경기도","False","MATCHED","1","경기도 동두천시 중앙로273번길 30","37.9062452","127.0524678","시도 일치 단일 검색 결과"
"181","통큰부대찌개","경기도 동두천시 생연로39-60(지행동)","경기도","False","MATCHED","1","경기도 동두천시 생연로 39-60","37.8964189","127.0479792","시도 일치 단일 검색 결과"
"182","특허받은 마늘콩짜장","경기도 동두천시 평화로 2351(생연동)","경기도","False","MATCHED","1","경기도 동두천시 평화로 2351","37.8977819","127.05757","시도 일치 단일 검색 결과"
"183","팔각도 동두천지행점","경기도 동두천시 중앙로116","경기도","False","MATCHED","1","경기도 동두천시 중앙로 116 두손프라자","37.8917688","127.052518","시도 일치 단일 검색 결과"
"184","페리카나역전점","경기도 동두천시 생연로120(생연동)","경기도","False","MATCHED","1","경기도 동두천시 생연로 120","37.9031574","127.0512406","시도 일치 단일 검색 결과"
"185","페리카나 터미널점","경기도 동두천시 중앙로265번길 15(생연동)","경기도","False","MATCHED","1","경기도 동두천시 중앙로265번길 15","37.9051863","127.0529224","시도 일치 단일 검색 결과"
"186","황주생고기","경기도 동두천시 생연로142(생연동)","경기도","False","MATCHED","1","경기도 동두천시 생연로 142","37.9050798","127.0519517","시도 일치 단일 검색 결과"
"187","롯데리아 동두천점","경기도 동두천시 중앙로270(생연동)","경기도","False","MATCHED","1","경기도 동두천시 중앙로 270","37.9056444","127.0542716","시도 일치 단일 검색 결과"
"188","빨간풍차제과점","경기도 동두천시 동광로78번길 4(생연동)","경기도","False","MATCHED","1","경기도 동두천시 동광로78번길 4 빨간풍차 과자점","37.908671","127.056708","시도 일치 단일 검색 결과"
"189","뿌리깊은나무","경기도 동두천시 안흥로78","경기도","False","MATCHED","1","경기도 동두천시 안흥로 78","37.927883","127.0427531","시도 일치 단일 검색 결과"
"190","청년다방","경기도 동두천시 평화로2261번길 9-6(지행동)","경기도","False","MATCHED","1","경기도 동두천시 평화로2261번길 9-6","37.8894468","127.0558675","시도 일치 단일 검색 결과"
"191","커피&유","경기도 동두천시 정장로17번길 20","경기도","False","MATCHED","1","경기도 동두천시 정장로17번길 20","37.9054146","127.0530295","시도 일치 단일 검색 결과"
"249","솥뚜껑삼겹살","파주시 법원읍 사임당로 814","경기도","False","MATCHED","1","경기도 파주시 법원읍 사임당로 814","37.8495184","126.8712524","시도 일치 단일 검색 결과"
"280","고려이발관","경기도 수원시 팔달구 팔달로 135","경기도","False","MATCHED","1","경기도 수원시 팔달구 팔달로 135","37.2804619","127.0044836","시도 일치 단일 검색 결과"
"281","대성이발관","경기도 수원시 팔달구 인계로68번길 52","경기도","False","MATCHED","1","경기도 수원시 팔달구 인계로68번길 52 창조의집","37.2666657","127.0240315","시도 일치 단일 검색 결과"
"282","로이스바버샵&로이스SMP 수원성대점","경기도 수원시 장안구 서부로2181번길 55","경기도","False","MATCHED","1","경기도 수원시 장안구 서부로2181번길 55","37.3032145","126.9697317","시도 일치 단일 검색 결과"
"284","부흥이발관","경기도 수원시 영통구 동수원로514번길 59 (매탄동)","경기도","False","MATCHED","1","경기도 수원시 영통구 동수원로514번길 59","37.2714983","127.0493876","시도 일치 단일 검색 결과"
"285","새현이용원","경기도 수원시 권선구 세권로43번길 26-6 (세류동","경기도","False","MATCHED","1","경기도 수원시 권선구 세권로43번길 26-6 수원권선 어울림","37.2600021","127.0097506","시도 일치 단일 검색 결과"
"286","세동이발관","경기도 수원시 권선구 세권로 66 (세류동)","경기도","False","MATCHED","1","경기도 수원시 권선구 세권로 66","37.2587649","127.0115676","시도 일치 단일 검색 결과"
"287","시저스맨","경기도 수원시 영통구 매탄로140번길 54-18 (매탄동)","경기도","False","MATCHED","1","경기도 수원시 영통구 매탄로140번길 54-18","37.2616348","127.0464413","시도 일치 단일 검색 결과"
"290","아임남자머리","경기도 수원시 팔달구 팔달문로175번길 7","경기도","False","MATCHED","1","경기도 수원시 팔달구 팔달문로175번길 7","37.2838484","127.0348205","시도 일치 단일 검색 결과"
"291","안양승이용원","경기도 수원시 영통구 영통로 323","경기도","False","MATCHED","1","경기도 수원시 영통구 영통로 323","37.2547998","127.0630667","시도 일치 단일 검색 결과"
"292","양성현 헤어아트","경기도 수원시 권선구 권광로91번길 55","경기도","False","MATCHED","1","경기도 수원시 권선구 권광로91번길 55 오가기린","37.2568079","127.0266003","시도 일치 단일 검색 결과"
"293","엘지이용원","경기도 수원시 장안구 파장로68번길 46 (파장동)","경기도","False","MATCHED","1","경기도 수원시 장안구 파장로68번길 46","37.3077438","126.992175","시도 일치 단일 검색 결과"
"294","영길이용원","경기도 수원시 권선구 고현로5번길 25 (고색동","경기도","False","MATCHED","1","경기도 수원시 권선구 고현로5번길 25 거산아파트","37.2480159","126.9862408","시도 일치 단일 검색 결과"
"295","우리이용원","경기도 수원시 장안구 장안로103번길 5 (정자동)","경기도","False","MATCHED","1","경기도 수원시 장안구 장안로103번길 5","37.292968","127.001011","시도 일치 단일 검색 결과"
"296","원천이발관","경기도 수원시 영통구 매영로 141","경기도","False","MATCHED","1","경기도 수원시 영통구 매영로 141 원천훼밀리타운","37.2667102","127.0581659","시도 일치 단일 검색 결과"
"297","조만억헤어마당","경기도 수원시 장안구 송정로177번길 4 (조원동)","경기도","False","MATCHED","1","경기도 수원시 장안구 송정로177번길 4","37.2986296","127.0158025","시도 일치 단일 검색 결과"
"298","좋은헤어","경기도 수원시 권선구 경수대로235번길 56","경기도","False","MATCHED","1","경기도 수원시 권선구 경수대로235번길 56","37.2494336","127.0147371","시도 일치 단일 검색 결과"
"299","파크이발","경기도 수원시 장안구 정자천로189번길 47","경기도","False","MATCHED","1","경기도 수원시 장안구 정자천로189번길 47 연꽃마을 풍림아파트","37.2981631","126.9925735","시도 일치 단일 검색 결과"
"300","할리바버샵","경기도 수원시 권선구 금곡로 236","경기도","False","MATCHED","1","경기도 수원시 권선구 금곡로 236 홈플러스","37.2743891","126.9558949","시도 일치 단일 검색 결과"
"308","스컬스바버샵","경기도 시흥시 서울대학로264번길 12","경기도","False","MATCHED","1","경기도 시흥시 서울대학로264번길 12 시흥배곧 C2블럭 호반 써밋플레이스 아파트","37.3683075","126.7249125","시도 일치 단일 검색 결과"
"321","국민낙곱새(평촌점)","경기도 안양시 동안구흥안대로457- 27(관양동)","경기도","True","MATCHED","1","경기도 안양시 동안구 흥안대로 457-27","37.3946502","126.9735876","기존 비정상 좌표를 시도·주소 일치 단일 검색 결과로 교체"
"337","가마골 백숙","경기도 양주시 장흥면 북한산로 1028","경기도","False","MATCHED","1","경기도 양주시 장흥면 북한산로 1028","37.7135996","126.9713192","시도 일치 단일 검색 결과"
"338","거석골","경기도 양주시 백석읍 기산로 503","경기도","False","MATCHED","1","경기도 양주시 백석읍 기산로 503","37.7776188","126.9453191","시도 일치 단일 검색 결과"
"339","거시기닭갈비","경기도 양주시 엄상동길 22-25","경기도","False","MATCHED","1","경기도 양주시 엄상동길 22-25","37.8302412","127.067514","시도 일치 단일 검색 결과"
"340","고봉막국수","경기도 양주시 장흥면 권율로 88","경기도","False","MATCHED","1","경기도 양주시 장흥면 권율로 88 그린숲타운","37.7227921","126.9477588","시도 일치 단일 검색 결과"
"341","구들장생고기","경기도 양주시 엄상동길 66","경기도","False","MATCHED","1","경기도 양주시 엄상동길 66","37.8313947","127.0697859","시도 일치 단일 검색 결과"
"342","김밥나라","경기도 양주시 평화로 1426","경기도","False","MATCHED","1","경기도 양주시 평화로 1426","37.8181225","127.0462927","시도 일치 단일 검색 결과"
"343","김삿갓토종순대국","경기도 양주시 평화로 1556","경기도","False","MATCHED","1","경기도 양주시 평화로 1556","37.8280838","127.0537226","시도 일치 단일 검색 결과"
"344","다찜(고암점)","경기도 양주시 고암길 32","경기도","False","MATCHED","1","경기도 양주시 고암길 32","37.8316672","127.0678148","시도 일치 단일 검색 결과"
"345","덕정갈비","경기도 양주시 덕정길 58","경기도","False","MATCHED","1","경기도 양주시 덕정길 58","37.843655","127.0655121","시도 일치 단일 검색 결과"
"346","두끼떡볶이(양주고읍점)","경기도 양주시 고읍남로 36","경기도","False","MATCHED","1","경기도 양주시 고읍남로 36","37.7936572","127.0780449","시도 일치 단일 검색 결과"
"347","둘째마당바위","경기도 양주시 장흥면 권율로309번길 149","경기도","False","MATCHED","1","경기도 양주시 장흥면 권율로309번길 149","37.7444688","126.950999","시도 일치 단일 검색 결과"
"348","등촌샤브칼국수","경기도 양주시 송랑로 64","경기도","False","MATCHED","1","경기도 양주시 송랑로 64","37.790817","127.0884851","시도 일치 단일 검색 결과"
"349","등촌칼국수","경기도 양주시 백석읍 고릉말로150번길 28 (1층)","경기도","False","MATCHED","1","경기도 양주시 백석읍 고릉말로150번길 28","37.7958921","126.990685","시도 일치 단일 검색 결과"
"350","만두와김밥마을","경기도 양주시 부흥로 2122","경기도","False","MATCHED","1","경기도 양주시 부흥로 2122","37.8060821","127.0900078","시도 일치 단일 검색 결과"
"351","만수장","경기도 양주시 평화로 1552-1","경기도","False","MATCHED","1","경기도 양주시 평화로 1552-1","37.8277181","127.0536242","시도 일치 단일 검색 결과"
"352","본도시락 덕정점","경기도 양주시 독바위로 9","경기도","False","MATCHED","1","경기도 양주시 독바위로 9","37.840385","127.0629577","시도 일치 단일 검색 결과"
"353","산하식당","경기도 양주시 백석읍 기산로 410","경기도","False","MATCHED","1","경기도 양주시 백석읍 기산로 410","37.7758038","126.9356199","시도 일치 단일 검색 결과"
"354","삼호산장","경기도 양주시 백석읍 기산로 435","경기도","False","MATCHED","1","경기도 양주시 백석읍 기산로 435","37.7773456","126.9380381","시도 일치 단일 검색 결과"
"355","소문난쭈꾸미생삼겹","경기도 양주시 엄상동길 50-16","경기도","False","MATCHED","1","경기도 양주시 엄상동길 50-16","37.8307191","127.0687798","시도 일치 단일 검색 결과"
"356","술들다","경기도 양주시 덕정4길 11","경기도","False","MATCHED","1","경기도 양주시 덕정4길 11","37.8435889","127.0636388","시도 일치 단일 검색 결과"
"357","안다미로 샤브샤브","경기도 양주시 엄상동길 22-26","경기도","False","MATCHED","1","경기도 양주시 엄상동길 22-26","37.830281","127.0672537","시도 일치 단일 검색 결과"
"358","야한소갈비살","경기도 양주시 엄상동길 30-3","경기도","False","MATCHED","1","경기도 양주시 엄상동길 30-3","37.8312313","127.0678814","시도 일치 단일 검색 결과"
"359","여울마당","경기도 양주시 장흥면 유원지로 318","경기도","False","MATCHED","1","경기도 양주시 장흥면 유원지로 318","37.7078644","126.9535471","시도 일치 단일 검색 결과"
"360","이시돌선생의 약선도가","경기도 양주시 장흥면 권율로 88","경기도","False","MATCHED","1","경기도 양주시 장흥면 권율로 88 그린숲타운","37.7227921","126.9477588","시도 일치 단일 검색 결과"
"361","장어천국","경기도 양주시 어하고개로 1","경기도","False","MATCHED","1","경기도 양주시 어하고개로 1","37.8089217","127.0975599","시도 일치 단일 검색 결과"
"362","장흥숯불갈비","경기도 양주시 화합로1361번길 32","경기도","False","MATCHED","1","경기도 양주시 화합로1361번길 32","37.8436638","127.064042","시도 일치 단일 검색 결과"
"363","정주산장","경기도 양주시 장흥면 호국로550번길 102-127","경기도","False","MATCHED","1","경기도 양주시 장흥면 호국로550번길 102-127","37.7128362","126.9823694","시도 일치 단일 검색 결과"
"364","쪽삼","경기도 양주시 어하고개로 56","경기도","False","MATCHED","1","경기도 양주시 어하고개로 56","37.8115125","127.1026878","시도 일치 단일 검색 결과"
"365","초가마을","경기도 양주시 장흥면 권율로309번길 159","경기도","False","MATCHED","1","경기도 양주시 장흥면 권율로309번길 159","37.7447145","126.9510724","시도 일치 단일 검색 결과"
"366","최가네양구펀치볼시래기","경기도 양주시 백석읍 호명로 51","경기도","False","MATCHED","1","경기도 양주시 백석읍 호명로 51","37.7887902","126.9928809","시도 일치 단일 검색 결과"
"367","페트라숯불구이","경기도 양주시 장흥면 일영로 601-100","경기도","False","MATCHED","1","경기도 양주시 장흥면 일영로 601-100","37.6967764","126.9236196","시도 일치 단일 검색 결과"
"368","행복한사람들","경기도 양주시 백석읍 권율로 852","경기도","False","MATCHED","1","경기도 양주시 백석읍 권율로 852","37.7749653","126.9611821","시도 일치 단일 검색 결과"
"376","육심외할머니가든","파주시 경의로1240번길 14-11 (와동동) 204호","경기도","False","MATCHED","1","경기도 파주시 경의로1240번길 14-11 월드로데오","37.7272505","126.7620423","시도 일치 단일 검색 결과"
"439","디엠지라운지(DMZ LOUNGE)","파주시 탄현면 새오리로161번길 90","경기도","False","MATCHED","1","경기도 파주시 탄현면 새오리로161번길 90","37.8004048","126.6835875","시도 일치 단일 검색 결과"
"440","215카페캠핑장","경기도 파주시 탄현면 새오리로 215-91","경기도","False","MATCHED","1","경기도 파주시 탄현면 새오리로 215-91","37.8034099","126.6848158","시도 일치 단일 검색 결과"
"452","조아의 하루 주내점","파주시 파주읍 우계로 6 101호","경기도","False","MATCHED","1","경기도 파주시 파주읍 우계로 6","37.8280814","126.8138604","시도 일치 단일 검색 결과"
"460","돈앤카우","경기도 포천시 소흘읍 송우로 53","경기도","False","MATCHED","1","경기도 포천시 소흘읍 송우로 53 우덕프라자","37.8287069","127.1431225","시도 일치 단일 검색 결과"
