"정본CSV행번호","업소명","시도","시군구","소재지도로명주소","소재지지번주소","혜택상태","좌표검토상태","지도표시정책","혜택검토상태","출시판정","좌표검토행수","혜택검토행수","정본반영여부"
"2","레드폴바버샵 강남신사점","서울특별시","강남구","서울특별시 강남구 논현로151길 41, 2층 201호","서울특별시 강남구 신사동 561","확인 필요","확인 완료","좌표 마커 표시","최신 공식 혜택 근거 없음","보류: 최신 공식 혜택 근거 없음","1","0","아니오"
"3","레드폴바버샵 강남역삼점","서울특별시","강남구","서울특별시 강남구 도곡로3길 13, 르메이에르 2층 203-2호","서울특별시 강남구 역삼동 837-19","확인 필요","위치 확인 필요","지도 핀 미표시 · 주소 직접 확인","최신 공식 혜택 근거 없음","보류: 최신 공식 혜택 근거 없음","0","0","아니오"
"4","우동명가기리야마본진","서울특별시","강남구","서울특별시 강남구강남대로84길23(역삼동, (한라클래식 지하1층))","","이용 가능","위치 확인 필요","지도 핀 미표시 · 주소 직접 확인","최신 공식 혜택 근거 없음","보류: 최신 공식 혜택 근거 없음","0","0","아니오"
"5","투오프커피","서울특별시","강남구","서울특별시 강남구역삼로9길20(역삼동, (1층))","","이용 가능","위치 확인 필요","지도 핀 미표시 · 주소 직접 확인","최신 공식 혜택 근거 없음","보류: 최신 공식 혜택 근거 없음","0","0","아니오"
"6","힐빌리바버샵","서울특별시","강동구","서울특별시 강동구 양재대로96길 26, 광남캐스빌 근생 101호","","확인 필요","확인 완료","좌표 마커 표시","최신 공식 혜택 근거 없음","보류: 최신 공식 혜택 근거 없음","1","0","아니오"
"7","가운소곱창","서울특별시","강동구","서울특별시 강동구상암로42(천호동, 131호)","","이용 가능","위치 확인 필요","지도 핀 미표시 · 주소 직접 확인","최신 공식 혜택 근거 없음","보류: 최신 공식 혜택 근거 없음","0","0","아니오"
"8","송미용실","서울특별시","강북구","서울특별시 강북구인수봉로78길13(수유동)","","이용 가능","위치 확인 필요","지도 핀 미표시 · 주소 직접 확인","최신 공식 혜택 근거 없음","보류: 최신 공식 혜택 근거 없음","0","0","아니오"
"9","착한이발","서울특별시","강북구","서울특별시 강북구도봉로371(수유동, (지하1층))","","이용 가능","위치 확인 필요","지도 핀 미표시 · 주소 직접 확인","최신 공식 혜택 근거 없음","보류: 최신 공식 혜택 근거 없음","0","0","아니오"
"10","만미정 식당","서울특별시","강북구","서울특별시 강북구솔매로43길96(미아동)","","이용 가능","위치 확인 필요","지도 핀 미표시 · 주소 직접 확인","최신 공식 혜택 근거 없음","보류: 최신 공식 혜택 근거 없음","0","0","아니오"
"11","강서풍천민물장어","서울특별시","강서구","서울특별시 강서구양천로18길9(방화동)","","이용 가능","위치 확인 필요","지도 핀 미표시 · 주소 직접 확인","최신 공식 혜택 근거 없음","보류: 최신 공식 혜택 근거 없음","0","0","아니오"
"12","공항두루치기","서울특별시","강서구","서울특별시 강서구양천로28(방화동)","","이용 가능","위치 확인 필요","지도 핀 미표시 · 주소 직접 확인","최신 공식 혜택 근거 없음","보류: 최신 공식 혜택 근거 없음","0","0","아니오"
"13","김가네 개화산역점","서울특별시","강서구","서울특별시 강서구양천로28(방화동, (벽산에어트리움 C-8호)))","","이용 가능","위치 확인 필요","지도 핀 미표시 · 주소 직접 확인","최신 공식 혜택 근거 없음","보류: 최신 공식 혜택 근거 없음","0","0","아니오"
"14","일품사천불짬뽕","서울특별시","강서구","서울특별시 강서구양천로28(방화동, (벽산에어트리움))","","이용 가능","위치 확인 필요","지도 핀 미표시 · 주소 직접 확인","최신 공식 혜택 근거 없음","보류: 최신 공식 혜택 근거 없음","0","0","아니오"
"15","전주콩나물 해장국&지지미 방화점","서울특별시","강서구","서울특별시 강서구양천로6길28(방화동)","","이용 가능","위치 확인 필요","지도 핀 미표시 · 주소 직접 확인","최신 공식 혜택 근거 없음","보류: 최신 공식 혜택 근거 없음","0","0","아니오"
"16","칼스토랑 방화점","서울특별시","강서구","서울특별시 강서구양천로28(방화동, (b106)))","","이용 가능","위치 확인 필요","지도 핀 미표시 · 주소 직접 확인","최신 공식 혜택 근거 없음","보류: 최신 공식 혜택 근거 없음","0","0","아니오"
"17","포아이니 개화산역점","서울특별시","강서구","서울특별시 강서구양천로28(방화동, (본관동 104호))","","이용 가능","위치 확인 필요","지도 핀 미표시 · 주소 직접 확인","최신 공식 혜택 근거 없음","보류: 최신 공식 혜택 근거 없음","0","0","아니오"
"18","그로우빈스","서울특별시","강서구","서울특별시 강서구양천로18길16(방화동, (1층 101호))","","이용 가능","위치 확인 필요","지도 핀 미표시 · 주소 직접 확인","최신 공식 혜택 근거 없음","보류: 최신 공식 혜택 근거 없음","0","0","아니오"
"19","밀알카페","서울특별시","강서구","서울특별시 강서구강서로33길16(화곡동, (1층))","","이용 가능","위치 확인 필요","지도 핀 미표시 · 주소 직접 확인","최신 공식 혜택 근거 없음","보류: 최신 공식 혜택 근거 없음","0","0","아니오"
"20","굿바이브바버샵","서울특별시","광진구","서울특별시 광진구 용마산로21길 27, 1층","","확인 필요","확인 완료","좌표 마커 표시","최신 공식 혜택 근거 없음","보류: 최신 공식 혜택 근거 없음","1","0","아니오"
"21","굿보이즈 바버샵","서울특별시","광진구","서울특별시 광진구 강변역로4길 56, 1층 7호 (구의동, 광진해모로리버뷰)","서울특별시 광진구 구의동 547-7","확인 필요","위치 확인 필요","지도 핀 미표시 · 주소 직접 확인","최신 공식 혜택 근거 없음","보류: 최신 공식 혜택 근거 없음","0","0","아니오"
"22","쵸리","서울특별시","광진구","서울특별시 광진구 뚝섬로51길 57, 1층","","확인 필요","확인 완료","좌표 마커 표시","최신 공식 혜택 근거 없음","보류: 최신 공식 혜택 근거 없음","1","0","아니오"
"23","무한정수제돈까스","서울특별시","광진구","서울특별시 광진구군자로102(군자동, (1층))","","이용 가능","위치 확인 필요","지도 핀 미표시 · 주소 직접 확인","최신 공식 혜택 근거 없음","보류: 최신 공식 혜택 근거 없음","0","0","아니오"
"24","탄토탄토","서울특별시","광진구","서울특별시 광진구아차산로33길49(화양동, (2층))","","이용 가능","위치 확인 필요","지도 핀 미표시 · 주소 직접 확인","최신 공식 혜택 근거 없음","보류: 최신 공식 혜택 근거 없음","0","0","아니오"
"25","보드게임카페 레드버튼 건대점","서울특별시","광진구","서울특별시 광진구동일로22길81(화양동)","","이용 가능","위치 확인 필요","지도 핀 미표시 · 주소 직접 확인","최신 공식 혜택 근거 없음","보류: 최신 공식 혜택 근거 없음","0","0","아니오"
"26","9로평상","서울특별시","구로구","서울특별시 구로구 서해안로 2134 (항동)","","확인 필요","위치 확인 필요","지도 핀 미표시 · 주소 직접 확인","최신 공식 혜택 근거 없음","보류: 최신 공식 혜택 근거 없음","0","0","아니오"
"27","국수집","서울특별시","동대문구","서울특별시 동대문구한천로14길63(장안동, (1층))","","이용 가능","위치 확인 필요","지도 핀 미표시 · 주소 직접 확인","최신 공식 혜택 근거 없음","보류: 최신 공식 혜택 근거 없음","0","0","아니오"
"28","돈벼락김치삼겹살 장안동본점","서울특별시","동대문구","서울특별시 동대문구장한로26길24(장안동, (1층))","","이용 가능","위치 확인 필요","지도 핀 미표시 · 주소 직접 확인","최신 공식 혜택 근거 없음","보류: 최신 공식 혜택 근거 없음","0","0","아니오"
"29","서울쉬퐁","서울특별시","동대문구","서울특별시 동대문구한천로63길17(이문동, (1층))","","이용 가능","위치 확인 필요","지도 핀 미표시 · 주소 직접 확인","최신 공식 혜택 근거 없음","보류: 최신 공식 혜택 근거 없음","0","0","아니오"
"30","자연석 돌구이 생삼겹살 한우","서울특별시","동작구","서울특별시 동작구여의대방로202(대방동, 1층)","","이용 가능","위치 확인 필요","지도 핀 미표시 · 주소 직접 확인","최신 공식 혜택 근거 없음","보류: 최신 공식 혜택 근거 없음","0","0","아니오"
"31","한제소곱창전골 신대방삼거리역점","서울특별시","동작구","서울특별시 동작구여의대방로22길121- 0(신대방동, 상가동 1층 1444호, 1445호)","","이용 가능","위치 확인 필요","지도 핀 미표시 · 주소 직접 확인","최신 공식 혜택 근거 없음","보류: 최신 공식 혜택 근거 없음","0","0","아니오"
"32","에이치플레이스","서울특별시","동작구","서울특별시 동작구여의대방로36길10(대방동, (1층))","","이용 가능","위치 확인 필요","지도 핀 미표시 · 주소 직접 확인","최신 공식 혜택 근거 없음","보류: 최신 공식 혜택 근거 없음","0","0","아니오"
"33","카피바라 커피랩","서울특별시","동작구","서울특별시 동작구대방동23길36(대방동, (1층))","","이용 가능","위치 확인 필요","지도 핀 미표시 · 주소 직접 확인","최신 공식 혜택 근거 없음","보류: 최신 공식 혜택 근거 없음","0","0","아니오"
"34","허슬러즈바버샵 홍대","서울특별시","마포구","서울특별시 마포구 와우산로 51-6, 지하 1층","","확인 필요","확인 완료","좌표 마커 표시","최신 공식 혜택 근거 없음","보류: 최신 공식 혜택 근거 없음","1","0","아니오"
"35","연과점 하루","서울특별시","마포구","서울특별시 마포구동교로16길12(서교동, (1층))","","이용 가능","위치 확인 필요","지도 핀 미표시 · 주소 직접 확인","최신 공식 혜택 근거 없음","보류: 최신 공식 혜택 근거 없음","0","0","아니오"
"36","크레올 바버샵","서울특별시","서대문구","서울특별시 서대문구 연희로15길 35 (연희동)","","확인 필요","위치 확인 필요","지도 핀 미표시 · 주소 직접 확인","최신 공식 혜택 근거 없음","보류: 최신 공식 혜택 근거 없음","0","0","아니오"
"37","예가미용실","서울특별시","서초구","서울특별시 서초구남부순환로356길55(양재동, (1층))","","이용 가능","위치 확인 필요","지도 핀 미표시 · 주소 직접 확인","최신 공식 혜택 근거 없음","보류: 최신 공식 혜택 근거 없음","0","0","아니오"
"38","옐로치킨07&바로돈까스","서울특별시","성북구","서울특별시 성북구아리랑로19길48(정릉동, (1츧))","","이용 가능","위치 확인 필요","지도 핀 미표시 · 주소 직접 확인","최신 공식 혜택 근거 없음","보류: 최신 공식 혜택 근거 없음","0","0","아니오"
"39","더벙커 맨즈헤어 바버샵 목동본점","서울특별시","양천구","서울특별시 양천구 오목로 337-10, 2층 205호","","확인 필요","위치 확인 필요","지도 핀 미표시 · 주소 직접 확인","최신 공식 혜택 근거 없음","보류: 최신 공식 혜택 근거 없음","0","0","아니오"
"40","GTS버거 문래점","서울특별시","영등포구","서울특별시 영등포구문래로151(문래동3가)","","이용 가능","위치 확인 필요","지도 핀 미표시 · 주소 직접 확인","최신 공식 혜택 근거 없음","보류: 최신 공식 혜택 근거 없음","0","0","아니오"
"41","다함압구정김밥","서울특별시","영등포구","서울특별시 영등포구여의대방로197(신길동)","","이용 가능","위치 확인 필요","지도 핀 미표시 · 주소 직접 확인","최신 공식 혜택 근거 없음","보류: 최신 공식 혜택 근거 없음","0","0","아니오"
"42","문경밥상","서울특별시","영등포구","서울특별시 영등포구여의대방로47라길31(신길동)","","이용 가능","위치 확인 필요","지도 핀 미표시 · 주소 직접 확인","최신 공식 혜택 근거 없음","보류: 최신 공식 혜택 근거 없음","0","0","아니오"
"43","미각식당","서울특별시","영등포구","서울특별시 영등포구가마산로89길3(신길동, 1층)","","이용 가능","위치 확인 필요","지도 핀 미표시 · 주소 직접 확인","최신 공식 혜택 근거 없음","보류: 최신 공식 혜택 근거 없음","0","0","아니오"
"44","마우나커피","서울특별시","영등포구","서울특별시 영등포구여의대방로43길11- 5(신길동, (1층))","","이용 가능","위치 확인 필요","지도 핀 미표시 · 주소 직접 확인","최신 공식 혜택 근거 없음","보류: 최신 공식 혜택 근거 없음","0","0","아니오"
"45","브레드05","서울특별시","영등포구","서울특별시 영등포구여의대방로43나길4(신길동)","","이용 가능","위치 확인 필요","지도 핀 미표시 · 주소 직접 확인","최신 공식 혜택 근거 없음","보류: 최신 공식 혜택 근거 없음","0","0","아니오"
"46","요거프레소 대방점","서울특별시","영등포구","서울특별시 영등포구가마산로587(신길동)","","이용 가능","위치 확인 필요","지도 핀 미표시 · 주소 직접 확인","최신 공식 혜택 근거 없음","보류: 최신 공식 혜택 근거 없음","0","0","아니오"
"47","카페보니또 영등포1호점","서울특별시","영등포구","서울특별시 영등포구여의대방로203(신길동)","","이용 가능","위치 확인 필요","지도 핀 미표시 · 주소 직접 확인","최신 공식 혜택 근거 없음","보류: 최신 공식 혜택 근거 없음","0","0","아니오"
"48","해군호텔 블랙앤브라운","서울특별시","영등포구","서울특별시 영등포구가마산로538(신길동, 해군호텔 1층)","","이용 가능","위치 확인 필요","지도 핀 미표시 · 주소 직접 확인","최신 공식 혜택 근거 없음","보류: 최신 공식 혜택 근거 없음","0","0","아니오"
"49","나인트리 프리미어 로카우스 호텔 서울 용산","서울특별시","용산구","서울특별시 용산구 한강대로23길 25","","확인 필요","위치 확인 필요","지도 핀 미표시 · 주소 직접 확인","최신 공식 혜택 근거 없음","보류: 최신 공식 혜택 근거 없음","0","0","아니오"
"50","아노브 이태원","서울특별시","용산구","서울특별시 용산구이태원로20가길7- 5(이태원동, (1층))","","이용 가능","위치 확인 필요","지도 핀 미표시 · 주소 직접 확인","최신 공식 혜택 근거 없음","보류: 최신 공식 혜택 근거 없음","0","0","아니오"
"51","피그가든","서울특별시","용산구","서울특별시 용산구한강대로270(남영동)","","이용 가능","위치 확인 필요","지도 핀 미표시 · 주소 직접 확인","최신 공식 혜택 근거 없음","보류: 최신 공식 혜택 근거 없음","0","0","아니오"
"52","가위소리","서울특별시","은평구","서울특별시 은평구진관3로21(진관동, (엘크루상가 126호))","","확인 필요","위치 확인 필요","지도 핀 미표시 · 주소 직접 확인","최신 공식 혜택 근거 없음","보류: 최신 공식 혜택 근거 없음","0","0","아니오"
"53","디얼스 이마트은평점","서울특별시","은평구","서울특별시 은평구은평로111(응암동, (이마트 8층 디얼스 미용실))","","이용 가능","위치 확인 필요","지도 핀 미표시 · 주소 직접 확인","최신 공식 혜택 근거 없음","보류: 최신 공식 혜택 근거 없음","0","0","아니오"
"54","수헤어","서울특별시","은평구","서울특별시 은평구가좌로12길15(신사동, (은평신사 두산위브 2차 상가))","","이용 가능","위치 확인 필요","지도 핀 미표시 · 주소 직접 확인","최신 공식 혜택 근거 없음","보류: 최신 공식 혜택 근거 없음","0","0","아니오"
"55","어반제이슨헤어 연신내점","서울특별시","은평구","서울특별시 은평구통일로885(갈현동)","","확인 필요","위치 확인 필요","지도 핀 미표시 · 주소 직접 확인","최신 공식 혜택 근거 없음","보류: 최신 공식 혜택 근거 없음","0","0","아니오"
"56","엘룬헤어","서울특별시","은평구","서울특별시 은평구연서로29길7(갈현동, (2층))","","이용 가능","위치 확인 필요","지도 핀 미표시 · 주소 직접 확인","최신 공식 혜택 근거 없음","보류: 최신 공식 혜택 근거 없음","0","0","아니오"
"57","솔찬 장칼국수 구파발본점","서울특별시","은평구","서울특별시 은평구북한산로2(진관동, (금호어울림10단지 1028동 1층상가 102호))","","이용 가능","위치 확인 필요","지도 핀 미표시 · 주소 직접 확인","최신 공식 혜택 근거 없음","보류: 최신 공식 혜택 근거 없음","0","0","아니오"
"58","인생돈카츠 불광본점","서울특별시","은평구","서울특별시 은평구통일로65길12- 10(대조동, (1층))","","이용 가능","위치 확인 필요","지도 핀 미표시 · 주소 직접 확인","최신 공식 혜택 근거 없음","보류: 최신 공식 혜택 근거 없음","0","0","아니오"
"59","명동케이갈비","서울특별시","중구","서울특별시 중구명동3길52, 3층 (명동1가)","","이용 가능","위치 확인 필요","지도 핀 미표시 · 주소 직접 확인","최신 공식 혜택 근거 없음","보류: 최신 공식 혜택 근거 없음","0","0","아니오"
"60","횃불식당","경기도","가평군","경기도 가평군가평읍용추로171번길16(가평읍승안리, 횃불식당)","","이용 가능","위치 확인 필요","지도 핀 미표시 · 주소 직접 확인","최신 공식 혜택 근거 없음","보류: 최신 공식 혜택 근거 없음","0","0","아니오"
"61","플로레카페","경기도","가평군","경기도 가평군청평면에덴벚꽃길39- 1(청평면상천리)","","이용 가능","위치 확인 필요","지도 핀 미표시 · 주소 직접 확인","최신 공식 혜택 근거 없음","보류: 최신 공식 혜택 근거 없음","0","0","아니오"
"62","송화","경기도","고양시","경기도 고양시 덕양구수역이길25(성사동)","","이용 가능","위치 확인 필요","지도 핀 미표시 · 주소 직접 확인","최신 공식 혜택 근거 없음","보류: 최신 공식 혜택 근거 없음","1","0","아니오"
"63","달려라행복이 달행이네 과일&음료","경기도","고양시","경기도 고양시 덕양구토당로104번길22- 191층 (토당동)","","이용 가능","위치 확인 필요","지도 핀 미표시 · 주소 직접 확인","최신 공식 혜택 근거 없음","보류: 최신 공식 혜택 근거 없음","0","0","아니오"
"64","순헤어","경기도","과천시","경기도 과천시별양로28B동1069호(원문동, 슈르상가)","","이용 가능","위치 확인 필요","지도 핀 미표시 · 주소 직접 확인","최신 공식 혜택 근거 없음","보류: 최신 공식 혜택 근거 없음","0","0","아니오"
"65","오신우헤어","경기도","과천시","경기도 과천시별양상가2로353동204호(별양동)","","이용 가능","위치 확인 필요","지도 핀 미표시 · 주소 직접 확인","최신 공식 혜택 근거 없음","보류: 최신 공식 혜택 근거 없음","0","0","아니오"
"66","자스 아일랜드","경기도","과천시","경기도 과천시별양로28B동1089호1층 (원문동, 건물후면 GS편의점 옆)","","이용 가능","위치 확인 필요","지도 핀 미표시 · 주소 직접 확인","최신 공식 혜택 근거 없음","보류: 최신 공식 혜택 근거 없음","0","0","아니오"
"67","만나떡볶이","경기도","과천시","경기도 과천시별양상가2로35118호1층 (별양동)","","이용 가능","위치 확인 필요","지도 핀 미표시 · 주소 직접 확인","최신 공식 혜택 근거 없음","보류: 최신 공식 혜택 근거 없음","0","0","아니오"
"68","메종카소","경기도","과천시","경기도 과천시관문로92A동216호(중앙동)","","이용 가능","위치 확인 필요","지도 핀 미표시 · 주소 직접 확인","최신 공식 혜택 근거 없음","보류: 최신 공식 혜택 근거 없음","0","0","아니오"
"69","바른국수 둥이네","경기도","과천시","경기도 과천시별양상가로714호지하1층 (별양동, 벽산빌딩)","","이용 가능","위치 확인 필요","지도 핀 미표시 · 주소 직접 확인","최신 공식 혜택 근거 없음","보류: 최신 공식 혜택 근거 없음","0","0","아니오"
"70","스톨커피","경기도","과천시","경기도 과천시뒷골2로1(과천동)","","이용 가능","위치 확인 필요","지도 핀 미표시 · 주소 직접 확인","최신 공식 혜택 근거 없음","보류: 최신 공식 혜택 근거 없음","0","0","아니오"
"71","카페공간","경기도","과천시","경기도 과천시과천대로7길20150호B층 (갈현동, 스마트케이)","","이용 가능","위치 확인 필요","지도 핀 미표시 · 주소 직접 확인","최신 공식 혜택 근거 없음","보류: 최신 공식 혜택 근거 없음","0","0","아니오"
"72","구이대장쪽갈비 광명역점","경기도","광명시","경기도 광명시오리로169(일직동, 1층 구이대장쪽갈비 광명역점)","","이용 가능","위치 확인 필요","지도 핀 미표시 · 주소 직접 확인","최신 공식 혜택 근거 없음","보류: 최신 공식 혜택 근거 없음","0","0","아니오"
"73","만복국수(철산점)","경기도","광명시","경기도 광명시철산로30번길9(철산동, 프라자빌딩 2층)","","이용 가능","위치 확인 필요","지도 핀 미표시 · 주소 직접 확인","최신 공식 혜택 근거 없음","보류: 최신 공식 혜택 근거 없음","0","0","아니오"
"88","준하헤어","경기도","군포시","경기도 군포시대야1로8102호(대야미동)","","이용 가능","위치 확인 필요","지도 핀 미표시 · 주소 직접 확인","최신 공식 혜택 근거 없음","보류: 최신 공식 혜택 근거 없음","0","0","아니오"
"89","궁안골","경기도","군포시","경기도 군포시수리산로191- 0(산본동, 해아름빌리지)","","이용 가능","위치 확인 필요","지도 핀 미표시 · 주소 직접 확인","최신 공식 혜택 근거 없음","보류: 최신 공식 혜택 근거 없음","0","0","아니오"
"90","남궁가 족발","경기도","군포시","경기도 군포시대야1로22- 2(대야미동)","","이용 가능","위치 확인 필요","지도 핀 미표시 · 주소 직접 확인","최신 공식 혜택 근거 없음","보류: 최신 공식 혜택 근거 없음","0","0","아니오"
"91","선한 게장","경기도","군포시","경기도 군포시산본로431번안길3- 7(산본동)","","이용 가능","위치 확인 필요","지도 핀 미표시 · 주소 직접 확인","최신 공식 혜택 근거 없음","보류: 최신 공식 혜택 근거 없음","0","0","아니오"
"92","천하수산","경기도","군포시","경기도 군포시대야1로15- 3(대야미동)","","이용 가능","위치 확인 필요","지도 핀 미표시 · 주소 직접 확인","최신 공식 혜택 근거 없음","보류: 최신 공식 혜택 근거 없음","0","0","아니오"
"93","구름상상(산본점)","경기도","군포시","경기도 군포시산본천로199- 5(산본동)","","이용 가능","위치 확인 필요","지도 핀 미표시 · 주소 직접 확인","최신 공식 혜택 근거 없음","보류: 최신 공식 혜택 근거 없음","0","0","아니오"
"94","문이네 카페","경기도","군포시","경기도 군포시수리산로203번안길40103,104호(산본동)","","이용 가능","위치 확인 필요","지도 핀 미표시 · 주소 직접 확인","최신 공식 혜택 근거 없음","보류: 최신 공식 혜택 근거 없음","0","0","아니오"
"95","야미커피","경기도","군포시","경기도 군포시대야1로6번길22- 2103호(대야미동)","","이용 가능","위치 확인 필요","지도 핀 미표시 · 주소 직접 확인","최신 공식 혜택 근거 없음","보류: 최신 공식 혜택 근거 없음","0","0","아니오"
"96","카카오가든","경기도","군포시","경기도 군포시대야1로192층 (대야미동)","","이용 가능","위치 확인 필요","지도 핀 미표시 · 주소 직접 확인","최신 공식 혜택 근거 없음","보류: 최신 공식 혜택 근거 없음","0","0","아니오"
"109","이승옥 냉 돈돼지","경기도","파주시","파주시 평화로 8 (금촌동)","경기도 파주시 금촌동 946-20","이용 가능","위치 확인 필요","지도 핀 미표시 · 주소 직접 확인","최신 공식 혜택 근거 없음","보류: 최신 공식 혜택 근거 없음","0","1","아니오"
"117","수민헤어","경기도","김포시","경기도 김포시통진읍조강로98(통진읍서암리, 1층)","","이용 가능","위치 확인 필요","지도 핀 미표시 · 주소 직접 확인","최신 공식 혜택 근거 없음","보류: 최신 공식 혜택 근거 없음","0","0","아니오"
"121","까미헤어","경기도","동두천시","경기도 동두천시 평화로2261번길 52(지행동)","","이용 가능","위치 확인 필요","지도 핀 미표시 · 주소 직접 확인","최신 공식 혜택 근거 없음","보류: 최신 공식 혜택 근거 없음","0","1","아니오"
"128","샤론의꽃 미용아카데미","경기도","동두천시","경기도 동두천시 중앙로7번길 15(송내동)","","이용 가능","위치 확인 필요","지도 핀 미표시 · 주소 직접 확인","최신 공식 혜택 근거 없음","보류: 최신 공식 혜택 근거 없음","0","1","아니오"
"129","세아떼바버샵","경기도","동두천시","경기도 동두천시 이담로89, 상가동 106호(지행동)","","이용 가능","위치 확인 필요","지도 핀 미표시 · 주소 직접 확인","최신 공식 혜택 근거 없음","보류: 최신 공식 혜택 근거 없음","0","1","아니오"
"137","잔디이발관","경기도","동두천시","경기도 동두천시 중앙로369(보산동)","","이용 가능","위치 확인 필요","지도 핀 미표시 · 주소 직접 확인","최신 공식 혜택 근거 없음","보류: 최신 공식 혜택 근거 없음","0","1","아니오"
"139","정헤어샾","경기도","동두천시","경기도 동두천시 동광로83-1(생연동)","","이용 가능","위치 확인 필요","지도 핀 미표시 · 주소 직접 확인","최신 공식 혜택 근거 없음","보류: 최신 공식 혜택 근거 없음","0","1","아니오"
"140","제이제이 남성컷트전문","경기도","동두천시","경기도 동두천시 평화로2530번길 30(보산동)","","이용 가능","위치 확인 필요","지도 핀 미표시 · 주소 직접 확인","최신 공식 혜택 근거 없음","보류: 최신 공식 혜택 근거 없음","0","1","아니오"
"141","젠틀맨","경기도","동두천시","경기도 동두천시 중앙로362번길 8(생연동)","","이용 가능","위치 확인 필요","지도 핀 미표시 · 주소 직접 확인","최신 공식 혜택 근거 없음","보류: 최신 공식 혜택 근거 없음","0","1","아니오"
"143","최재실 원헤어","경기도","동두천시","경기도 동두천시 평화로2397번길 17, 2층(생연동)","","이용 가능","위치 확인 필요","지도 핀 미표시 · 주소 직접 확인","최신 공식 혜택 근거 없음","보류: 최신 공식 혜택 근거 없음","0","1","아니오"
"144","추은옥머리쟁이","경기도","동두천시","경기도 동두천시 행선로102(생연동)","","이용 가능","위치 확인 필요","지도 핀 미표시 · 주소 직접 확인","최신 공식 혜택 근거 없음","보류: 최신 공식 혜택 근거 없음","0","1","아니오"
"145","쿨헤어샵","경기도","동두천시","경기도 동두천시 중앙로311(생연동)","","이용 가능","위치 확인 필요","지도 핀 미표시 · 주소 직접 확인","최신 공식 혜택 근거 없음","보류: 최신 공식 혜택 근거 없음","0","1","아니오"
"146","하니머리나라","경기도","동두천시","경기도 동두천시 삼육사로1002번길 97(지행동)","","이용 가능","위치 확인 필요","지도 핀 미표시 · 주소 직접 확인","최신 공식 혜택 근거 없음","보류: 최신 공식 혜택 근거 없음","0","1","아니오"
"147","헤어고","경기도","동두천시","경기도 동두천시 중앙로230-1, 1층(생연동)","","이용 가능","위치 확인 필요","지도 핀 미표시 · 주소 직접 확인","최신 공식 혜택 근거 없음","보류: 최신 공식 혜택 근거 없음","0","1","아니오"
"149","헤어뱅크","경기도","동두천시","경기도 동두천시 중앙로297, 1층 104호(생연동)","","이용 가능","위치 확인 필요","지도 핀 미표시 · 주소 직접 확인","최신 공식 혜택 근거 없음","보류: 최신 공식 혜택 근거 없음","0","1","아니오"
"150","헤어카페","경기도","동두천시","경기도 동두천시 행선로110번길 9, 상가동 102호(생연동)","","이용 가능","위치 확인 필요","지도 핀 미표시 · 주소 직접 확인","최신 공식 혜택 근거 없음","보류: 최신 공식 혜택 근거 없음","0","1","아니오"
"153","강스시","경기도","동두천시","경기도 동두천시 어수로83번길 38, 1층(생연동)","","이용 가능","위치 확인 필요","지도 핀 미표시 · 주소 직접 확인","최신 공식 혜택 근거 없음","보류: 최신 공식 혜택 근거 없음","0","1","아니오"
"158","깐부치킨 동두천지행역점","경기도","동두천시","경기도 동두천시 중앙로134-20, 1층(지행동)","","이용 가능","위치 확인 필요","지도 핀 미표시 · 주소 직접 확인","최신 공식 혜택 근거 없음","보류: 최신 공식 혜택 근거 없음","0","1","아니오"
"165","소요산명품한우식당","경기도","동두천시","경기도 동두천시 평화로2910번길 1(상봉암동)","","이용 가능","위치 확인 필요","지도 핀 미표시 · 주소 직접 확인","최신 공식 혜택 근거 없음","보류: 최신 공식 혜택 근거 없음","0","1","아니오"
"166","슈퍼크리스피 동두천지행점","경기도","동두천시","경기도 동두천시 중앙로132, 105호(지행동)","","이용 가능","위치 확인 필요","지도 핀 미표시 · 주소 직접 확인","최신 공식 혜택 근거 없음","보류: 최신 공식 혜택 근거 없음","0","1","아니오"
"167","쌍둥이족발","경기도","동두천시","경기도 동두천시 생연로122, 1층(생연동)","","이용 가능","위치 확인 필요","지도 핀 미표시 · 주소 직접 확인","최신 공식 혜택 근거 없음","보류: 최신 공식 혜택 근거 없음","0","1","아니오"
"168","압구정 화로구이","경기도","동두천시","경기도 동두천시 지행로52, 108~110호(지행동)","","이용 가능","위치 확인 필요","지도 핀 미표시 · 주소 직접 확인","최신 공식 혜택 근거 없음","보류: 최신 공식 혜택 근거 없음","0","1","아니오"
"169","어멍생고기","경기도","동두천시","경기도 동두천시 동두천로119, 1층(지행동)","","이용 가능","위치 확인 필요","지도 핀 미표시 · 주소 직접 확인","최신 공식 혜택 근거 없음","보류: 최신 공식 혜택 근거 없음","0","1","아니오"
"173","육꼬집","경기도","동두천시","경기도 동두천시 중앙로110-9, 106~108호(지행동)","","이용 가능","위치 확인 필요","지도 핀 미표시 · 주소 직접 확인","최신 공식 혜택 근거 없음","보류: 최신 공식 혜택 근거 없음","0","1","아니오"
"179","초코파이","경기도","동두천시","경기도 동두천시 큰시장로 42(생연동)","","이용 가능","위치 확인 필요","지도 핀 미표시 · 주소 직접 확인","최신 공식 혜택 근거 없음","보류: 최신 공식 혜택 근거 없음","0","1","아니오"
"183","팔각도 동두천지행점","경기도","동두천시","경기도 동두천시 중앙로116, 1층(지행동)","","이용 가능","위치 확인 필요","지도 핀 미표시 · 주소 직접 확인","최신 공식 혜택 근거 없음","보류: 최신 공식 혜택 근거 없음","0","1","아니오"
"184","페리카나역전점","경기도","동두천시","경기도 동두천시 생연로120(생연동)","","이용 가능","위치 확인 필요","지도 핀 미표시 · 주소 직접 확인","최신 공식 혜택 근거 없음","보류: 최신 공식 혜택 근거 없음","0","1","아니오"
"185","페리카나 터미널점","경기도","동두천시","경기도 동두천시 중앙로265번길 15(생연동)","","이용 가능","위치 확인 필요","지도 핀 미표시 · 주소 직접 확인","최신 공식 혜택 근거 없음","보류: 최신 공식 혜택 근거 없음","0","1","아니오"
"189","뿌리깊은나무","경기도","동두천시","경기도 동두천시 안흥로78, 3·4동(안흥동)","","이용 가능","위치 확인 필요","지도 핀 미표시 · 주소 직접 확인","최신 공식 혜택 근거 없음","보류: 최신 공식 혜택 근거 없음","0","1","아니오"
"211","별하(BYULHA)","경기도","파주시","파주시 문산읍 방촌로 1744 (파주힐스테이트1차) 에이상가동 지하1층 104호","경기도 파주시 문산읍 당동리 935","이용 가능","위치 확인 필요","지도 핀 미표시 · 주소 직접 확인","최신 공식 혜택 근거 없음","보류: 최신 공식 혜택 근거 없음","0","1","아니오"
"216","숯불에닭 문산점","경기도","파주시","파주시 문산읍 문산로40번길 41 상가 118호, 119호","경기도 파주시 문산읍 문산리 37-3","이용 가능","위치 확인 필요","지도 핀 미표시 · 주소 직접 확인","최신 공식 혜택 근거 없음","보류: 최신 공식 혜택 근거 없음","0","1","아니오"
"230","더벅머리","경기도","파주시","파주시 법원읍 사임당로 864 1층","경기도 파주시 법원읍 법원리 435-17","이용 가능","위치 확인 필요","지도 핀 미표시 · 주소 직접 확인","최신 공식 혜택 근거 없음","보류: 최신 공식 혜택 근거 없음","0","1","아니오"
"236","이혜숙헤어","경기도","파주시","파주시 법원읍 사임당로 839 1층","경기도 파주시 법원읍 대능리 87-20","이용 가능","위치 확인 필요","지도 핀 미표시 · 주소 직접 확인","최신 공식 혜택 근거 없음","보류: 최신 공식 혜택 근거 없음","0","1","아니오"
"254","장단콩콩사임당두부 3호점","경기도","파주시","파주시 법원읍 애룡길 179-6 1층","경기도 파주시 법원읍 삼방리 515-5","이용 가능","위치 확인 필요","지도 핀 미표시 · 주소 직접 확인","최신 공식 혜택 근거 없음","보류: 최신 공식 혜택 근거 없음","0","1","아니오"
"262","7042 카페","경기도","파주시","파주시 법원읍 사임당로770번길 27 1층","경기도 파주시 법원읍 가야리 380-26","이용 가능","위치 확인 필요","지도 핀 미표시 · 주소 직접 확인","최신 공식 혜택 근거 없음","보류: 최신 공식 혜택 근거 없음","0","1","아니오"
"264","커피먹고가세","경기도","파주시","파주시 법원읍 애룡길 179-11 1층","경기도 파주시 법원읍 삼방리 515-22","이용 가능","위치 확인 필요","지도 핀 미표시 · 주소 직접 확인","최신 공식 혜택 근거 없음","보류: 최신 공식 혜택 근거 없음","0","1","아니오"
"266","맨즈헤어","경기도","부천시","경기도 부천시 원미구중동로248번길86106호(중동, 현해탑프라자)","","이용 가능","위치 확인 필요","지도 핀 미표시 · 주소 직접 확인","최신 공식 혜택 근거 없음","보류: 최신 공식 혜택 근거 없음","0","0","아니오"
"267","쁘띠뜨메종","경기도","부천시","경기도 부천시 원미구상동로84206호(상동, 영플러스)","","이용 가능","위치 확인 필요","지도 핀 미표시 · 주소 직접 확인","최신 공식 혜택 근거 없음","보류: 최신 공식 혜택 근거 없음","0","0","아니오"
"268","59쌀피자 (송내남부점)","경기도","부천시","경기도 부천시 소사구송내대로42번길58(송내동)","","이용 가능","위치 확인 필요","지도 핀 미표시 · 주소 직접 확인","최신 공식 혜택 근거 없음","보류: 최신 공식 혜택 근거 없음","0","0","아니오"
"269","경복궁누룽지백숙","경기도","부천시","경기도 부천시 원미구신흥로170- 1(중동)","","이용 가능","위치 확인 필요","지도 핀 미표시 · 주소 직접 확인","최신 공식 혜택 근거 없음","보류: 최신 공식 혜택 근거 없음","0","0","아니오"
"270","눈높은 돼지","경기도","부천시","경기도 부천시 소사구송내대로42번길161층 (송내동, 성민빌딩)","","이용 가능","위치 확인 필요","지도 핀 미표시 · 주소 직접 확인","최신 공식 혜택 근거 없음","보류: 최신 공식 혜택 근거 없음","0","0","아니오"
"271","솔안골먹장어(송내본점)","경기도","부천시","경기도 부천시 소사구송내대로29(송내동)","","이용 가능","위치 확인 필요","지도 핀 미표시 · 주소 직접 확인","최신 공식 혜택 근거 없음","보류: 최신 공식 혜택 근거 없음","0","0","아니오"
"272","송내팔방상회","경기도","부천시","경기도 부천시 소사구송내대로42(송내동)","","이용 가능","위치 확인 필요","지도 핀 미표시 · 주소 직접 확인","최신 공식 혜택 근거 없음","보류: 최신 공식 혜택 근거 없음","0","0","아니오"
"273","신천차이나","경기도","부천시","경기도 부천시 원미구송내대로265번길73- 46201호(상동)","","이용 가능","위치 확인 필요","지도 핀 미표시 · 주소 직접 확인","최신 공식 혜택 근거 없음","보류: 최신 공식 혜택 근거 없음","0","0","아니오"
"274","엉터리분식","경기도","부천시","경기도 부천시 원미구부일로445- 45(심곡동)","","이용 가능","위치 확인 필요","지도 핀 미표시 · 주소 직접 확인","최신 공식 혜택 근거 없음","보류: 최신 공식 혜택 근거 없음","0","0","아니오"
"275","육회바른연어 부천상동역점","경기도","부천시","경기도 부천시 원미구상동로69(상동, 새롬프라자 1층 105호)","","이용 가능","위치 확인 필요","지도 핀 미표시 · 주소 직접 확인","최신 공식 혜택 근거 없음","보류: 최신 공식 혜택 근거 없음","0","0","아니오"
"276","준스이","경기도","부천시","경기도 부천시 원미구상동로69(상동, 새롬프라자 15차 101호)","","이용 가능","위치 확인 필요","지도 핀 미표시 · 주소 직접 확인","최신 공식 혜택 근거 없음","보류: 최신 공식 혜택 근거 없음","0","0","아니오"
"277","키키포차","경기도","부천시","경기도 부천시 소사구양지로171번길38(옥길동)","","이용 가능","위치 확인 필요","지도 핀 미표시 · 주소 직접 확인","최신 공식 혜택 근거 없음","보류: 최신 공식 혜택 근거 없음","0","0","아니오"
"278","통양갈비","경기도","부천시","경기도 부천시 소사구송내대로28(송내동, 106호)","","이용 가능","위치 확인 필요","지도 핀 미표시 · 주소 직접 확인","최신 공식 혜택 근거 없음","보류: 최신 공식 혜택 근거 없음","0","0","아니오"
"279","청정여수동갈매기살","경기도","성남시","경기도 성남시 분당구장미로100번길222층 (야탑동)","","이용 가능","위치 확인 필요","지도 핀 미표시 · 주소 직접 확인","최신 공식 혜택 근거 없음","보류: 최신 공식 혜택 근거 없음","0","0","아니오"
"280","고려이발관","경기도","수원시","경기도 수원시 팔달구 팔달로 135, 1층 (화서동)","","이용 가능","위치 확인 필요","지도 핀 미표시 · 주소 직접 확인","최신 공식 혜택 근거 없음","보류: 최신 공식 혜택 근거 없음","0","0","아니오"
"281","대성이발관","경기도","수원시","경기도 수원시 팔달구 인계로68번길 52, 창조의집 (인계동)","","이용 가능","위치 확인 필요","지도 핀 미표시 · 주소 직접 확인","최신 공식 혜택 근거 없음","보류: 최신 공식 혜택 근거 없음","0","0","아니오"
"282","로이스바버샵&로이스SMP 수원성대점","경기도","수원시","경기도 수원시 장안구 서부로2181번길 55, 3층 일부호 (율전동)","","이용 가능","위치 확인 필요","지도 핀 미표시 · 주소 직접 확인","최신 공식 혜택 근거 없음","보류: 최신 공식 혜택 근거 없음","0","0","아니오"
"283","베스트헤어","경기도","수원시","경기도 수원시 장안구정자로42번길52203호(천천동, 베스트상가)","","이용 가능","위치 확인 필요","지도 핀 미표시 · 주소 직접 확인","최신 공식 혜택 근거 없음","보류: 최신 공식 혜택 근거 없음","0","0","아니오"
"284","부흥이발관","경기도","수원시","경기도 수원시 영통구 동수원로514번길 59 (매탄동)","","이용 가능","위치 확인 필요","지도 핀 미표시 · 주소 직접 확인","최신 공식 혜택 근거 없음","보류: 최신 공식 혜택 근거 없음","0","0","아니오"
"285","새현이용원","경기도","수원시","경기도 수원시 권선구 세권로43번길 26-6 (세류동, 세류종합상가 117호)","","이용 가능","위치 확인 필요","지도 핀 미표시 · 주소 직접 확인","최신 공식 혜택 근거 없음","보류: 최신 공식 혜택 근거 없음","0","0","아니오"
"286","세동이발관","경기도","수원시","경기도 수원시 권선구 세권로 66 (세류동)","","이용 가능","위치 확인 필요","지도 핀 미표시 · 주소 직접 확인","최신 공식 혜택 근거 없음","보류: 최신 공식 혜택 근거 없음","0","0","아니오"
"287","시저스맨","경기도","수원시","경기도 수원시 영통구 매탄로140번길 54-18 (매탄동)","","이용 가능","위치 확인 필요","지도 핀 미표시 · 주소 직접 확인","최신 공식 혜택 근거 없음","보류: 최신 공식 혜택 근거 없음","0","0","아니오"
"288","아름다운사람들 헤어","경기도","수원시","경기도 수원시 장안구송정로83134호(송죽동, 로얄팰리스상가)","","이용 가능","위치 확인 필요","지도 핀 미표시 · 주소 직접 확인","최신 공식 혜택 근거 없음","보류: 최신 공식 혜택 근거 없음","0","0","아니오"
"289","아엠헤드","경기도","수원시","경기도 수원시 장안구서부로2207번길18(율전동)","","이용 가능","위치 확인 필요","지도 핀 미표시 · 주소 직접 확인","최신 공식 혜택 근거 없음","보류: 최신 공식 혜택 근거 없음","0","0","아니오"
"290","아임남자머리","경기도","수원시","경기도 수원시 팔달구 팔달문로175번길 7, 1층 (우만동)","","이용 가능","위치 확인 필요","지도 핀 미표시 · 주소 직접 확인","최신 공식 혜택 근거 없음","보류: 최신 공식 혜택 근거 없음","0","0","아니오"
"291","안양승이용원","경기도","수원시","경기도 수원시 영통구 영통로 323, 3층 (매탄동)","","이용 가능","위치 확인 필요","지도 핀 미표시 · 주소 직접 확인","최신 공식 혜택 근거 없음","보류: 최신 공식 혜택 근거 없음","0","0","아니오"
"292","양성현 헤어아트","경기도","수원시","경기도 수원시 권선구 권광로91번길 55, 오가기린 302호 (권선동)","","이용 가능","위치 확인 필요","지도 핀 미표시 · 주소 직접 확인","최신 공식 혜택 근거 없음","보류: 최신 공식 혜택 근거 없음","0","0","아니오"
"293","엘지이용원","경기도","수원시","경기도 수원시 장안구 파장로68번길 46 (파장동)","","이용 가능","위치 확인 필요","지도 핀 미표시 · 주소 직접 확인","최신 공식 혜택 근거 없음","보류: 최신 공식 혜택 근거 없음","0","0","아니오"
"294","영길이용원","경기도","수원시","경기도 수원시 권선구 고현로5번길 25 (고색동, 거산아파트 상가 113호)","","이용 가능","위치 확인 필요","지도 핀 미표시 · 주소 직접 확인","최신 공식 혜택 근거 없음","보류: 최신 공식 혜택 근거 없음","0","0","아니오"
"295","우리이용원","경기도","수원시","경기도 수원시 장안구 장안로103번길 5 (정자동)","","이용 가능","위치 확인 필요","지도 핀 미표시 · 주소 직접 확인","최신 공식 혜택 근거 없음","보류: 최신 공식 혜택 근거 없음","0","0","아니오"
"296","원천이발관","경기도","수원시","경기도 수원시 영통구 매영로 141, 원천훼밀리타운 2층 202호 (원천동)","","이용 가능","위치 확인 필요","지도 핀 미표시 · 주소 직접 확인","최신 공식 혜택 근거 없음","보류: 최신 공식 혜택 근거 없음","0","0","아니오"
"297","조만억헤어마당","경기도","수원시","경기도 수원시 장안구 송정로177번길 4 (조원동)","","이용 가능","위치 확인 필요","지도 핀 미표시 · 주소 직접 확인","최신 공식 혜택 근거 없음","보류: 최신 공식 혜택 근거 없음","0","0","아니오"
"298","좋은헤어","경기도","수원시","경기도 수원시 권선구 경수대로235번길 56, 1층 (세류동)","","이용 가능","위치 확인 필요","지도 핀 미표시 · 주소 직접 확인","최신 공식 혜택 근거 없음","보류: 최신 공식 혜택 근거 없음","0","0","아니오"
"299","파크이발","경기도","수원시","경기도 수원시 장안구 정자천로189번길 47, 1층 108호 (정자동, 연꽃마을 풍림아파트)","","이용 가능","위치 확인 필요","지도 핀 미표시 · 주소 직접 확인","최신 공식 혜택 근거 없음","보류: 최신 공식 혜택 근거 없음","0","0","아니오"
"300","할리바버샵","경기도","수원시","경기도 수원시 권선구 금곡로 236, 홈플러스 3층 (금곡동)","","이용 가능","위치 확인 필요","지도 핀 미표시 · 주소 직접 확인","최신 공식 혜택 근거 없음","보류: 최신 공식 혜택 근거 없음","0","0","아니오"
"301","버거스테이지","경기도","수원시","경기도 수원시 팔달구신풍로23번길63- 21층 (신풍동)","","이용 가능","위치 확인 필요","지도 핀 미표시 · 주소 직접 확인","최신 공식 혜택 근거 없음","보류: 최신 공식 혜택 근거 없음","0","0","아니오"
"302","세컨디포레스트행궁점","경기도","수원시","경기도 수원시 팔달구화서문로46번길121층 (신풍동)","","이용 가능","위치 확인 필요","지도 핀 미표시 · 주소 직접 확인","최신 공식 혜택 근거 없음","보류: 최신 공식 혜택 근거 없음","0","0","아니오"
"303","태리주택(행궁 본점)","경기도","수원시","경기도 수원시 팔달구화서문로31번길8- 12(장안동)","","이용 가능","위치 확인 필요","지도 핀 미표시 · 주소 직접 확인","최신 공식 혜택 근거 없음","보류: 최신 공식 혜택 근거 없음","0","0","아니오"
"304","한제소곱창전골 수원금곡점","경기도","수원시","경기도 수원시 권선구금곡로197번길18- 23(금곡동, 108호, 109호)","","이용 가능","위치 확인 필요","지도 핀 미표시 · 주소 직접 확인","최신 공식 혜택 근거 없음","보류: 최신 공식 혜택 근거 없음","0","0","아니오"
"305","91커피 행궁점","경기도","수원시","경기도 수원시 팔달구행궁로26번길4(남창동)","","이용 가능","위치 확인 필요","지도 핀 미표시 · 주소 직접 확인","최신 공식 혜택 근거 없음","보류: 최신 공식 혜택 근거 없음","0","0","아니오"
"306","버터앤츄","경기도","수원시","경기도 수원시 팔달구화서문로45번길91층 (장안동)","","이용 가능","위치 확인 필요","지도 핀 미표시 · 주소 직접 확인","최신 공식 혜택 근거 없음","보류: 최신 공식 혜택 근거 없음","0","0","아니오"
"307","빛오름","경기도","수원시","경기도 수원시 팔달구고화로1171층 (화서동)","","이용 가능","위치 확인 필요","지도 핀 미표시 · 주소 직접 확인","최신 공식 혜택 근거 없음","보류: 최신 공식 혜택 근거 없음","0","0","아니오"
"308","스컬스바버샵","경기도","시흥시","경기도 시흥시 서울대학로264번길 12, 208동 1층 B-112호","","확인 필요","확인 완료","좌표 마커 표시","최신 공식 혜택 근거 없음","보류: 최신 공식 혜택 근거 없음","1","0","아니오"
"309","팔팔순대(배곧직영점)","경기도","시흥시","경기도 시흥시서울대학로59- 49(배곧동, 건영테크노밸리 118호)","","이용 가능","위치 확인 필요","지도 핀 미표시 · 주소 직접 확인","최신 공식 혜택 근거 없음","보류: 최신 공식 혜택 근거 없음","0","0","아니오"
"310","한제소곱창전골 목감점","경기도","시흥시","경기도 시흥시산현마을길33- 21층 (산현동)","","이용 가능","위치 확인 필요","지도 핀 미표시 · 주소 직접 확인","최신 공식 혜택 근거 없음","보류: 최신 공식 혜택 근거 없음","0","0","아니오"
"311","색시국밥 한대점","경기도","안산시","경기도 안산시 상록구성안2길23(사동, 1층)","","이용 가능","위치 확인 필요","지도 핀 미표시 · 주소 직접 확인","최신 공식 혜택 근거 없음","보류: 최신 공식 혜택 근거 없음","0","0","아니오"
"312","캠핑이너스(주)","경기도","안성시","경기도 안성시원곡면오동길34(원곡면내가천리)","","이용 가능","위치 확인 필요","지도 핀 미표시 · 주소 직접 확인","최신 공식 혜택 근거 없음","보류: 최신 공식 혜택 근거 없음","0","0","아니오"
"313","금양남성헤어","경기도","안양시","경기도 안양시 동안구인덕원로14- 1(관양동)","","이용 가능","위치 확인 필요","지도 핀 미표시 · 주소 직접 확인","최신 공식 혜택 근거 없음","보류: 최신 공식 혜택 근거 없음","0","0","아니오"
"314","뜨란헤어","경기도","안양시","경기도 안양시 동안구경수대로980(비산동)","","이용 가능","위치 확인 필요","지도 핀 미표시 · 주소 직접 확인","최신 공식 혜택 근거 없음","보류: 최신 공식 혜택 근거 없음","0","0","아니오"
"315","머리쟁이","경기도","안양시","경기도 안양시 동안구관악대로106번길77- 0(비산동)","","이용 가능","위치 확인 필요","지도 핀 미표시 · 주소 직접 확인","최신 공식 혜택 근거 없음","보류: 최신 공식 혜택 근거 없음","0","0","아니오"
"316","청주이발소","경기도","안양시","경기도 안양시 동안구관평로138번길53상가동동203호(평촌동, 초원부영아파트)","","이용 가능","위치 확인 필요","지도 핀 미표시 · 주소 직접 확인","최신 공식 혜택 근거 없음","보류: 최신 공식 혜택 근거 없음","0","0","아니오"
"317","펜스바버샵","경기도","안양시","경기도 안양시 동안구시민대로230(관양동)","","이용 가능","위치 확인 필요","지도 핀 미표시 · 주소 직접 확인","최신 공식 혜택 근거 없음","보류: 최신 공식 혜택 근거 없음","0","0","아니오"
"318","효재헤어","경기도","안양시","경기도 안양시 동안구관양로247- 9(관양동)","","이용 가능","위치 확인 필요","지도 핀 미표시 · 주소 직접 확인","최신 공식 혜택 근거 없음","보류: 최신 공식 혜택 근거 없음","0","0","아니오"
"319","구운몽","경기도","안양시","경기도 안양시 동안구시민대로167105동1호(비산동, 안양벤처텔)","","이용 가능","위치 확인 필요","지도 핀 미표시 · 주소 직접 확인","최신 공식 혜택 근거 없음","보류: 최신 공식 혜택 근거 없음","0","0","아니오"
"320","국민낙곱새(안양점)","경기도","안양시","경기도 안양시 만안구안양로257- 271층 (안양동)","","이용 가능","위치 확인 필요","지도 핀 미표시 · 주소 직접 확인","최신 공식 혜택 근거 없음","보류: 최신 공식 혜택 근거 없음","0","0","아니오"
"321","국민낙곱새(평촌점)","경기도","안양시","경기도 안양시 동안구흥안대로457- 27(관양동)","","이용 가능","위치 확인 필요","지도 핀 미표시 · 주소 직접 확인","최신 공식 혜택 근거 없음","보류: 최신 공식 혜택 근거 없음","0","0","아니오"
"322","성신양꼬치","경기도","안양시","경기도 안양시 동안구흥안대로493- 161층 (관양동)","","이용 가능","위치 확인 필요","지도 핀 미표시 · 주소 직접 확인","최신 공식 혜택 근거 없음","보류: 최신 공식 혜택 근거 없음","0","0","아니오"
"323","옥천냉면","경기도","안양시","경기도 안양시 동안구관악대로374번길9- 211층 (관양동)","","이용 가능","위치 확인 필요","지도 핀 미표시 · 주소 직접 확인","최신 공식 혜택 근거 없음","보류: 최신 공식 혜택 근거 없음","0","0","아니오"
"324","외할머니소머리국밥","경기도","안양시","경기도 안양시 동안구안양판교로14- 1(관양동)","","이용 가능","위치 확인 필요","지도 핀 미표시 · 주소 직접 확인","최신 공식 혜택 근거 없음","보류: 최신 공식 혜택 근거 없음","0","0","아니오"
"325","이엔(주)양파백세탕","경기도","안양시","경기도 안양시 동안구동편로20번길16109호(관양동, 신안시티)","","이용 가능","위치 확인 필요","지도 핀 미표시 · 주소 직접 확인","최신 공식 혜택 근거 없음","보류: 최신 공식 혜택 근거 없음","0","0","아니오"
"326","한제소곱창전골 안양일번가점","경기도","안양시","경기도 안양시 만안구장내로139- 01층 (안양동)","","이용 가능","위치 확인 필요","지도 핀 미표시 · 주소 직접 확인","최신 공식 혜택 근거 없음","보류: 최신 공식 혜택 근거 없음","0","0","아니오"
"327","황기순손칼국수&왕돈까스","경기도","안양시","경기도 안양시 동안구인덕원로13(관양동)","","이용 가능","위치 확인 필요","지도 핀 미표시 · 주소 직접 확인","최신 공식 혜택 근거 없음","보류: 최신 공식 혜택 근거 없음","0","0","아니오"
"328","레스트앤드","경기도","안양시","경기도 안양시 동안구평촌대로419- 7(비산동)","","이용 가능","위치 확인 필요","지도 핀 미표시 · 주소 직접 확인","최신 공식 혜택 근거 없음","보류: 최신 공식 혜택 근거 없음","0","0","아니오"
"329","안다미로","경기도","안양시","경기도 안양시 동안구평촌대로440(비산동)","","이용 가능","위치 확인 필요","지도 핀 미표시 · 주소 직접 확인","최신 공식 혜택 근거 없음","보류: 최신 공식 혜택 근거 없음","0","0","아니오"
"330","오로라케이크&쿠키","경기도","안양시","경기도 안양시 동안구동편로1461층 (관양동)","","이용 가능","위치 확인 필요","지도 핀 미표시 · 주소 직접 확인","최신 공식 혜택 근거 없음","보류: 최신 공식 혜택 근거 없음","0","0","아니오"
"331","카페 두둥실","경기도","안양시","경기도 안양시 동안구시민대로187102호(비산동, 안양건설타워)","","이용 가능","위치 확인 필요","지도 핀 미표시 · 주소 직접 확인","최신 공식 혜택 근거 없음","보류: 최신 공식 혜택 근거 없음","0","0","아니오"
"332","카페카린","경기도","안양시","경기도 안양시 동안구관악대로2721층 (비산동)","","이용 가능","위치 확인 필요","지도 핀 미표시 · 주소 직접 확인","최신 공식 혜택 근거 없음","보류: 최신 공식 혜택 근거 없음","0","0","아니오"
"333","켄커피","경기도","안양시","경기도 안양시 만안구안양로110105호1층 (안양동)","","이용 가능","위치 확인 필요","지도 핀 미표시 · 주소 직접 확인","최신 공식 혜택 근거 없음","보류: 최신 공식 혜택 근거 없음","0","0","아니오"
"334","켄커피(본점)","경기도","안양시","경기도 안양시 만안구예술공원로164- 1(안양동)","","이용 가능","위치 확인 필요","지도 핀 미표시 · 주소 직접 확인","최신 공식 혜택 근거 없음","보류: 최신 공식 혜택 근거 없음","0","0","아니오"
"335","콩고커피","경기도","안양시","경기도 안양시 동안구관평로182- 171층 (관양동)","","이용 가능","위치 확인 필요","지도 핀 미표시 · 주소 직접 확인","최신 공식 혜택 근거 없음","보류: 최신 공식 혜택 근거 없음","0","0","아니오"
"336","페이보릿커피","경기도","안양시","경기도 안양시 만안구안양천서로177상가1동36호2층 (안양동)","","이용 가능","위치 확인 필요","지도 핀 미표시 · 주소 직접 확인","최신 공식 혜택 근거 없음","보류: 최신 공식 혜택 근거 없음","0","0","아니오"
"338","거석골","경기도","양주시","경기도 양주시 백석읍 기산로 503","","이용 가능","위치 확인 필요","지도 핀 미표시 · 주소 직접 확인","최신 공식 혜택 근거 없음","보류: 최신 공식 혜택 근거 없음","0","1","아니오"
"343","김삿갓토종순대국","경기도","양주시","경기도 양주시 평화로 1556","","이용 가능","위치 확인 필요","지도 핀 미표시 · 주소 직접 확인","최신 공식 혜택 근거 없음","보류: 최신 공식 혜택 근거 없음","0","1","아니오"
"347","둘째마당바위","경기도","양주시","경기도 양주시 장흥면 권율로309번길 149","","이용 가능","위치 확인 필요","지도 핀 미표시 · 주소 직접 확인","최신 공식 혜택 근거 없음","보류: 최신 공식 혜택 근거 없음","0","1","아니오"
"361","장어천국","경기도","양주시","경기도 양주시 어하고개로 1, (1층일부, 2층일부)","","이용 가능","위치 확인 필요","지도 핀 미표시 · 주소 직접 확인","최신 공식 혜택 근거 없음","보류: 최신 공식 혜택 근거 없음","0","1","아니오"
"366","최가네양구펀치볼시래기","경기도","양주시","경기도 양주시 백석읍 호명로 51","","이용 가능","위치 확인 필요","지도 핀 미표시 · 주소 직접 확인","최신 공식 혜택 근거 없음","보류: 최신 공식 혜택 근거 없음","0","1","아니오"
"369","도원가든","경기도","연천군","경기도 연천군청산면청신로308(청산면초성리)","","이용 가능","위치 확인 필요","지도 핀 미표시 · 주소 직접 확인","최신 공식 혜택 근거 없음","보류: 최신 공식 혜택 근거 없음","0","0","아니오"
"370","레이트 체크아웃","경기도","연천군","경기도 연천군전곡읍은대성로984층 (전곡읍은대리)","","이용 가능","위치 확인 필요","지도 핀 미표시 · 주소 직접 확인","최신 공식 혜택 근거 없음","보류: 최신 공식 혜택 근거 없음","0","0","아니오"
"371","올리브","경기도","연천군","경기도 연천군청산면청신로336(청산면초성리)","","이용 가능","위치 확인 필요","지도 핀 미표시 · 주소 직접 확인","최신 공식 혜택 근거 없음","보류: 최신 공식 혜택 근거 없음","0","0","아니오"
"372","반하정육회 수지본점","경기도","용인시","경기도 용인시 수지구만현로88120호(상현동)","","이용 가능","위치 확인 필요","지도 핀 미표시 · 주소 직접 확인","최신 공식 혜택 근거 없음","보류: 최신 공식 혜택 근거 없음","0","0","아니오"
"373","푸라닭 용인역북점","경기도","용인시","경기도 용인시 처인구금학로235번길261층 (역북동, 선봉레스텔)","","이용 가능","위치 확인 필요","지도 핀 미표시 · 주소 직접 확인","최신 공식 혜택 근거 없음","보류: 최신 공식 혜택 근거 없음","0","0","아니오"
"375","삼산회관 파주운정가람마을점","경기도","파주시","파주시 가람로51번길 16-30 (와동동) 102호","경기도 파주시 와동동 1567-3","이용 가능","위치 확인 필요","지도 핀 미표시 · 주소 직접 확인","최신 공식 혜택 근거 없음","보류: 최신 공식 혜택 근거 없음","0","1","아니오"
"386","국수사랑","경기도","의왕시","경기도 의왕시계원대학로34106호(내손동, 신우프라자)","","이용 가능","위치 확인 필요","지도 핀 미표시 · 주소 직접 확인","최신 공식 혜택 근거 없음","보류: 최신 공식 혜택 근거 없음","0","0","아니오"
"387","그릭당","경기도","의정부시","경기도 의정부시시민로19번길22- 9(의정부동, 1층)","","이용 가능","위치 확인 필요","지도 핀 미표시 · 주소 직접 확인","최신 공식 혜택 근거 없음","보류: 최신 공식 혜택 근거 없음","0","0","아니오"
"388","꽃담수","경기도","의정부시","경기도 의정부시망월로18- 11107동102호(호원동, 신일타운하우스)","","이용 가능","위치 확인 필요","지도 핀 미표시 · 주소 직접 확인","최신 공식 혜택 근거 없음","보류: 최신 공식 혜택 근거 없음","0","0","아니오"
"389","민스","경기도","의정부시","경기도 의정부시안말로8번길481층 (호원동)","","이용 가능","위치 확인 필요","지도 핀 미표시 · 주소 직접 확인","최신 공식 혜택 근거 없음","보류: 최신 공식 혜택 근거 없음","0","0","아니오"
"390","수진이네","경기도","이천시","경기도 이천시신둔면경충대로3159번길12- 26(신둔면수광리)","","이용 가능","위치 확인 필요","지도 핀 미표시 · 주소 직접 확인","최신 공식 혜택 근거 없음","보류: 최신 공식 혜택 근거 없음","0","0","아니오"
"412","애플트리","경기도","파주시","파주시 적성면 국사로 293","경기도 파주시 적성면 자장리 147-1","이용 가능","위치 확인 필요","지도 핀 미표시 · 주소 직접 확인","최신 공식 혜택 근거 없음","보류: 최신 공식 혜택 근거 없음","0","1","아니오"
"417","파주풀빌라워라밸호스텔","경기도","파주시","파주시 탄현면 엘지로 709","경기도 파주시 탄현면 낙하리 269-1","이용 가능","위치 확인 필요","지도 핀 미표시 · 주소 직접 확인","최신 공식 혜택 근거 없음","보류: 최신 공식 혜택 근거 없음","0","1","아니오"
"440","215카페캠핑장","경기도","파주시","경기도 파주시 탄현면 새오리로 215-91","","확인 필요","위치 확인 필요","지도 핀 미표시 · 주소 직접 확인","최신 공식 혜택 근거 없음","보류: 최신 공식 혜택 근거 없음","0","0","아니오"
"441","카페퀴너스","경기도","파주시","경기도 파주시탄현면새오리로691층 (탄현면성동리, 프로방스힐)","","이용 가능","위치 확인 필요","지도 핀 미표시 · 주소 직접 확인","최신 공식 혜택 근거 없음","보류: 최신 공식 혜택 근거 없음","0","0","아니오"
"445","뚱이네","경기도","파주시","파주시 파주읍 교육길 45-32 나동 102호","경기도 파주시 파주읍 연풍리 415-5","이용 가능","위치 확인 필요","지도 핀 미표시 · 주소 직접 확인","최신 공식 혜택 근거 없음","보류: 최신 공식 혜택 근거 없음","0","1","아니오"
"460","돈앤카우","경기도","포천시","경기도 포천시 소흘읍 송우로 53, 111호","","확인 필요","위치 확인 필요","지도 핀 미표시 · 주소 직접 확인","최신 공식 혜택 근거 없음","보류: 최신 공식 혜택 근거 없음","0","0","아니오"
"461","제부도디앤와이펜션","경기도","화성시","경기도 화성시 만세구서신면해안길114(서신면제부리)","","이용 가능","위치 확인 필요","지도 핀 미표시 · 주소 직접 확인","최신 공식 혜택 근거 없음","보류: 최신 공식 혜택 근거 없음","0","0","아니오"
"462","동타안","경기도","화성시","경기도 화성시 동탄구동탄반송1길231층 (반송동)","","이용 가능","위치 확인 필요","지도 핀 미표시 · 주소 직접 확인","최신 공식 혜택 근거 없음","보류: 최신 공식 혜택 근거 없음","0","0","아니오"
"463","고스트헤어(검단신도시점)","인천광역시","검단구","인천광역시 검단구발산로41205호(원당동, 정석프라자)","","이용 가능","위치 확인 필요","지도 핀 미표시 · 주소 직접 확인","최신 공식 혜택 근거 없음","보류: 최신 공식 혜택 근거 없음","0","0","아니오"
"464","성문한식뷔페","인천광역시","검단구","인천광역시 검단구이음4로42(원당동, 2층 210호~214호)","","이용 가능","위치 확인 필요","지도 핀 미표시 · 주소 직접 확인","최신 공식 혜택 근거 없음","보류: 최신 공식 혜택 근거 없음","0","0","아니오"
"465","모아닭강정","인천광역시","남동구","인천광역시 남동구구월로372번길46(만수동, 1층 101호)","","이용 가능","위치 확인 필요","지도 핀 미표시 · 주소 직접 확인","최신 공식 혜택 근거 없음","보류: 최신 공식 혜택 근거 없음","0","0","아니오"
"466","석바위칼국수","인천광역시","미추홀구","인천광역시 미추홀구경원대로852번길9(주안동)","","이용 가능","위치 확인 필요","지도 핀 미표시 · 주소 직접 확인","최신 공식 혜택 근거 없음","보류: 최신 공식 혜택 근거 없음","0","0","아니오"
"467","수상한 전집","인천광역시","미추홀구","인천광역시 미추홀구인하로254(주안동, 1층)","","이용 가능","위치 확인 필요","지도 핀 미표시 · 주소 직접 확인","최신 공식 혜택 근거 없음","보류: 최신 공식 혜택 근거 없음","0","0","아니오"
"468","순석닭강정","인천광역시","미추홀구","인천광역시 미추홀구용정공원로83번길43,105호(용현동)","","이용 가능","위치 확인 필요","지도 핀 미표시 · 주소 직접 확인","최신 공식 혜택 근거 없음","보류: 최신 공식 혜택 근거 없음","0","0","아니오"
"469","인천GS25(학익대박점)","인천광역시","미추홀구","인천광역시 미추홀구노적산로70(학익동)","","이용 가능","위치 확인 필요","지도 핀 미표시 · 주소 직접 확인","최신 공식 혜택 근거 없음","보류: 최신 공식 혜택 근거 없음","0","0","아니오"
"470","족발야시장(인천용현점)","인천광역시","미추홀구","인천광역시 미추홀구매소홀로69(용현동, 1층)","","이용 가능","위치 확인 필요","지도 핀 미표시 · 주소 직접 확인","최신 공식 혜택 근거 없음","보류: 최신 공식 혜택 근거 없음","0","0","아니오"
"471","까페신기촌","인천광역시","미추홀구","인천광역시 미추홀구인하로247번길1(주안동, 1층 까페신기촌)","","이용 가능","위치 확인 필요","지도 핀 미표시 · 주소 직접 확인","최신 공식 혜택 근거 없음","보류: 최신 공식 혜택 근거 없음","0","0","아니오"
"472","카페 1990","인천광역시","미추홀구","인천광역시 미추홀구노적산로60(학익동)","","이용 가능","위치 확인 필요","지도 핀 미표시 · 주소 직접 확인","최신 공식 혜택 근거 없음","보류: 최신 공식 혜택 근거 없음","0","0","아니오"
"473","커피놀이터","인천광역시","미추홀구","인천광역시 미추홀구한나루로353- 1(학익동, 2층)","","이용 가능","위치 확인 필요","지도 핀 미표시 · 주소 직접 확인","최신 공식 혜택 근거 없음","보류: 최신 공식 혜택 근거 없음","0","0","아니오"
"474","헤어스케치(옥련동)","인천광역시","연수구","인천광역시 연수구능허대로79번길65(옥련동, 현대3차상가 2층)","","이용 가능","위치 확인 필요","지도 핀 미표시 · 주소 직접 확인","최신 공식 혜택 근거 없음","보류: 최신 공식 혜택 근거 없음","0","0","아니오"
"475","계수나무집(한식)","인천광역시","연수구","인천광역시 연수구샘말로44번길13(연수동)","","이용 가능","위치 확인 필요","지도 핀 미표시 · 주소 직접 확인","최신 공식 혜택 근거 없음","보류: 최신 공식 혜택 근거 없음","0","0","아니오"
"476","달쭈꾸미 월미도 본점","인천광역시","제물포구","인천광역시 제물포구월미문화로39(북성동1가)","","이용 가능","위치 확인 필요","지도 핀 미표시 · 주소 직접 확인","최신 공식 혜택 근거 없음","보류: 최신 공식 혜택 근거 없음","0","0","아니오"
"477","더 이로운","인천광역시","제물포구","인천광역시 제물포구우현로87번길28(인현동, 1층)","","이용 가능","위치 확인 필요","지도 핀 미표시 · 주소 직접 확인","최신 공식 혜택 근거 없음","보류: 최신 공식 혜택 근거 없음","0","0","아니오"
"478","럭키차이나","인천광역시","제물포구","인천광역시 제물포구차이나타운로47- 1(북성동3가)","","이용 가능","위치 확인 필요","지도 핀 미표시 · 주소 직접 확인","최신 공식 혜택 근거 없음","보류: 최신 공식 혜택 근거 없음","0","0","아니오"
"479","럭키차이나(차이나타운점)","인천광역시","제물포구","인천광역시 제물포구차이나타운로48(송월동3가)","","이용 가능","위치 확인 필요","지도 핀 미표시 · 주소 직접 확인","최신 공식 혜택 근거 없음","보류: 최신 공식 혜택 근거 없음","0","0","아니오"
"480","미미진","인천광역시","제물포구","인천광역시 제물포구차이나타운로27(북성동3가)","","이용 가능","위치 확인 필요","지도 핀 미표시 · 주소 직접 확인","최신 공식 혜택 근거 없음","보류: 최신 공식 혜택 근거 없음","0","0","아니오"
"481","화평동372 더봉지식당","인천광역시","제물포구","인천광역시 제물포구화도진로75(화평동, 1층)","","이용 가능","위치 확인 필요","지도 핀 미표시 · 주소 직접 확인","최신 공식 혜택 근거 없음","보류: 최신 공식 혜택 근거 없음","0","0","아니오"
"482","미투커피","인천광역시","제물포구","인천광역시 제물포구월미문화로39(북성동1가)","","이용 가능","위치 확인 필요","지도 핀 미표시 · 주소 직접 확인","최신 공식 혜택 근거 없음","보류: 최신 공식 혜택 근거 없음","0","0","아니오"
"483","설빙)인천월미도점","인천광역시","제물포구","인천광역시 제물포구월미문화로71(북성동1가)","","이용 가능","위치 확인 필요","지도 핀 미표시 · 주소 직접 확인","최신 공식 혜택 근거 없음","보류: 최신 공식 혜택 근거 없음","0","0","아니오"
"484","엔제리너스(인천)점","인천광역시","제물포구","인천광역시 제물포구월미문화로71(북성동1가)","","이용 가능","위치 확인 필요","지도 핀 미표시 · 주소 직접 확인","최신 공식 혜택 근거 없음","보류: 최신 공식 혜택 근거 없음","0","0","아니오"
"485","월미도레미","인천광역시","제물포구","인천광역시 제물포구월미문화로35,2층 (북성동1가)","","이용 가능","위치 확인 필요","지도 핀 미표시 · 주소 직접 확인","최신 공식 혜택 근거 없음","보류: 최신 공식 혜택 근거 없음","0","0","아니오"
"486","F45 합정","서울특별시","마포구","서울특별시 마포구 양화로 85 지하 2층","","이용 가능","위치 확인 필요","지도 핀 미표시 · 주소 직접 확인","최신 공식 혜택 근거 없음","보류: 최신 공식 혜택 근거 없음","0","0","아니오"
"487","PROJECT HIN","서울특별시","성동구","서울특별시 성동구 성수이로7길 30 3층","","이용 가능","위치 확인 필요","지도 핀 미표시 · 주소 직접 확인","최신 공식 혜택 근거 없음","보류: 최신 공식 혜택 근거 없음","0","0","아니오"
"488","데일리피트니스 24시 성수점","서울특별시","성동구","서울특별시 성동구 뚝섬로 400 뚝섬쇼핑센터 3층","","이용 가능","위치 확인 필요","지도 핀 미표시 · 주소 직접 확인","최신 공식 혜택 근거 없음","보류: 최신 공식 혜택 근거 없음","0","0","아니오"
"489","차심 성수","서울특별시","성동구","서울특별시 성동구 아차산로 113 2층 203호","","이용 가능","위치 확인 필요","지도 핀 미표시 · 주소 직접 확인","최신 공식 혜택 근거 없음","보류: 최신 공식 혜택 근거 없음","0","0","아니오"
"490","오클리먼33 바버샵 성수점","서울특별시","성동구","서울특별시 성동구 연무장5가길 7 현대테라스타워 1층 132호","","이용 가능","위치 확인 필요","지도 핀 미표시 · 주소 직접 확인","최신 공식 혜택 근거 없음","보류: 최신 공식 혜택 근거 없음","0","0","아니오"
"491","와이즈현헤어","서울특별시","마포구","서울특별시 마포구 양화로6길 91 3층","","이용 가능","위치 확인 필요","지도 핀 미표시 · 주소 직접 확인","최신 공식 혜택 근거 없음","보류: 최신 공식 혜택 근거 없음","0","0","아니오"
"492","이가자헤어비스 홍대점","서울특별시","마포구","서울특별시 마포구 독막로7길 63 2층","","이용 가능","위치 확인 필요","지도 핀 미표시 · 주소 직접 확인","최신 공식 혜택 근거 없음","보류: 최신 공식 혜택 근거 없음","0","0","아니오"
"493","바나나성형외과의원","서울특별시","강남구","서울특별시 강남구 도산대로 110 케이비엘센터 3층","","이용 가능","위치 확인 필요","지도 핀 미표시 · 주소 직접 확인","최신 공식 혜택 근거 없음","보류: 최신 공식 혜택 근거 없음","0","0","아니오"
"494","고기꾼 김춘배 강남점","서울특별시","강남구","서울특별시 강남구 강남대로100길 13 3층, 4층","","이용 가능","위치 확인 필요","지도 핀 미표시 · 주소 직접 확인","최신 공식 혜택 근거 없음","보류: 최신 공식 혜택 근거 없음","0","0","아니오"
"495","파프짐 도곡점","서울특별시","강남구","서울특별시 강남구 언주로30길 27 우성리빙텔 B101","","이용 가능","위치 확인 필요","지도 핀 미표시 · 주소 직접 확인","최신 공식 혜택 근거 없음","보류: 최신 공식 혜택 근거 없음","0","0","아니오"
"496","일공공일 구로오류동점","서울특별시","구로구","서울특별시 구로구 경인로 228 1층","","이용 가능","위치 확인 필요","지도 핀 미표시 · 주소 직접 확인","최신 공식 혜택 근거 없음","보류: 최신 공식 혜택 근거 없음","0","0","아니오"
"497","SKY GYM","서울특별시","용산구","서울특별시 용산구 한강대로 273 용산빌딩 B1층","","이용 가능","위치 확인 필요","지도 핀 미표시 · 주소 직접 확인","최신 공식 혜택 근거 없음","보류: 최신 공식 혜택 근거 없음","0","0","아니오"
