"정본CSV행번호","업소명","소재지도로명주소","소재지지번주소","참고POI상호","참고POI도로명주소","참고POI지번주소","원본주소지도검색URL","참고POI지도검색URL","POI조회어","POI조회방식","APIHUB조회어지도검색URL","지도대조결과","검토결정","정본반영여부","감사제안위도","감사제안경도","비고"
"154","거북이삼겹살","경기도 동두천시 생연로175, 1층(생연동)","","","","","https://map.naver.com/p/search/%EA%B1%B0%EB%B6%81%EC%9D%B4%EC%82%BC%EA%B2%B9%EC%82%B4%20%EA%B2%BD%EA%B8%B0%EB%8F%84%20%EB%8F%99%EB%91%90%EC%B2%9C%EC%8B%9C%20%EC%83%9D%EC%97%B0%EB%A1%9C175%2C%201%EC%B8%B5%28%EC%83%9D%EC%97%B0%EB%8F%99%29","","거북이삼겹살 경기도 동두천시 생연로175","도로명·건물번호 보조 검색","https://map.naver.com/p/search/%EA%B1%B0%EB%B6%81%EC%9D%B4%EC%82%BC%EA%B2%B9%EC%82%B4%20%EA%B2%BD%EA%B8%B0%EB%8F%84%20%EB%8F%99%EB%91%90%EC%B2%9C%EC%8B%9C%20%EC%83%9D%EC%97%B0%EB%A1%9C175","상호 확장 표기·도로명주소 일치","미검토","아니오","","","지도 POI: 거북이 삼겹살&숯불갈비 / 경기 동두천시 생연로 175 1층. https://pcmap.place.naver.com/restaurant/1637951605/home (2026-09-07 보조 검색 지도 화면 대조); 검토 결정·정본 반영·좌표 제안 없음"
"155","고기싸롱","경기도 동두천시 평화로2313번길 7-26(지행동)","","","","","https://map.naver.com/p/search/%EA%B3%A0%EA%B8%B0%EC%8B%B8%EB%A1%B1%20%EA%B2%BD%EA%B8%B0%EB%8F%84%20%EB%8F%99%EB%91%90%EC%B2%9C%EC%8B%9C%20%ED%8F%89%ED%99%94%EB%A1%9C2313%EB%B2%88%EA%B8%B8%207-26%28%EC%A7%80%ED%96%89%EB%8F%99%29","","고기싸롱 경기도 동두천시 평화로2313번길 7-26(지행동)","전체 주소 검색","https://map.naver.com/p/search/%EA%B3%A0%EA%B8%B0%EC%8B%B8%EB%A1%B1%20%EA%B2%BD%EA%B8%B0%EB%8F%84%20%EB%8F%99%EB%91%90%EC%B2%9C%EC%8B%9C%20%ED%8F%89%ED%99%94%EB%A1%9C2313%EB%B2%88%EA%B8%B8%207-26%28%EC%A7%80%ED%96%89%EB%8F%99%29","상호 지점 표기·도로명주소 일치","미검토","아니오","","","지도 POI: 고기싸롱 동두천지행점 / 경기 동두천시 평화로2313번길 7-26 101호~102호. https://pcmap.place.naver.com/restaurant/1473511140/home (2026-09-07 지도 화면 대조); 검토 결정·정본 반영·좌표 제안 없음"
"156","고봉민김밥 지행역점","경기도 동두천시 중앙로126, 107호(지행동)","","","","","https://map.naver.com/p/search/%EA%B3%A0%EB%B4%89%EB%AF%BC%EA%B9%80%EB%B0%A5%20%EC%A7%80%ED%96%89%EC%97%AD%EC%A0%90%20%EA%B2%BD%EA%B8%B0%EB%8F%84%20%EB%8F%99%EB%91%90%EC%B2%9C%EC%8B%9C%20%EC%A4%91%EC%95%99%EB%A1%9C126%2C%20107%ED%98%B8%28%EC%A7%80%ED%96%89%EB%8F%99%29","","고봉민김밥 지행역점 경기도 동두천시 중앙로126","도로명·건물번호 보조 검색","https://map.naver.com/p/search/%EA%B3%A0%EB%B4%89%EB%AF%BC%EA%B9%80%EB%B0%A5%20%EC%A7%80%ED%96%89%EC%97%AD%EC%A0%90%20%EA%B2%BD%EA%B8%B0%EB%8F%84%20%EB%8F%99%EB%91%90%EC%B2%9C%EC%8B%9C%20%EC%A4%91%EC%95%99%EB%A1%9C126","지도 POI 검색 결과 없음","미검토","아니오","","","원본 전체주소 및 API HUB 도로명·건물번호 보조 검색에서 지도 POI 결과 없음 (2026-09-07); 검토 결정·정본 반영·좌표 제안 없음"
"157","그집순대국","경기도 동두천시 장고갯로157, 제1동(생연동)","","","","","https://map.naver.com/p/search/%EA%B7%B8%EC%A7%91%EC%88%9C%EB%8C%80%EA%B5%AD%20%EA%B2%BD%EA%B8%B0%EB%8F%84%20%EB%8F%99%EB%91%90%EC%B2%9C%EC%8B%9C%20%EC%9E%A5%EA%B3%A0%EA%B0%AF%EB%A1%9C157%2C%20%EC%A0%9C1%EB%8F%99%28%EC%83%9D%EC%97%B0%EB%8F%99%29","","그집순대국 경기도 동두천시 장고갯로157","도로명·건물번호 보조 검색","https://map.naver.com/p/search/%EA%B7%B8%EC%A7%91%EC%88%9C%EB%8C%80%EA%B5%AD%20%EA%B2%BD%EA%B8%B0%EB%8F%84%20%EB%8F%99%EB%91%90%EC%B2%9C%EC%8B%9C%20%EC%9E%A5%EA%B3%A0%EA%B0%AF%EB%A1%9C157","상호 본점 표기·도로명주소 일치","미검토","아니오","","","지도 POI: 그집순대국 본점 / 경기 동두천시 장고갯로 157 제1동(생연동). https://pcmap.place.naver.com/restaurant/21728036/home (2026-09-07 보조 검색 지도 화면 대조); 검토 결정·정본 반영·좌표 제안 없음"
"122","노블헤어","경기도 동두천시 거북마루로45, 상가동 202호(생연동)","","","","","https://map.naver.com/p/search/%EB%85%B8%EB%B8%94%ED%97%A4%EC%96%B4%20%EA%B2%BD%EA%B8%B0%EB%8F%84%20%EB%8F%99%EB%91%90%EC%B2%9C%EC%8B%9C%20%EA%B1%B0%EB%B6%81%EB%A7%88%EB%A3%A8%EB%A1%9C45%2C%20%EC%83%81%EA%B0%80%EB%8F%99%20202%ED%98%B8%28%EC%83%9D%EC%97%B0%EB%8F%99%29","","노블헤어 경기도 동두천시 거북마루로45","도로명·건물번호 보조 검색","https://map.naver.com/p/search/%EB%85%B8%EB%B8%94%ED%97%A4%EC%96%B4%20%EA%B2%BD%EA%B8%B0%EB%8F%84%20%EB%8F%99%EB%91%90%EC%B2%9C%EC%8B%9C%20%EA%B1%B0%EB%B6%81%EB%A7%88%EB%A3%A8%EB%A1%9C45","미검토","미검토","아니오","","","API 참고 POI가 없는 미확인군. 지도 POI 화면에서 상호와 도로명주소를 대조하고, 불확실하면 좌표를 비움"
"161","다원","경기도 동두천시 어수로102번길 6(생연동)","","","","","https://map.naver.com/p/search/%EB%8B%A4%EC%9B%90%20%EA%B2%BD%EA%B8%B0%EB%8F%84%20%EB%8F%99%EB%91%90%EC%B2%9C%EC%8B%9C%20%EC%96%B4%EC%88%98%EB%A1%9C102%EB%B2%88%EA%B8%B8%206%28%EC%83%9D%EC%97%B0%EB%8F%99%29","","다원 경기도 동두천시 어수로102번길 6(생연동)","전체 주소 검색","https://map.naver.com/p/search/%EB%8B%A4%EC%9B%90%20%EA%B2%BD%EA%B8%B0%EB%8F%84%20%EB%8F%99%EB%91%90%EC%B2%9C%EC%8B%9C%20%EC%96%B4%EC%88%98%EB%A1%9C102%EB%B2%88%EA%B8%B8%206%28%EC%83%9D%EC%97%B0%EB%8F%99%29","미검토","미검토","아니오","","","API 참고 POI가 없는 미확인군. 지도 POI 화면에서 상호와 도로명주소를 대조하고, 불확실하면 좌표를 비움"
"162","대왕미가","경기도 동두천시 삼육사로1009(생연동)","","","","","https://map.naver.com/p/search/%EB%8C%80%EC%99%95%EB%AF%B8%EA%B0%80%20%EA%B2%BD%EA%B8%B0%EB%8F%84%20%EB%8F%99%EB%91%90%EC%B2%9C%EC%8B%9C%20%EC%82%BC%EC%9C%A1%EC%82%AC%EB%A1%9C1009%28%EC%83%9D%EC%97%B0%EB%8F%99%29","","대왕미가 경기도 동두천시 삼육사로1009(생연동)","전체 주소 검색","https://map.naver.com/p/search/%EB%8C%80%EC%99%95%EB%AF%B8%EA%B0%80%20%EA%B2%BD%EA%B8%B0%EB%8F%84%20%EB%8F%99%EB%91%90%EC%B2%9C%EC%8B%9C%20%EC%82%BC%EC%9C%A1%EC%82%AC%EB%A1%9C1009%28%EC%83%9D%EC%97%B0%EB%8F%99%29","미검토","미검토","아니오","","","API 참고 POI가 없는 미확인군. 지도 POI 화면에서 상호와 도로명주소를 대조하고, 불확실하면 좌표를 비움"
"188","빨간풍차제과점","경기도 동두천시 동광로78번길 4(생연동)","","","","","https://map.naver.com/p/search/%EB%B9%A8%EA%B0%84%ED%92%8D%EC%B0%A8%EC%A0%9C%EA%B3%BC%EC%A0%90%20%EA%B2%BD%EA%B8%B0%EB%8F%84%20%EB%8F%99%EB%91%90%EC%B2%9C%EC%8B%9C%20%EB%8F%99%EA%B4%91%EB%A1%9C78%EB%B2%88%EA%B8%B8%204%28%EC%83%9D%EC%97%B0%EB%8F%99%29","","빨간풍차제과점 경기도 동두천시 동광로78번길 4(생연동)","전체 주소 검색","https://map.naver.com/p/search/%EB%B9%A8%EA%B0%84%ED%92%8D%EC%B0%A8%EC%A0%9C%EA%B3%BC%EC%A0%90%20%EA%B2%BD%EA%B8%B0%EB%8F%84%20%EB%8F%99%EB%91%90%EC%B2%9C%EC%8B%9C%20%EB%8F%99%EA%B4%91%EB%A1%9C78%EB%B2%88%EA%B8%B8%204%28%EC%83%9D%EC%97%B0%EB%8F%99%29","미검토","미검토","아니오","","","API 참고 POI가 없는 미확인군. 지도 POI 화면에서 상호와 도로명주소를 대조하고, 불확실하면 좌표를 비움"
"130","신성순 헤어아트","경기도 동두천시 중앙로278, 2층(생연동)","","","","","https://map.naver.com/p/search/%EC%8B%A0%EC%84%B1%EC%88%9C%20%ED%97%A4%EC%96%B4%EC%95%84%ED%8A%B8%20%EA%B2%BD%EA%B8%B0%EB%8F%84%20%EB%8F%99%EB%91%90%EC%B2%9C%EC%8B%9C%20%EC%A4%91%EC%95%99%EB%A1%9C278%2C%202%EC%B8%B5%28%EC%83%9D%EC%97%B0%EB%8F%99%29","","신성순 헤어아트 경기도 동두천시 중앙로278","도로명·건물번호 보조 검색","https://map.naver.com/p/search/%EC%8B%A0%EC%84%B1%EC%88%9C%20%ED%97%A4%EC%96%B4%EC%95%84%ED%8A%B8%20%EA%B2%BD%EA%B8%B0%EB%8F%84%20%EB%8F%99%EB%91%90%EC%B2%9C%EC%8B%9C%20%EC%A4%91%EC%95%99%EB%A1%9C278","미검토","미검토","아니오","","","API 참고 POI가 없는 미확인군. 지도 POI 화면에서 상호와 도로명주소를 대조하고, 불확실하면 좌표를 비움"
"132","안다미로","경기도 동두천시 지행로107번길 13(지행동)","","","","","https://map.naver.com/p/search/%EC%95%88%EB%8B%A4%EB%AF%B8%EB%A1%9C%20%EA%B2%BD%EA%B8%B0%EB%8F%84%20%EB%8F%99%EB%91%90%EC%B2%9C%EC%8B%9C%20%EC%A7%80%ED%96%89%EB%A1%9C107%EB%B2%88%EA%B8%B8%2013%28%EC%A7%80%ED%96%89%EB%8F%99%29","","안다미로 경기도 동두천시 지행로107번길 13(지행동)","전체 주소 검색","https://map.naver.com/p/search/%EC%95%88%EB%8B%A4%EB%AF%B8%EB%A1%9C%20%EA%B2%BD%EA%B8%B0%EB%8F%84%20%EB%8F%99%EB%91%90%EC%B2%9C%EC%8B%9C%20%EC%A7%80%ED%96%89%EB%A1%9C107%EB%B2%88%EA%B8%B8%2013%28%EC%A7%80%ED%96%89%EB%8F%99%29","미검토","미검토","아니오","","","API 참고 POI가 없는 미확인군. 지도 POI 화면에서 상호와 도로명주소를 대조하고, 불확실하면 좌표를 비움"
"133","에이치H헤어","경기도 동두천시 중앙로134-26, 1층 105호(지행동)","","","","","https://map.naver.com/p/search/%EC%97%90%EC%9D%B4%EC%B9%98H%ED%97%A4%EC%96%B4%20%EA%B2%BD%EA%B8%B0%EB%8F%84%20%EB%8F%99%EB%91%90%EC%B2%9C%EC%8B%9C%20%EC%A4%91%EC%95%99%EB%A1%9C134-26%2C%201%EC%B8%B5%20105%ED%98%B8%28%EC%A7%80%ED%96%89%EB%8F%99%29","","에이치H헤어 경기도 동두천시 중앙로134-26","도로명·건물번호 보조 검색","https://map.naver.com/p/search/%EC%97%90%EC%9D%B4%EC%B9%98H%ED%97%A4%EC%96%B4%20%EA%B2%BD%EA%B8%B0%EB%8F%84%20%EB%8F%99%EB%91%90%EC%B2%9C%EC%8B%9C%20%EC%A4%91%EC%95%99%EB%A1%9C134-26","미검토","미검토","아니오","","","API 참고 POI가 없는 미확인군. 지도 POI 화면에서 상호와 도로명주소를 대조하고, 불확실하면 좌표를 비움"
"171","우막산순대국","경기도 동두천시 평화로2261번길 22(지행동)","","","","","https://map.naver.com/p/search/%EC%9A%B0%EB%A7%89%EC%82%B0%EC%88%9C%EB%8C%80%EA%B5%AD%20%EA%B2%BD%EA%B8%B0%EB%8F%84%20%EB%8F%99%EB%91%90%EC%B2%9C%EC%8B%9C%20%ED%8F%89%ED%99%94%EB%A1%9C2261%EB%B2%88%EA%B8%B8%2022%28%EC%A7%80%ED%96%89%EB%8F%99%29","","우막산순대국 경기도 동두천시 평화로2261번길 22(지행동)","전체 주소 검색","https://map.naver.com/p/search/%EC%9A%B0%EB%A7%89%EC%82%B0%EC%88%9C%EB%8C%80%EA%B5%AD%20%EA%B2%BD%EA%B8%B0%EB%8F%84%20%EB%8F%99%EB%91%90%EC%B2%9C%EC%8B%9C%20%ED%8F%89%ED%99%94%EB%A1%9C2261%EB%B2%88%EA%B8%B8%2022%28%EC%A7%80%ED%96%89%EB%8F%99%29","미검토","미검토","아니오","","","API 참고 POI가 없는 미확인군. 지도 POI 화면에서 상호와 도로명주소를 대조하고, 불확실하면 좌표를 비움"
"172","유경장작구이","경기도 동두천시 평화로2910번길 10(상봉암동)","","","","","https://map.naver.com/p/search/%EC%9C%A0%EA%B2%BD%EC%9E%A5%EC%9E%91%EA%B5%AC%EC%9D%B4%20%EA%B2%BD%EA%B8%B0%EB%8F%84%20%EB%8F%99%EB%91%90%EC%B2%9C%EC%8B%9C%20%ED%8F%89%ED%99%94%EB%A1%9C2910%EB%B2%88%EA%B8%B8%2010%28%EC%83%81%EB%B4%89%EC%95%94%EB%8F%99%29","","유경장작구이 경기도 동두천시 평화로2910번길 10(상봉암동)","전체 주소 검색","https://map.naver.com/p/search/%EC%9C%A0%EA%B2%BD%EC%9E%A5%EC%9E%91%EA%B5%AC%EC%9D%B4%20%EA%B2%BD%EA%B8%B0%EB%8F%84%20%EB%8F%99%EB%91%90%EC%B2%9C%EC%8B%9C%20%ED%8F%89%ED%99%94%EB%A1%9C2910%EB%B2%88%EA%B8%B8%2010%28%EC%83%81%EB%B4%89%EC%95%94%EB%8F%99%29","미검토","미검토","아니오","","","API 참고 POI가 없는 미확인군. 지도 POI 화면에서 상호와 도로명주소를 대조하고, 불확실하면 좌표를 비움"
"134","이선희헤어샵","경기도 동두천시 삼육사로896, 1층(생연동)","","","","","https://map.naver.com/p/search/%EC%9D%B4%EC%84%A0%ED%9D%AC%ED%97%A4%EC%96%B4%EC%83%B5%20%EA%B2%BD%EA%B8%B0%EB%8F%84%20%EB%8F%99%EB%91%90%EC%B2%9C%EC%8B%9C%20%EC%82%BC%EC%9C%A1%EC%82%AC%EB%A1%9C896%2C%201%EC%B8%B5%28%EC%83%9D%EC%97%B0%EB%8F%99%29","","이선희헤어샵 경기도 동두천시 삼육사로896","도로명·건물번호 보조 검색","https://map.naver.com/p/search/%EC%9D%B4%EC%84%A0%ED%9D%AC%ED%97%A4%EC%96%B4%EC%83%B5%20%EA%B2%BD%EA%B8%B0%EB%8F%84%20%EB%8F%99%EB%91%90%EC%B2%9C%EC%8B%9C%20%EC%82%BC%EC%9C%A1%EC%82%AC%EB%A1%9C896","미검토","미검토","아니오","","","API 참고 POI가 없는 미확인군. 지도 POI 화면에서 상호와 도로명주소를 대조하고, 불확실하면 좌표를 비움"
"135","이지현미용실","경기도 동두천시 중앙로295번길 26(생연동)","","","","","https://map.naver.com/p/search/%EC%9D%B4%EC%A7%80%ED%98%84%EB%AF%B8%EC%9A%A9%EC%8B%A4%20%EA%B2%BD%EA%B8%B0%EB%8F%84%20%EB%8F%99%EB%91%90%EC%B2%9C%EC%8B%9C%20%EC%A4%91%EC%95%99%EB%A1%9C295%EB%B2%88%EA%B8%B8%2026%28%EC%83%9D%EC%97%B0%EB%8F%99%29","","이지현미용실 경기도 동두천시 중앙로295번길 26(생연동)","전체 주소 검색","https://map.naver.com/p/search/%EC%9D%B4%EC%A7%80%ED%98%84%EB%AF%B8%EC%9A%A9%EC%8B%A4%20%EA%B2%BD%EA%B8%B0%EB%8F%84%20%EB%8F%99%EB%91%90%EC%B2%9C%EC%8B%9C%20%EC%A4%91%EC%95%99%EB%A1%9C295%EB%B2%88%EA%B8%B8%2026%28%EC%83%9D%EC%97%B0%EB%8F%99%29","미검토","미검토","아니오","","","API 참고 POI가 없는 미확인군. 지도 POI 화면에서 상호와 도로명주소를 대조하고, 불확실하면 좌표를 비움"
"136","인헤어","경기도 동두천시 삼육사로902, 2동 104호(생연동)","","","","","https://map.naver.com/p/search/%EC%9D%B8%ED%97%A4%EC%96%B4%20%EA%B2%BD%EA%B8%B0%EB%8F%84%20%EB%8F%99%EB%91%90%EC%B2%9C%EC%8B%9C%20%EC%82%BC%EC%9C%A1%EC%82%AC%EB%A1%9C902%2C%202%EB%8F%99%20104%ED%98%B8%28%EC%83%9D%EC%97%B0%EB%8F%99%29","","인헤어 경기도 동두천시 삼육사로902","도로명·건물번호 보조 검색","https://map.naver.com/p/search/%EC%9D%B8%ED%97%A4%EC%96%B4%20%EA%B2%BD%EA%B8%B0%EB%8F%84%20%EB%8F%99%EB%91%90%EC%B2%9C%EC%8B%9C%20%EC%82%BC%EC%9C%A1%EC%82%AC%EB%A1%9C902","미검토","미검토","아니오","","","API 참고 POI가 없는 미확인군. 지도 POI 화면에서 상호와 도로명주소를 대조하고, 불확실하면 좌표를 비움"
"175","일미담","경기도 동두천시 동광로73, 1층(생연동)","","","","","https://map.naver.com/p/search/%EC%9D%BC%EB%AF%B8%EB%8B%B4%20%EA%B2%BD%EA%B8%B0%EB%8F%84%20%EB%8F%99%EB%91%90%EC%B2%9C%EC%8B%9C%20%EB%8F%99%EA%B4%91%EB%A1%9C73%2C%201%EC%B8%B5%28%EC%83%9D%EC%97%B0%EB%8F%99%29","","일미담 경기도 동두천시 동광로73","도로명·건물번호 보조 검색","https://map.naver.com/p/search/%EC%9D%BC%EB%AF%B8%EB%8B%B4%20%EA%B2%BD%EA%B8%B0%EB%8F%84%20%EB%8F%99%EB%91%90%EC%B2%9C%EC%8B%9C%20%EB%8F%99%EA%B4%91%EB%A1%9C73","미검토","미검토","아니오","","","API 참고 POI가 없는 미확인군. 지도 POI 화면에서 상호와 도로명주소를 대조하고, 불확실하면 좌표를 비움"
"138","쟝스헤어","경기도 동두천시 평화로2915(상봉암동)","","","","","https://map.naver.com/p/search/%EC%9F%9D%EC%8A%A4%ED%97%A4%EC%96%B4%20%EA%B2%BD%EA%B8%B0%EB%8F%84%20%EB%8F%99%EB%91%90%EC%B2%9C%EC%8B%9C%20%ED%8F%89%ED%99%94%EB%A1%9C2915%28%EC%83%81%EB%B4%89%EC%95%94%EB%8F%99%29","","쟝스헤어 경기도 동두천시 평화로2915(상봉암동)","전체 주소 검색","https://map.naver.com/p/search/%EC%9F%9D%EC%8A%A4%ED%97%A4%EC%96%B4%20%EA%B2%BD%EA%B8%B0%EB%8F%84%20%EB%8F%99%EB%91%90%EC%B2%9C%EC%8B%9C%20%ED%8F%89%ED%99%94%EB%A1%9C2915%28%EC%83%81%EB%B4%89%EC%95%94%EB%8F%99%29","미검토","미검토","아니오","","","API 참고 POI가 없는 미확인군. 지도 POI 화면에서 상호와 도로명주소를 대조하고, 불확실하면 좌표를 비움"
"152","제이(J)모텔","경기도 동두천시 동두천로247-13(생연동)","","","","","https://map.naver.com/p/search/%EC%A0%9C%EC%9D%B4%28J%29%EB%AA%A8%ED%85%94%20%EA%B2%BD%EA%B8%B0%EB%8F%84%20%EB%8F%99%EB%91%90%EC%B2%9C%EC%8B%9C%20%EB%8F%99%EB%91%90%EC%B2%9C%EB%A1%9C247-13%28%EC%83%9D%EC%97%B0%EB%8F%99%29","","제이(J)모텔 경기도 동두천시 동두천로247-13(생연동)","전체 주소 검색","https://map.naver.com/p/search/%EC%A0%9C%EC%9D%B4%28J%29%EB%AA%A8%ED%85%94%20%EA%B2%BD%EA%B8%B0%EB%8F%84%20%EB%8F%99%EB%91%90%EC%B2%9C%EC%8B%9C%20%EB%8F%99%EB%91%90%EC%B2%9C%EB%A1%9C247-13%28%EC%83%9D%EC%97%B0%EB%8F%99%29","미검토","미검토","아니오","","","API 참고 POI가 없는 미확인군. 지도 POI 화면에서 상호와 도로명주소를 대조하고, 불확실하면 좌표를 비움"
"177","좋은날식당","경기도 동두천시 중앙로265번길 23(생연동)","","","","","https://map.naver.com/p/search/%EC%A2%8B%EC%9D%80%EB%82%A0%EC%8B%9D%EB%8B%B9%20%EA%B2%BD%EA%B8%B0%EB%8F%84%20%EB%8F%99%EB%91%90%EC%B2%9C%EC%8B%9C%20%EC%A4%91%EC%95%99%EB%A1%9C265%EB%B2%88%EA%B8%B8%2023%28%EC%83%9D%EC%97%B0%EB%8F%99%29","","좋은날식당 경기도 동두천시 중앙로265번길 23(생연동)","전체 주소 검색","https://map.naver.com/p/search/%EC%A2%8B%EC%9D%80%EB%82%A0%EC%8B%9D%EB%8B%B9%20%EA%B2%BD%EA%B8%B0%EB%8F%84%20%EB%8F%99%EB%91%90%EC%B2%9C%EC%8B%9C%20%EC%A4%91%EC%95%99%EB%A1%9C265%EB%B2%88%EA%B8%B8%2023%28%EC%83%9D%EC%97%B0%EB%8F%99%29","미검토","미검토","아니오","","","API 참고 POI가 없는 미확인군. 지도 POI 화면에서 상호와 도로명주소를 대조하고, 불확실하면 좌표를 비움"
"190","청년다방","경기도 동두천시 평화로2261번길 9-6(지행동)","","","","","https://map.naver.com/p/search/%EC%B2%AD%EB%85%84%EB%8B%A4%EB%B0%A9%20%EA%B2%BD%EA%B8%B0%EB%8F%84%20%EB%8F%99%EB%91%90%EC%B2%9C%EC%8B%9C%20%ED%8F%89%ED%99%94%EB%A1%9C2261%EB%B2%88%EA%B8%B8%209-6%28%EC%A7%80%ED%96%89%EB%8F%99%29","","청년다방 경기도 동두천시 평화로2261번길 9-6(지행동)","전체 주소 검색","https://map.naver.com/p/search/%EC%B2%AD%EB%85%84%EB%8B%A4%EB%B0%A9%20%EA%B2%BD%EA%B8%B0%EB%8F%84%20%EB%8F%99%EB%91%90%EC%B2%9C%EC%8B%9C%20%ED%8F%89%ED%99%94%EB%A1%9C2261%EB%B2%88%EA%B8%B8%209-6%28%EC%A7%80%ED%96%89%EB%8F%99%29","미검토","미검토","아니오","","","API 참고 POI가 없는 미확인군. 지도 POI 화면에서 상호와 도로명주소를 대조하고, 불확실하면 좌표를 비움"
"180","촌가","경기도 동두천시 중앙로273번길 30, 1층(생연동)","","","","","https://map.naver.com/p/search/%EC%B4%8C%EA%B0%80%20%EA%B2%BD%EA%B8%B0%EB%8F%84%20%EB%8F%99%EB%91%90%EC%B2%9C%EC%8B%9C%20%EC%A4%91%EC%95%99%EB%A1%9C273%EB%B2%88%EA%B8%B8%2030%2C%201%EC%B8%B5%28%EC%83%9D%EC%97%B0%EB%8F%99%29","","촌가 경기도 동두천시 중앙로273번길 30","도로명·건물번호 보조 검색","https://map.naver.com/p/search/%EC%B4%8C%EA%B0%80%20%EA%B2%BD%EA%B8%B0%EB%8F%84%20%EB%8F%99%EB%91%90%EC%B2%9C%EC%8B%9C%20%EC%A4%91%EC%95%99%EB%A1%9C273%EB%B2%88%EA%B8%B8%2030","미검토","미검토","아니오","","","API 참고 POI가 없는 미확인군. 지도 POI 화면에서 상호와 도로명주소를 대조하고, 불확실하면 좌표를 비움"
"191","커피&유","경기도 동두천시 정장로17번길 20, 1층(생연동)","","","","","https://map.naver.com/p/search/%EC%BB%A4%ED%94%BC%26%EC%9C%A0%20%EA%B2%BD%EA%B8%B0%EB%8F%84%20%EB%8F%99%EB%91%90%EC%B2%9C%EC%8B%9C%20%EC%A0%95%EC%9E%A5%EB%A1%9C17%EB%B2%88%EA%B8%B8%2020%2C%201%EC%B8%B5%28%EC%83%9D%EC%97%B0%EB%8F%99%29","","커피&유 경기도 동두천시 정장로17번길 20","도로명·건물번호 보조 검색","https://map.naver.com/p/search/%EC%BB%A4%ED%94%BC%26%EC%9C%A0%20%EA%B2%BD%EA%B8%B0%EB%8F%84%20%EB%8F%99%EB%91%90%EC%B2%9C%EC%8B%9C%20%EC%A0%95%EC%9E%A5%EB%A1%9C17%EB%B2%88%EA%B8%B8%2020","미검토","미검토","아니오","","","API 참고 POI가 없는 미확인군. 지도 POI 화면에서 상호와 도로명주소를 대조하고, 불확실하면 좌표를 비움"
"337","가마골 백숙","경기도 양주시 장흥면 북한산로 1028","","","","","https://map.naver.com/p/search/%EA%B0%80%EB%A7%88%EA%B3%A8%20%EB%B0%B1%EC%88%99%20%EA%B2%BD%EA%B8%B0%EB%8F%84%20%EC%96%91%EC%A3%BC%EC%8B%9C%20%EC%9E%A5%ED%9D%A5%EB%A9%B4%20%EB%B6%81%ED%95%9C%EC%82%B0%EB%A1%9C%201028","","가마골 백숙 경기도 양주시 장흥면 북한산로 1028","전체 주소 검색","https://map.naver.com/p/search/%EA%B0%80%EB%A7%88%EA%B3%A8%20%EB%B0%B1%EC%88%99%20%EA%B2%BD%EA%B8%B0%EB%8F%84%20%EC%96%91%EC%A3%BC%EC%8B%9C%20%EC%9E%A5%ED%9D%A5%EB%A9%B4%20%EB%B6%81%ED%95%9C%EC%82%B0%EB%A1%9C%201028","미검토","미검토","아니오","","","API 참고 POI가 없는 미확인군. 지도 POI 화면에서 상호와 도로명주소를 대조하고, 불확실하면 좌표를 비움"
"339","거시기닭갈비","경기도 양주시 엄상동길 22-25","","","","","https://map.naver.com/p/search/%EA%B1%B0%EC%8B%9C%EA%B8%B0%EB%8B%AD%EA%B0%88%EB%B9%84%20%EA%B2%BD%EA%B8%B0%EB%8F%84%20%EC%96%91%EC%A3%BC%EC%8B%9C%20%EC%97%84%EC%83%81%EB%8F%99%EA%B8%B8%2022-25","","거시기닭갈비 경기도 양주시 엄상동길 22-25","전체 주소 검색","https://map.naver.com/p/search/%EA%B1%B0%EC%8B%9C%EA%B8%B0%EB%8B%AD%EA%B0%88%EB%B9%84%20%EA%B2%BD%EA%B8%B0%EB%8F%84%20%EC%96%91%EC%A3%BC%EC%8B%9C%20%EC%97%84%EC%83%81%EB%8F%99%EA%B8%B8%2022-25","미검토","미검토","아니오","","","API 참고 POI가 없는 미확인군. 지도 POI 화면에서 상호와 도로명주소를 대조하고, 불확실하면 좌표를 비움"
"344","다찜(고암점)","경기도 양주시 고암길 32","","","","","https://map.naver.com/p/search/%EB%8B%A4%EC%B0%9C%28%EA%B3%A0%EC%95%94%EC%A0%90%29%20%EA%B2%BD%EA%B8%B0%EB%8F%84%20%EC%96%91%EC%A3%BC%EC%8B%9C%20%EA%B3%A0%EC%95%94%EA%B8%B8%2032","","다찜(고암점) 경기도 양주시 고암길 32","전체 주소 검색","https://map.naver.com/p/search/%EB%8B%A4%EC%B0%9C%28%EA%B3%A0%EC%95%94%EC%A0%90%29%20%EA%B2%BD%EA%B8%B0%EB%8F%84%20%EC%96%91%EC%A3%BC%EC%8B%9C%20%EA%B3%A0%EC%95%94%EA%B8%B8%2032","미검토","미검토","아니오","","","API 참고 POI가 없는 미확인군. 지도 POI 화면에서 상호와 도로명주소를 대조하고, 불확실하면 좌표를 비움"
"346","두끼떡볶이(양주고읍점)","경기도 양주시 고읍남로 36, 2층","","","","","https://map.naver.com/p/search/%EB%91%90%EB%81%BC%EB%96%A1%EB%B3%B6%EC%9D%B4%28%EC%96%91%EC%A3%BC%EA%B3%A0%EC%9D%8D%EC%A0%90%29%20%EA%B2%BD%EA%B8%B0%EB%8F%84%20%EC%96%91%EC%A3%BC%EC%8B%9C%20%EA%B3%A0%EC%9D%8D%EB%82%A8%EB%A1%9C%2036%2C%202%EC%B8%B5","","두끼떡볶이(양주고읍점) 경기도 양주시 고읍남로 36","도로명·건물번호 보조 검색","https://map.naver.com/p/search/%EB%91%90%EB%81%BC%EB%96%A1%EB%B3%B6%EC%9D%B4%28%EC%96%91%EC%A3%BC%EA%B3%A0%EC%9D%8D%EC%A0%90%29%20%EA%B2%BD%EA%B8%B0%EB%8F%84%20%EC%96%91%EC%A3%BC%EC%8B%9C%20%EA%B3%A0%EC%9D%8D%EB%82%A8%EB%A1%9C%2036","미검토","미검토","아니오","","","API 참고 POI가 없는 미확인군. 지도 POI 화면에서 상호와 도로명주소를 대조하고, 불확실하면 좌표를 비움"
"348","등촌샤브칼국수","경기도 양주시 송랑로 64, 1층","","","","","https://map.naver.com/p/search/%EB%93%B1%EC%B4%8C%EC%83%A4%EB%B8%8C%EC%B9%BC%EA%B5%AD%EC%88%98%20%EA%B2%BD%EA%B8%B0%EB%8F%84%20%EC%96%91%EC%A3%BC%EC%8B%9C%20%EC%86%A1%EB%9E%91%EB%A1%9C%2064%2C%201%EC%B8%B5","","등촌샤브칼국수 경기도 양주시 송랑로 64","도로명·건물번호 보조 검색","https://map.naver.com/p/search/%EB%93%B1%EC%B4%8C%EC%83%A4%EB%B8%8C%EC%B9%BC%EA%B5%AD%EC%88%98%20%EA%B2%BD%EA%B8%B0%EB%8F%84%20%EC%96%91%EC%A3%BC%EC%8B%9C%20%EC%86%A1%EB%9E%91%EB%A1%9C%2064","미검토","미검토","아니오","","","API 참고 POI가 없는 미확인군. 지도 POI 화면에서 상호와 도로명주소를 대조하고, 불확실하면 좌표를 비움"
"349","등촌칼국수","경기도 양주시 백석읍 고릉말로150번길 28 (1층)","","","","","https://map.naver.com/p/search/%EB%93%B1%EC%B4%8C%EC%B9%BC%EA%B5%AD%EC%88%98%20%EA%B2%BD%EA%B8%B0%EB%8F%84%20%EC%96%91%EC%A3%BC%EC%8B%9C%20%EB%B0%B1%EC%84%9D%EC%9D%8D%20%EA%B3%A0%EB%A6%89%EB%A7%90%EB%A1%9C150%EB%B2%88%EA%B8%B8%2028%20%281%EC%B8%B5%29","","등촌칼국수 경기도 양주시 백석읍 고릉말로150번길 28 (1층)","전체 주소 검색","https://map.naver.com/p/search/%EB%93%B1%EC%B4%8C%EC%B9%BC%EA%B5%AD%EC%88%98%20%EA%B2%BD%EA%B8%B0%EB%8F%84%20%EC%96%91%EC%A3%BC%EC%8B%9C%20%EB%B0%B1%EC%84%9D%EC%9D%8D%20%EA%B3%A0%EB%A6%89%EB%A7%90%EB%A1%9C150%EB%B2%88%EA%B8%B8%2028%20%281%EC%B8%B5%29","미검토","미검토","아니오","","","API 참고 POI가 없는 미확인군. 지도 POI 화면에서 상호와 도로명주소를 대조하고, 불확실하면 좌표를 비움"
"350","만두와김밥마을","경기도 양주시 부흥로 2122","","","","","https://map.naver.com/p/search/%EB%A7%8C%EB%91%90%EC%99%80%EA%B9%80%EB%B0%A5%EB%A7%88%EC%9D%84%20%EA%B2%BD%EA%B8%B0%EB%8F%84%20%EC%96%91%EC%A3%BC%EC%8B%9C%20%EB%B6%80%ED%9D%A5%EB%A1%9C%202122","","만두와김밥마을 경기도 양주시 부흥로 2122","전체 주소 검색","https://map.naver.com/p/search/%EB%A7%8C%EB%91%90%EC%99%80%EA%B9%80%EB%B0%A5%EB%A7%88%EC%9D%84%20%EA%B2%BD%EA%B8%B0%EB%8F%84%20%EC%96%91%EC%A3%BC%EC%8B%9C%20%EB%B6%80%ED%9D%A5%EB%A1%9C%202122","미검토","미검토","아니오","","","API 참고 POI가 없는 미확인군. 지도 POI 화면에서 상호와 도로명주소를 대조하고, 불확실하면 좌표를 비움"
"352","본도시락 덕정점","경기도 양주시 독바위로 9","","","","","https://map.naver.com/p/search/%EB%B3%B8%EB%8F%84%EC%8B%9C%EB%9D%BD%20%EB%8D%95%EC%A0%95%EC%A0%90%20%EA%B2%BD%EA%B8%B0%EB%8F%84%20%EC%96%91%EC%A3%BC%EC%8B%9C%20%EB%8F%85%EB%B0%94%EC%9C%84%EB%A1%9C%209","","본도시락 덕정점 경기도 양주시 독바위로 9","전체 주소 검색","https://map.naver.com/p/search/%EB%B3%B8%EB%8F%84%EC%8B%9C%EB%9D%BD%20%EB%8D%95%EC%A0%95%EC%A0%90%20%EA%B2%BD%EA%B8%B0%EB%8F%84%20%EC%96%91%EC%A3%BC%EC%8B%9C%20%EB%8F%85%EB%B0%94%EC%9C%84%EB%A1%9C%209","미검토","미검토","아니오","","","API 참고 POI가 없는 미확인군. 지도 POI 화면에서 상호와 도로명주소를 대조하고, 불확실하면 좌표를 비움"
"353","산하식당","경기도 양주시 백석읍 기산로 410","","","","","https://map.naver.com/p/search/%EC%82%B0%ED%95%98%EC%8B%9D%EB%8B%B9%20%EA%B2%BD%EA%B8%B0%EB%8F%84%20%EC%96%91%EC%A3%BC%EC%8B%9C%20%EB%B0%B1%EC%84%9D%EC%9D%8D%20%EA%B8%B0%EC%82%B0%EB%A1%9C%20410","","산하식당 경기도 양주시 백석읍 기산로 410","전체 주소 검색","https://map.naver.com/p/search/%EC%82%B0%ED%95%98%EC%8B%9D%EB%8B%B9%20%EA%B2%BD%EA%B8%B0%EB%8F%84%20%EC%96%91%EC%A3%BC%EC%8B%9C%20%EB%B0%B1%EC%84%9D%EC%9D%8D%20%EA%B8%B0%EC%82%B0%EB%A1%9C%20410","미검토","미검토","아니오","","","API 참고 POI가 없는 미확인군. 지도 POI 화면에서 상호와 도로명주소를 대조하고, 불확실하면 좌표를 비움"
"354","삼호산장","경기도 양주시 백석읍 기산로 435","","","","","https://map.naver.com/p/search/%EC%82%BC%ED%98%B8%EC%82%B0%EC%9E%A5%20%EA%B2%BD%EA%B8%B0%EB%8F%84%20%EC%96%91%EC%A3%BC%EC%8B%9C%20%EB%B0%B1%EC%84%9D%EC%9D%8D%20%EA%B8%B0%EC%82%B0%EB%A1%9C%20435","","삼호산장 경기도 양주시 백석읍 기산로 435","전체 주소 검색","https://map.naver.com/p/search/%EC%82%BC%ED%98%B8%EC%82%B0%EC%9E%A5%20%EA%B2%BD%EA%B8%B0%EB%8F%84%20%EC%96%91%EC%A3%BC%EC%8B%9C%20%EB%B0%B1%EC%84%9D%EC%9D%8D%20%EA%B8%B0%EC%82%B0%EB%A1%9C%20435","미검토","미검토","아니오","","","API 참고 POI가 없는 미확인군. 지도 POI 화면에서 상호와 도로명주소를 대조하고, 불확실하면 좌표를 비움"
"358","야한소갈비살","경기도 양주시 엄상동길 30-3","","","","","https://map.naver.com/p/search/%EC%95%BC%ED%95%9C%EC%86%8C%EA%B0%88%EB%B9%84%EC%82%B4%20%EA%B2%BD%EA%B8%B0%EB%8F%84%20%EC%96%91%EC%A3%BC%EC%8B%9C%20%EC%97%84%EC%83%81%EB%8F%99%EA%B8%B8%2030-3","","야한소갈비살 경기도 양주시 엄상동길 30-3","전체 주소 검색","https://map.naver.com/p/search/%EC%95%BC%ED%95%9C%EC%86%8C%EA%B0%88%EB%B9%84%EC%82%B4%20%EA%B2%BD%EA%B8%B0%EB%8F%84%20%EC%96%91%EC%A3%BC%EC%8B%9C%20%EC%97%84%EC%83%81%EB%8F%99%EA%B8%B8%2030-3","미검토","미검토","아니오","","","API 참고 POI가 없는 미확인군. 지도 POI 화면에서 상호와 도로명주소를 대조하고, 불확실하면 좌표를 비움"
"360","이시돌선생의 약선도가","경기도 양주시 장흥면 권율로 88","","","","","https://map.naver.com/p/search/%EC%9D%B4%EC%8B%9C%EB%8F%8C%EC%84%A0%EC%83%9D%EC%9D%98%20%EC%95%BD%EC%84%A0%EB%8F%84%EA%B0%80%20%EA%B2%BD%EA%B8%B0%EB%8F%84%20%EC%96%91%EC%A3%BC%EC%8B%9C%20%EC%9E%A5%ED%9D%A5%EB%A9%B4%20%EA%B6%8C%EC%9C%A8%EB%A1%9C%2088","","이시돌선생의 약선도가 경기도 양주시 장흥면 권율로 88","전체 주소 검색","https://map.naver.com/p/search/%EC%9D%B4%EC%8B%9C%EB%8F%8C%EC%84%A0%EC%83%9D%EC%9D%98%20%EC%95%BD%EC%84%A0%EB%8F%84%EA%B0%80%20%EA%B2%BD%EA%B8%B0%EB%8F%84%20%EC%96%91%EC%A3%BC%EC%8B%9C%20%EC%9E%A5%ED%9D%A5%EB%A9%B4%20%EA%B6%8C%EC%9C%A8%EB%A1%9C%2088","미검토","미검토","아니오","","","API 참고 POI가 없는 미확인군. 지도 POI 화면에서 상호와 도로명주소를 대조하고, 불확실하면 좌표를 비움"
"364","쪽삼","경기도 양주시 어하고개로 56, 1층","","","","","https://map.naver.com/p/search/%EC%AA%BD%EC%82%BC%20%EA%B2%BD%EA%B8%B0%EB%8F%84%20%EC%96%91%EC%A3%BC%EC%8B%9C%20%EC%96%B4%ED%95%98%EA%B3%A0%EA%B0%9C%EB%A1%9C%2056%2C%201%EC%B8%B5","","쪽삼 경기도 양주시 어하고개로 56","도로명·건물번호 보조 검색","https://map.naver.com/p/search/%EC%AA%BD%EC%82%BC%20%EA%B2%BD%EA%B8%B0%EB%8F%84%20%EC%96%91%EC%A3%BC%EC%8B%9C%20%EC%96%B4%ED%95%98%EA%B3%A0%EA%B0%9C%EB%A1%9C%2056","미검토","미검토","아니오","","","API 참고 POI가 없는 미확인군. 지도 POI 화면에서 상호와 도로명주소를 대조하고, 불확실하면 좌표를 비움"
"367","페트라숯불구이","경기도 양주시 장흥면 일영로 601-100","","","","","https://map.naver.com/p/search/%ED%8E%98%ED%8A%B8%EB%9D%BC%EC%88%AF%EB%B6%88%EA%B5%AC%EC%9D%B4%20%EA%B2%BD%EA%B8%B0%EB%8F%84%20%EC%96%91%EC%A3%BC%EC%8B%9C%20%EC%9E%A5%ED%9D%A5%EB%A9%B4%20%EC%9D%BC%EC%98%81%EB%A1%9C%20601-100","","페트라숯불구이 경기도 양주시 장흥면 일영로 601-100","전체 주소 검색","https://map.naver.com/p/search/%ED%8E%98%ED%8A%B8%EB%9D%BC%EC%88%AF%EB%B6%88%EA%B5%AC%EC%9D%B4%20%EA%B2%BD%EA%B8%B0%EB%8F%84%20%EC%96%91%EC%A3%BC%EC%8B%9C%20%EC%9E%A5%ED%9D%A5%EB%A9%B4%20%EC%9D%BC%EC%98%81%EB%A1%9C%20601-100","미검토","미검토","아니오","","","API 참고 POI가 없는 미확인군. 지도 POI 화면에서 상호와 도로명주소를 대조하고, 불확실하면 좌표를 비움"
