"정본CSV행번호","업소명","시도","시군구","소재지도로명주소","소재지지번주소","혜택검토보고서","혜택검토판정","좌표감사판정","좌표감사사유","권장좌표검증상태","최초POI조회어","POI조회어","POI조회방식","POI상호","POI도로명주소","POI지번주소","감사제안위도","감사제안경도","좌표출처URL","우선순위","검토작업","검토결정","정본반영여부","검토메모"
"341","구들장생고기","경기도","양주시","경기도 양주시 엄상동길 66","","yangju-benefit-comparison-20260906.csv","현재 공식 목록 일치 후보","확인 후보","단일 상호·주소 일치 후보","확인 완료","구들장생고기 경기도 양주시 엄상동길 66","구들장생고기 경기도 양주시 엄상동길 66","전체 주소 검색","<b>구들장생고기</b>","경기도 양주시 엄상동길 66","경기도 양주시 고암동 148","37.8314259","127.069763","https://map.naver.com/p/search/%EA%B5%AC%EB%93%A4%EC%9E%A5%EC%83%9D%EA%B3%A0%EA%B8%B0%20%EA%B2%BD%EA%B8%B0%EB%8F%84%20%EC%96%91%EC%A3%BC%EC%8B%9C%20%EC%97%84%EC%83%81%EB%8F%99%EA%B8%B8%2066","P1","지도 POI 상호·주소를 사람이 대조한 뒤 승인 또는 반려","미검토","아니오","좌표·혜택 어느 쪽도 정본에 자동 반영하지 않음"
"351","만수장","경기도","양주시","경기도 양주시 평화로 1552-1","","yangju-benefit-comparison-20260906.csv","현재 공식 목록 일치 후보","확인 후보","단일 상호·주소 일치 후보","확인 완료","만수장 경기도 양주시 평화로 1552-1","만수장 경기도 양주시 평화로 1552-1","전체 주소 검색","<b>만수장</b>","경기도 양주시 평화로 1552-1","경기도 양주시 회정동 870-1","37.8276625","127.0536576","https://map.naver.com/p/search/%EB%A7%8C%EC%88%98%EC%9E%A5%20%EA%B2%BD%EA%B8%B0%EB%8F%84%20%EC%96%91%EC%A3%BC%EC%8B%9C%20%ED%8F%89%ED%99%94%EB%A1%9C%201552-1","P1","지도 POI 상호·주소를 사람이 대조한 뒤 승인 또는 반려","미검토","아니오","좌표·혜택 어느 쪽도 정본에 자동 반영하지 않음"
"355","소문난쭈꾸미생삼겹","경기도","양주시","경기도 양주시 엄상동길 50-16","","yangju-benefit-comparison-20260906.csv","현재 공식 목록 일치 후보","확인 후보","단일 상호·주소 일치 후보","확인 완료","소문난쭈꾸미생삼겹 경기도 양주시 엄상동길 50-16","소문난쭈꾸미생삼겹 경기도 양주시 엄상동길 50-16","전체 주소 검색","<b>소문난쭈꾸미생삼겹</b>","경기도 양주시 엄상동길 50-16","경기도 양주시 고암동 160-1","37.8307466","127.0687841","https://map.naver.com/p/search/%EC%86%8C%EB%AC%B8%EB%82%9C%EC%AD%88%EA%BE%B8%EB%AF%B8%EC%83%9D%EC%82%BC%EA%B2%B9%20%EA%B2%BD%EA%B8%B0%EB%8F%84%20%EC%96%91%EC%A3%BC%EC%8B%9C%20%EC%97%84%EC%83%81%EB%8F%99%EA%B8%B8%2050-16","P1","지도 POI 상호·주소를 사람이 대조한 뒤 승인 또는 반려","미검토","아니오","좌표·혜택 어느 쪽도 정본에 자동 반영하지 않음"
"362","장흥숯불갈비","경기도","양주시","경기도 양주시 화합로1361번길 32","","yangju-benefit-comparison-20260906.csv","현재 공식 목록 일치 후보","확인 후보","단일 상호·주소 일치 후보","확인 완료","장흥숯불갈비 경기도 양주시 화합로1361번길 32","장흥숯불갈비 경기도 양주시 화합로1361번길 32","전체 주소 검색","<b>장흥숯불갈비</b>","경기도 양주시 화합로1361번길 32","경기도 양주시 덕정동 132-17","37.8436292","127.0640493","https://map.naver.com/p/search/%EC%9E%A5%ED%9D%A5%EC%88%AF%EB%B6%88%EA%B0%88%EB%B9%84%20%EA%B2%BD%EA%B8%B0%EB%8F%84%20%EC%96%91%EC%A3%BC%EC%8B%9C%20%ED%99%94%ED%95%A9%EB%A1%9C1361%EB%B2%88%EA%B8%B8%2032","P1","지도 POI 상호·주소를 사람이 대조한 뒤 승인 또는 반려","미검토","아니오","좌표·혜택 어느 쪽도 정본에 자동 반영하지 않음"
"363","정주산장","경기도","양주시","경기도 양주시 장흥면 호국로550번길 102-127","","yangju-benefit-comparison-20260906.csv","현재 공식 목록 일치 후보","확인 후보","단일 상호·주소 일치 후보","확인 완료","정주산장 경기도 양주시 장흥면 호국로550번길 102-127","정주산장 경기도 양주시 장흥면 호국로550번길 102-127","전체 주소 검색","<b>정주산장</b>","경기도 양주시 장흥면 호국로550번길 102-127","경기도 양주시 장흥면 울대리 541-1","37.7128723","126.9823311","https://map.naver.com/p/search/%EC%A0%95%EC%A3%BC%EC%82%B0%EC%9E%A5%20%EA%B2%BD%EA%B8%B0%EB%8F%84%20%EC%96%91%EC%A3%BC%EC%8B%9C%20%EC%9E%A5%ED%9D%A5%EB%A9%B4%20%ED%98%B8%EA%B5%AD%EB%A1%9C550%EB%B2%88%EA%B8%B8%20102-127","P1","지도 POI 상호·주소를 사람이 대조한 뒤 승인 또는 반려","미검토","아니오","좌표·혜택 어느 쪽도 정본에 자동 반영하지 않음"
"365","초가마을","경기도","양주시","경기도 양주시 장흥면 권율로309번길 159","","yangju-benefit-comparison-20260906.csv","현재 공식 목록 일치 후보","확인 후보","단일 상호·주소 일치 후보","확인 완료","초가마을 경기도 양주시 장흥면 권율로309번길 159","초가마을 경기도 양주시 장흥면 권율로309번길 159","전체 주소 검색","<b>초가마을</b>","경기도 양주시 장흥면 권율로309번길 159","경기도 양주시 장흥면 석현리 328","37.7446708","126.9510398","https://map.naver.com/p/search/%EC%B4%88%EA%B0%80%EB%A7%88%EC%9D%84%20%EA%B2%BD%EA%B8%B0%EB%8F%84%20%EC%96%91%EC%A3%BC%EC%8B%9C%20%EC%9E%A5%ED%9D%A5%EB%A9%B4%20%EA%B6%8C%EC%9C%A8%EB%A1%9C309%EB%B2%88%EA%B8%B8%20159","P1","지도 POI 상호·주소를 사람이 대조한 뒤 승인 또는 반려","미검토","아니오","좌표·혜택 어느 쪽도 정본에 자동 반영하지 않음"
"368","행복한사람들","경기도","양주시","경기도 양주시 백석읍 권율로 852","","yangju-benefit-comparison-20260906.csv","현재 공식 목록 일치 후보","확인 후보","단일 상호·주소 일치 후보","확인 완료","행복한사람들 경기도 양주시 백석읍 권율로 852","행복한사람들 경기도 양주시 백석읍 권율로 852","전체 주소 검색","<b>행복한사람들</b>","경기도 양주시 백석읍 권율로 852","경기도 양주시 백석읍 기산리 131-2","37.774723","126.961398","https://map.naver.com/p/search/%ED%96%89%EB%B3%B5%ED%95%9C%EC%82%AC%EB%9E%8C%EB%93%A4%20%EA%B2%BD%EA%B8%B0%EB%8F%84%20%EC%96%91%EC%A3%BC%EC%8B%9C%20%EB%B0%B1%EC%84%9D%EC%9D%8D%20%EA%B6%8C%EC%9C%A8%EB%A1%9C%20852","P1","지도 POI 상호·주소를 사람이 대조한 뒤 승인 또는 반려","미검토","아니오","좌표·혜택 어느 쪽도 정본에 자동 반영하지 않음"
"118","개성연출","경기도","동두천시","경기도 동두천시 정장로31-12, 1층(생연동)","","ddc-benefit-comparison-20260906.csv","현재 공식 목록 일치 후보","재확인 필요","상호는 일치하지만 주소가 일치하지 않습니다","재확인 필요","개성연출 경기도 동두천시 정장로31-12, 1층(생연동)","개성연출 경기도 동두천시 정장로31-12","도로명·건물번호 보조 검색","","","","","","","P2","동일 상호·주소 후보를 지도에서 분기·지점까지 재확인","미검토","아니오","좌표·혜택 어느 쪽도 정본에 자동 반영하지 않음"
"119","고미나 헤어모드","경기도","동두천시","경기도 동두천시 동광로75-1(생연동)","","ddc-benefit-comparison-20260906.csv","현재 공식 목록 일치 후보","재확인 필요","상호는 일치하지만 주소가 일치하지 않습니다","재확인 필요","고미나 헤어모드 경기도 동두천시 동광로75-1(생연동)","고미나 헤어모드 경기도 동두천시 동광로75-1(생연동)","전체 주소 검색","","","","","","","P2","동일 상호·주소 후보를 지도에서 분기·지점까지 재확인","미검토","아니오","좌표·혜택 어느 쪽도 정본에 자동 반영하지 않음"
"151","그린파크모텔","경기도","동두천시","경기도 동두천시 어수로91-10(생연동)","","ddc-benefit-comparison-20260906.csv","현재 공식 목록 일치 후보","재확인 필요","상호는 일치하지만 주소가 일치하지 않습니다","재확인 필요","그린파크모텔 경기도 동두천시 어수로91-10(생연동)","그린파크모텔 경기도 동두천시 어수로91-10(생연동)","전체 주소 검색","","","","","","","P2","동일 상호·주소 후보를 지도에서 분기·지점까지 재확인","미검토","아니오","좌표·혜택 어느 쪽도 정본에 자동 반영하지 않음"
"120","김희정헤어샵","경기도","동두천시","경기도 동두천시 지행로65, 2층(지행동)","","ddc-benefit-comparison-20260906.csv","현재 공식 목록 일치 후보","재확인 필요","상호는 일치하지만 주소가 일치하지 않습니다","재확인 필요","김희정헤어샵 경기도 동두천시 지행로65, 2층(지행동)","김희정헤어샵 경기도 동두천시 지행로65","도로명·건물번호 보조 검색","","","","","","","P2","동일 상호·주소 후보를 지도에서 분기·지점까지 재확인","미검토","아니오","좌표·혜택 어느 쪽도 정본에 자동 반영하지 않음"
"159","넓은공간","경기도","동두천시","경기도 동두천시 평화로2910번길 82(상봉암동)","","ddc-benefit-comparison-20260906.csv","현재 공식 목록 일치 후보","재확인 필요","상호는 일치하지만 주소가 일치하지 않습니다","재확인 필요","넓은공간 경기도 동두천시 평화로2910번길 82(상봉암동)","넓은공간 경기도 동두천시 평화로2910번길 82(상봉암동)","전체 주소 검색","","","","","","","P2","동일 상호·주소 후보를 지도에서 분기·지점까지 재확인","미검토","아니오","좌표·혜택 어느 쪽도 정본에 자동 반영하지 않음"
"160","다복식당","경기도","동두천시","경기도 동두천시 생연로177(생연동)","","ddc-benefit-comparison-20260906.csv","현재 공식 목록 일치 후보","재확인 필요","상호는 일치하지만 주소가 일치하지 않습니다","재확인 필요","다복식당 경기도 동두천시 생연로177(생연동)","다복식당 경기도 동두천시 생연로177(생연동)","전체 주소 검색","","","","","","","P2","동일 상호·주소 후보를 지도에서 분기·지점까지 재확인","미검토","아니오","좌표·혜택 어느 쪽도 정본에 자동 반영하지 않음"
"163","대호숯불갈비","경기도","동두천시","경기도 동두천시 중앙로265번길 19(생연동)","","ddc-benefit-comparison-20260906.csv","현재 공식 목록 일치 후보","재확인 필요","상호는 일치하지만 주소가 일치하지 않습니다","재확인 필요","대호숯불갈비 경기도 동두천시 중앙로265번길 19(생연동)","대호숯불갈비 경기도 동두천시 중앙로265번길 19(생연동)","전체 주소 검색","","","","","","","P2","동일 상호·주소 후보를 지도에서 분기·지점까지 재확인","미검토","아니오","좌표·혜택 어느 쪽도 정본에 자동 반영하지 않음"
"164","동태한그릇","경기도","동두천시","경기도 동두천시 생연로155(생연동)","","ddc-benefit-comparison-20260906.csv","현재 공식 목록 일치 후보","재확인 필요","상호는 일치하지만 주소가 일치하지 않습니다","재확인 필요","동태한그릇 경기도 동두천시 생연로155(생연동)","동태한그릇 경기도 동두천시 생연로155(생연동)","전체 주소 검색","","","","","","","P2","동일 상호·주소 후보를 지도에서 분기·지점까지 재확인","미검토","아니오","좌표·혜택 어느 쪽도 정본에 자동 반영하지 않음"
"187","롯데리아 동두천점","경기도","동두천시","경기도 동두천시 중앙로270(생연동)","","ddc-benefit-comparison-20260906.csv","현재 공식 목록 일치 후보","재확인 필요","상호는 일치하지만 주소가 일치하지 않습니다","재확인 필요","롯데리아 동두천점 경기도 동두천시 중앙로270(생연동)","롯데리아 동두천점 경기도 동두천시 중앙로270(생연동)","전체 주소 검색","","","","","","","P2","동일 상호·주소 후보를 지도에서 분기·지점까지 재확인","미검토","아니오","좌표·혜택 어느 쪽도 정본에 자동 반영하지 않음"
"123","리안헤어 동두천지행역점","경기도","동두천시","경기도 동두천시 지행로56, 205호(지행동)","","ddc-benefit-comparison-20260906.csv","현재 공식 목록 일치 후보","재확인 필요","상호는 일치하지만 주소가 일치하지 않습니다","재확인 필요","리안헤어 동두천지행역점 경기도 동두천시 지행로56, 205호(지행동)","리안헤어 동두천지행역점 경기도 동두천시 지행로56","도로명·건물번호 보조 검색","","","","","","","P2","동일 상호·주소 후보를 지도에서 분기·지점까지 재확인","미검토","아니오","좌표·혜택 어느 쪽도 정본에 자동 반영하지 않음"
"124","마샹스헤어살롱","경기도","동두천시","경기도 동두천시 중앙로134-20, 202호(지행동)","","ddc-benefit-comparison-20260906.csv","현재 공식 목록 일치 후보","재확인 필요","상호는 일치하지만 주소가 일치하지 않습니다","재확인 필요","마샹스헤어살롱 경기도 동두천시 중앙로134-20, 202호(지행동)","마샹스헤어살롱 경기도 동두천시 중앙로134-20","도로명·건물번호 보조 검색","","","","","","","P2","동일 상호·주소 후보를 지도에서 분기·지점까지 재확인","미검토","아니오","좌표·혜택 어느 쪽도 정본에 자동 반영하지 않음"
"125","박미라 헤어스토리","경기도","동두천시","경기도 동두천시 평화로2452-1(생연동)","","ddc-benefit-comparison-20260906.csv","현재 공식 목록 일치 후보","재확인 필요","상호는 일치하지만 주소가 일치하지 않습니다","재확인 필요","박미라 헤어스토리 경기도 동두천시 평화로2452-1(생연동)","박미라 헤어스토리 경기도 동두천시 평화로2452-1(생연동)","전체 주소 검색","","","","","","","P2","동일 상호·주소 후보를 지도에서 분기·지점까지 재확인","미검토","아니오","좌표·혜택 어느 쪽도 정본에 자동 반영하지 않음"
"126","보배헤어샵","경기도","동두천시","경기도 동두천시 중앙로286번길 21-3(생연동)","","ddc-benefit-comparison-20260906.csv","현재 공식 목록 일치 후보","재확인 필요","상호는 일치하지만 주소가 일치하지 않습니다","재확인 필요","보배헤어샵 경기도 동두천시 중앙로286번길 21-3(생연동)","보배헤어샵 경기도 동두천시 중앙로286번길 21-3(생연동)","전체 주소 검색","","","","","","","P2","동일 상호·주소 후보를 지도에서 분기·지점까지 재확인","미검토","아니오","좌표·혜택 어느 쪽도 정본에 자동 반영하지 않음"
"127","삐삐머리방","경기도","동두천시","경기도 동두천시 평화로2530번길 35(보산동)","","ddc-benefit-comparison-20260906.csv","현재 공식 목록 일치 후보","재확인 필요","상호는 일치하지만 주소가 일치하지 않습니다","재확인 필요","삐삐머리방 경기도 동두천시 평화로2530번길 35(보산동)","삐삐머리방 경기도 동두천시 평화로2530번길 35(보산동)","전체 주소 검색","","","","","","","P2","동일 상호·주소 후보를 지도에서 분기·지점까지 재확인","미검토","아니오","좌표·혜택 어느 쪽도 정본에 자동 반영하지 않음"
"131","신지미헤어라인","경기도","동두천시","경기도 동두천시 광암로33번길 13-10(광암동)","","ddc-benefit-comparison-20260906.csv","현재 공식 목록 일치 후보","재확인 필요","상호는 일치하지만 주소가 일치하지 않습니다","재확인 필요","신지미헤어라인 경기도 동두천시 광암로33번길 13-10(광암동)","신지미헤어라인 경기도 동두천시 광암로33번길 13-10(광암동)","전체 주소 검색","","","","","","","P2","동일 상호·주소 후보를 지도에서 분기·지점까지 재확인","미검토","아니오","좌표·혜택 어느 쪽도 정본에 자동 반영하지 않음"
"170","요리하는경더기","경기도","동두천시","경기도 동두천시 중앙로134-20, 3층(지행동)","","ddc-benefit-comparison-20260906.csv","현재 공식 목록 일치 후보","재확인 필요","상호는 일치하지만 주소가 일치하지 않습니다","재확인 필요","요리하는경더기 경기도 동두천시 중앙로134-20, 3층(지행동)","요리하는경더기 경기도 동두천시 중앙로134-20","도로명·건물번호 보조 검색","","","","","","","P2","동일 상호·주소 후보를 지도에서 분기·지점까지 재확인","미검토","아니오","좌표·혜택 어느 쪽도 정본에 자동 반영하지 않음"
"174","으뜸코다리냉면","경기도","동두천시","경기도 동두천시 생연로170-2, 1층(생연동)","","ddc-benefit-comparison-20260906.csv","현재 공식 목록 일치 후보","재확인 필요","상호는 일치하지만 주소가 일치하지 않습니다","재확인 필요","으뜸코다리냉면 경기도 동두천시 생연로170-2, 1층(생연동)","으뜸코다리냉면 경기도 동두천시 생연로170-2","도로명·건물번호 보조 검색","","","","","","","P2","동일 상호·주소 후보를 지도에서 분기·지점까지 재확인","미검토","아니오","좌표·혜택 어느 쪽도 정본에 자동 반영하지 않음"
"176","장단콩터","경기도","동두천시","경기도 동두천시 생연로119-1, 1층(생연동)","","ddc-benefit-comparison-20260906.csv","현재 공식 목록 일치 후보","재확인 필요","상호는 일치하지만 주소가 일치하지 않습니다","재확인 필요","장단콩터 경기도 동두천시 생연로119-1, 1층(생연동)","장단콩터 경기도 동두천시 생연로119-1","도로명·건물번호 보조 검색","","","","","","","P2","동일 상호·주소 후보를 지도에서 분기·지점까지 재확인","미검토","아니오","좌표·혜택 어느 쪽도 정본에 자동 반영하지 않음"
"142","차희에스 머리사랑","경기도","동두천시","경기도 동두천시 행선로98(생연동)","","ddc-benefit-comparison-20260906.csv","현재 공식 목록 일치 후보","재확인 필요","상호는 일치하지만 주소가 일치하지 않습니다","재확인 필요","차희에스 머리사랑 경기도 동두천시 행선로98(생연동)","차희에스 머리사랑 경기도 동두천시 행선로98(생연동)","전체 주소 검색","","","","","","","P2","동일 상호·주소 후보를 지도에서 분기·지점까지 재확인","미검토","아니오","좌표·혜택 어느 쪽도 정본에 자동 반영하지 않음"
"178","처가집(부대찌개)","경기도","동두천시","경기도 동두천시 어수로91-3(생연동)","","ddc-benefit-comparison-20260906.csv","현재 공식 목록 일치 후보","재확인 필요","상호는 일치하지만 주소가 일치하지 않습니다","재확인 필요","처가집(부대찌개) 경기도 동두천시 어수로91-3(생연동)","처가집(부대찌개) 경기도 동두천시 어수로91-3(생연동)","전체 주소 검색","","","","","","","P2","동일 상호·주소 후보를 지도에서 분기·지점까지 재확인","미검토","아니오","좌표·혜택 어느 쪽도 정본에 자동 반영하지 않음"
"181","통큰부대찌개","경기도","동두천시","경기도 동두천시 생연로39-60(지행동)","","ddc-benefit-comparison-20260906.csv","현재 공식 목록 일치 후보","재확인 필요","상호는 일치하지만 주소가 일치하지 않습니다","재확인 필요","통큰부대찌개 경기도 동두천시 생연로39-60(지행동)","통큰부대찌개 경기도 동두천시 생연로39-60(지행동)","전체 주소 검색","","","","","","","P2","동일 상호·주소 후보를 지도에서 분기·지점까지 재확인","미검토","아니오","좌표·혜택 어느 쪽도 정본에 자동 반영하지 않음"
"182","특허받은 마늘콩짜장","경기도","동두천시","경기도 동두천시 평화로 2351(생연동)","","ddc-benefit-comparison-20260906.csv","현재 공식 목록 일치 후보","재확인 필요","상호는 일치하지만 주소가 일치하지 않습니다","재확인 필요","특허받은 마늘콩짜장 경기도 동두천시 평화로 2351(생연동)","특허받은 마늘콩짜장 경기도 동두천시 평화로 2351(생연동)","전체 주소 검색","","","","","","","P2","동일 상호·주소 후보를 지도에서 분기·지점까지 재확인","미검토","아니오","좌표·혜택 어느 쪽도 정본에 자동 반영하지 않음"
"148","헤어바이 미정","경기도","동두천시","경기도 동두천시 중앙로265번길 8(생연동)","","ddc-benefit-comparison-20260906.csv","현재 공식 목록 일치 후보","재확인 필요","상호는 일치하지만 주소가 일치하지 않습니다","재확인 필요","헤어바이 미정 경기도 동두천시 중앙로265번길 8(생연동)","헤어바이 미정 경기도 동두천시 중앙로265번길 8(생연동)","전체 주소 검색","","","","","","","P2","동일 상호·주소 후보를 지도에서 분기·지점까지 재확인","미검토","아니오","좌표·혜택 어느 쪽도 정본에 자동 반영하지 않음"
"186","황주생고기","경기도","동두천시","경기도 동두천시 생연로142(생연동)","","ddc-benefit-comparison-20260906.csv","현재 공식 목록 일치 후보","재확인 필요","상호는 일치하지만 주소가 일치하지 않습니다","재확인 필요","황주생고기 경기도 동두천시 생연로142(생연동)","황주생고기 경기도 동두천시 생연로142(생연동)","전체 주소 검색","","","","","","","P2","동일 상호·주소 후보를 지도에서 분기·지점까지 재확인","미검토","아니오","좌표·혜택 어느 쪽도 정본에 자동 반영하지 않음"
"340","고봉막국수","경기도","양주시","경기도 양주시 장흥면 권율로 88, 상가동 1층","","yangju-benefit-comparison-20260906.csv","현재 공식 목록 일치 후보","재확인 필요","상호는 일치하지만 주소가 일치하지 않습니다","재확인 필요","고봉막국수 경기도 양주시 장흥면 권율로 88, 상가동 1층","고봉막국수 경기도 양주시 장흥면 권율로 88","도로명·건물번호 보조 검색","","","","","","","P2","동일 상호·주소 후보를 지도에서 분기·지점까지 재확인","미검토","아니오","좌표·혜택 어느 쪽도 정본에 자동 반영하지 않음"
"342","김밥나라","경기도","양주시","경기도 양주시 평화로 1426","","yangju-benefit-comparison-20260906.csv","현재 공식 목록 일치 후보","재확인 필요","상호는 일치하지만 주소가 일치하지 않습니다","재확인 필요","김밥나라 경기도 양주시 평화로 1426","김밥나라 경기도 양주시 평화로 1426","전체 주소 검색","","","","","","","P2","동일 상호·주소 후보를 지도에서 분기·지점까지 재확인","미검토","아니오","좌표·혜택 어느 쪽도 정본에 자동 반영하지 않음"
"345","덕정갈비","경기도","양주시","경기도 양주시 덕정길 58","","yangju-benefit-comparison-20260906.csv","현재 공식 목록 일치 후보","재확인 필요","상호는 일치하지만 주소가 일치하지 않습니다","재확인 필요","덕정갈비 경기도 양주시 덕정길 58","덕정갈비 경기도 양주시 덕정길 58","전체 주소 검색","","","","","","","P2","동일 상호·주소 후보를 지도에서 분기·지점까지 재확인","미검토","아니오","좌표·혜택 어느 쪽도 정본에 자동 반영하지 않음"
"356","술들다","경기도","양주시","경기도 양주시 덕정4길 11","","yangju-benefit-comparison-20260906.csv","현재 공식 목록 일치 후보","재확인 필요","상호는 일치하지만 주소가 일치하지 않습니다","재확인 필요","술들다 경기도 양주시 덕정4길 11","술들다 경기도 양주시 덕정4길 11","전체 주소 검색","","","","","","","P2","동일 상호·주소 후보를 지도에서 분기·지점까지 재확인","미검토","아니오","좌표·혜택 어느 쪽도 정본에 자동 반영하지 않음"
"357","안다미로 샤브샤브","경기도","양주시","경기도 양주시 엄상동길 22-26","","yangju-benefit-comparison-20260906.csv","현재 공식 목록 일치 후보","재확인 필요","상호는 일치하지만 주소가 일치하지 않습니다","재확인 필요","안다미로 샤브샤브 경기도 양주시 엄상동길 22-26","안다미로 샤브샤브 경기도 양주시 엄상동길 22-26","전체 주소 검색","","","","","","","P2","동일 상호·주소 후보를 지도에서 분기·지점까지 재확인","미검토","아니오","좌표·혜택 어느 쪽도 정본에 자동 반영하지 않음"
"359","여울마당","경기도","양주시","경기도 양주시 장흥면 유원지로 318","","yangju-benefit-comparison-20260906.csv","현재 공식 목록 일치 후보","재확인 필요","상호는 일치하지만 주소가 일치하지 않습니다","재확인 필요","여울마당 경기도 양주시 장흥면 유원지로 318","여울마당 경기도 양주시 장흥면 유원지로 318","전체 주소 검색","","","","","","","P2","동일 상호·주소 후보를 지도에서 분기·지점까지 재확인","미검토","아니오","좌표·혜택 어느 쪽도 정본에 자동 반영하지 않음"
"442","6000컷트","경기도","파주시","파주시 파주읍 술이홀로 470","경기도 파주시 파주읍 연풍리 294-9","paju-benefit-comparison-20260906.csv","공식 참여업소 일치 후보","재확인 필요","상호는 일치하지만 주소가 일치하지 않습니다","재확인 필요","6000컷트 파주시 파주읍 술이홀로 470","6000컷트 파주시 파주읍 술이홀로 470","전체 주소 검색","","","","","","","P2","동일 상호·주소 후보를 지도에서 분기·지점까지 재확인","미검토","아니오","좌표·혜택 어느 쪽도 정본에 자동 반영하지 않음"
"74","게이트호텔","경기도","파주시","파주시 광탄면 보광로 505","경기도 파주시 광탄면 영장리 42-4","paju-benefit-comparison-20260906.csv","공식 참여업소 일치 후보","재확인 필요","상호는 일치하지만 주소가 일치하지 않습니다","재확인 필요","게이트호텔 파주시 광탄면 보광로 505","게이트호텔 파주시 광탄면 보광로 505","전체 주소 검색","","","","","","","P2","동일 상호·주소 후보를 지도에서 분기·지점까지 재확인","미검토","아니오","좌표·혜택 어느 쪽도 정본에 자동 반영하지 않음"
"394","그때그집","경기도","파주시","파주시 적성면 솥뒤로 15","경기도 파주시 적성면 마지리 45-5","paju-benefit-comparison-20260906.csv","공식 참여업소 일치 후보","재확인 필요","상호는 일치하지만 주소가 일치하지 않습니다","재확인 필요","그때그집 파주시 적성면 솥뒤로 15","그때그집 파주시 적성면 솥뒤로 15","전체 주소 검색","","","","","","","P2","동일 상호·주소 후보를 지도에서 분기·지점까지 재확인","미검토","아니오","좌표·혜택 어느 쪽도 정본에 자동 반영하지 않음"
"240","김밥나라","경기도","파주시","파주시 법원읍 사임당로 839","경기도 파주시 법원읍 대능리 87-19","paju-benefit-comparison-20260906.csv","공식 참여업소 일치 후보","재확인 필요","상호는 일치하지만 주소가 일치하지 않습니다","재확인 필요","김밥나라 파주시 법원읍 사임당로 839","김밥나라 파주시 법원읍 사임당로 839","전체 주소 검색","","","","","","","P2","동일 상호·주소 후보를 지도에서 분기·지점까지 재확인","미검토","아니오","좌표·혜택 어느 쪽도 정본에 자동 반영하지 않음"
"444","남해바다","경기도","파주시","파주시 파주읍 시장거리길 59-7","경기도 파주시 파주읍 파주리 453-25","paju-benefit-comparison-20260906.csv","공식 참여업소 일치 후보","재확인 필요","상호는 일치하지만 주소가 일치하지 않습니다","재확인 필요","남해바다 파주시 파주읍 시장거리길 59-7","남해바다 파주시 파주읍 시장거리길 59-7","전체 주소 검색","","","","","","","P2","동일 상호·주소 후보를 지도에서 분기·지점까지 재확인","미검토","아니오","좌표·혜택 어느 쪽도 정본에 자동 반영하지 않음"
"204","누구나홀딱반한닭 문산당동점","경기도","파주시","파주시 문산읍 당동2로 11-5","경기도 파주시 문산읍 당동리 889-2","paju-benefit-comparison-20260906.csv","공식 참여업소 일치 후보","재확인 필요","상호는 일치하지만 주소가 일치하지 않습니다","재확인 필요","누구나홀딱반한닭 문산당동점 파주시 문산읍 당동2로 11-5","누구나홀딱반한닭 문산당동점 파주시 문산읍 당동2로 11-5","전체 주소 검색","","","","","","","P2","동일 상호·주소 후보를 지도에서 분기·지점까지 재확인","미검토","아니오","좌표·혜택 어느 쪽도 정본에 자동 반영하지 않음"
"103","덕성원","경기도","파주시","파주시 명동길 43 (금촌동)","경기도 파주시 금촌동 323-10","paju-benefit-comparison-20260906.csv","공식 참여업소 일치 후보","재확인 필요","상호는 일치하지만 주소가 일치하지 않습니다","재확인 필요","덕성원 파주시 명동길 43 (금촌동)","덕성원 파주시 명동길 43 (금촌동)","전체 주소 검색","","","","","","","P2","동일 상호·주소 후보를 지도에서 분기·지점까지 재확인","미검토","아니오","좌표·혜택 어느 쪽도 정본에 자동 반영하지 않음"
"396","두지리강촌매운탕","경기도","파주시","파주시 적성면 술이홀로2316번길 31","경기도 파주시 적성면 두지리 88-5","paju-benefit-comparison-20260906.csv","공식 참여업소 일치 후보","재확인 필요","상호는 일치하지만 주소가 일치하지 않습니다","재확인 필요","두지리강촌매운탕 파주시 적성면 술이홀로2316번길 31","두지리강촌매운탕 파주시 적성면 술이홀로2316번길 31","전체 주소 검색","","","","","","","P2","동일 상호·주소 후보를 지도에서 분기·지점까지 재확인","미검토","아니오","좌표·혜택 어느 쪽도 정본에 자동 반영하지 않음"
"76","레드브릿지","경기도","파주시","파주시 광탄면 기산로 329","경기도 파주시 광탄면 기산리 449-1","paju-benefit-comparison-20260906.csv","공식 참여업소 일치 후보","재확인 필요","상호는 일치하지만 주소가 일치하지 않습니다","재확인 필요","레드브릿지 파주시 광탄면 기산로 329","레드브릿지 파주시 광탄면 기산로 329","전체 주소 검색","","","","","","","P2","동일 상호·주소 후보를 지도에서 분기·지점까지 재확인","미검토","아니오","좌표·혜택 어느 쪽도 정본에 자동 반영하지 않음"
"200","로얄모텔","경기도","파주시","파주시 문산읍 문향로49번길 20","경기도 파주시 문산읍 문산리 10-42","paju-benefit-comparison-20260906.csv","공식 참여업소 일치 후보","재확인 필요","상호는 일치하지만 주소가 일치하지 않습니다","재확인 필요","로얄모텔 파주시 문산읍 문향로49번길 20","로얄모텔 파주시 문산읍 문향로49번길 20","전체 주소 검색","","","","","","","P2","동일 상호·주소 후보를 지도에서 분기·지점까지 재확인","미검토","아니오","좌표·혜택 어느 쪽도 정본에 자동 반영하지 않음"
"246","무진장순대국","경기도","파주시","파주시 법원읍 사임당로 816","경기도 파주시 법원읍 대능리 94-46","paju-benefit-comparison-20260906.csv","공식 참여업소 일치 후보","재확인 필요","상호는 일치하지만 주소가 일치하지 않습니다","재확인 필요","무진장순대국 파주시 법원읍 사임당로 816","무진장순대국 파주시 법원읍 사임당로 816","전체 주소 검색","","","","","","","P2","동일 상호·주소 후보를 지도에서 분기·지점까지 재확인","미검토","아니오","좌표·혜택 어느 쪽도 정본에 자동 반영하지 않음"
"423","물고기자리","경기도","파주시","파주시 탄현면 헤이리마을길 48-48","경기도 파주시 탄현면 법흥리 1652-413","paju-benefit-comparison-20260906.csv","공식 참여업소 일치 후보","재확인 필요","상호는 일치하지만 주소가 일치하지 않습니다","재확인 필요","물고기자리 파주시 탄현면 헤이리마을길 48-48","물고기자리 파주시 탄현면 헤이리마을길 48-48","전체 주소 검색","","","","","","","P2","동일 상호·주소 후보를 지도에서 분기·지점까지 재확인","미검토","아니오","좌표·혜택 어느 쪽도 정본에 자동 반영하지 않음"
"104","미몽 파주금촌점","경기도","파주시","파주시 동산8길 39 (금촌동)","경기도 파주시 금촌동 945-33","paju-benefit-comparison-20260906.csv","공식 참여업소 일치 후보","재확인 필요","상호는 일치하지만 주소가 일치하지 않습니다","재확인 필요","미몽 파주금촌점 파주시 동산8길 39 (금촌동)","미몽 파주금촌점 파주시 동산8길 39 (금촌동)","전체 주소 검색","","","","","","","P2","동일 상호·주소 후보를 지도에서 분기·지점까지 재확인","미검토","아니오","좌표·혜택 어느 쪽도 정본에 자동 반영하지 않음"
"248","버섯집 초리골","경기도","파주시","파주시 법원읍 초리골길 12","경기도 파주시 법원읍 법원리 385-12","paju-benefit-comparison-20260906.csv","공식 참여업소 일치 후보","재확인 필요","상호는 일치하지만 주소가 일치하지 않습니다","재확인 필요","버섯집 초리골 파주시 법원읍 초리골길 12","버섯집 초리골 파주시 법원읍 초리골길 12","전체 주소 검색","","","","","","","P2","동일 상호·주소 후보를 지도에서 분기·지점까지 재확인","미검토","아니오","좌표·혜택 어느 쪽도 정본에 자동 반영하지 않음"
"447","봉황가","경기도","파주시","파주시 파주읍 우계로 35-1","경기도 파주시 파주읍 파주리 509-4","paju-benefit-comparison-20260906.csv","공식 참여업소 일치 후보","재확인 필요","상호는 일치하지만 주소가 일치하지 않습니다","재확인 필요","봉황가 파주시 파주읍 우계로 35-1","봉황가 파주시 파주읍 우계로 35-1","전체 주소 검색","","","","","","","P2","동일 상호·주소 후보를 지도에서 분기·지점까지 재확인","미검토","아니오","좌표·혜택 어느 쪽도 정본에 자동 반영하지 않음"
"214","삼산회관 파주문산점","경기도","파주시","파주시 문산읍 문향로 71","경기도 파주시 문산읍 문산리 6-2","paju-benefit-comparison-20260906.csv","공식 참여업소 일치 후보","재확인 필요","상호는 일치하지만 주소가 일치하지 않습니다","재확인 필요","삼산회관 파주문산점 파주시 문산읍 문향로 71","삼산회관 파주문산점 파주시 문산읍 문향로 71","전체 주소 검색","","","","","","","P2","동일 상호·주소 후보를 지도에서 분기·지점까지 재확인","미검토","아니오","좌표·혜택 어느 쪽도 정본에 자동 반영하지 않음"
"215","상원각","경기도","파주시","파주시 문산읍 문향로 35","경기도 파주시 문산읍 문산리 15-5","paju-benefit-comparison-20260906.csv","공식 참여업소 일치 후보","재확인 필요","상호는 일치하지만 주소가 일치하지 않습니다","재확인 필요","상원각 파주시 문산읍 문향로 35","상원각 파주시 문산읍 문향로 35","전체 주소 검색","","","","","","","P2","동일 상호·주소 후보를 지도에서 분기·지점까지 재확인","미검토","아니오","좌표·혜택 어느 쪽도 정본에 자동 반영하지 않음"
"413","상원포크","경기도","파주시","파주시 조리읍 봉천로 63","경기도 파주시 조리읍 봉일천리 179-2","paju-benefit-comparison-20260906.csv","공식 참여업소 일치 후보","재확인 필요","상호는 일치하지만 주소가 일치하지 않습니다","재확인 필요","상원포크 파주시 조리읍 봉천로 63","상원포크 파주시 조리읍 봉천로 63","전체 주소 검색","","","","","","","P2","동일 상호·주소 후보를 지도에서 분기·지점까지 재확인","미검토","아니오","좌표·혜택 어느 쪽도 정본에 자동 반영하지 않음"
"455","샘내 손두부","경기도","파주시","파주시 파평면 청송로 551-7","경기도 파주시 파평면 덕천리 408-3","paju-benefit-comparison-20260906.csv","공식 참여업소 일치 후보","재확인 필요","상호는 일치하지만 주소가 일치하지 않습니다","재확인 필요","샘내 손두부 파주시 파평면 청송로 551-7","샘내 손두부 파주시 파평면 청송로 551-7","전체 주소 검색","","","","","","","P2","동일 상호·주소 후보를 지도에서 분기·지점까지 재확인","미검토","아니오","좌표·혜택 어느 쪽도 정본에 자동 반영하지 않음"
"195","샴푸의요정","경기도","파주시","파주시 문산읍 문향로 60-1","경기도 파주시 문산읍 문산리 10-209","paju-benefit-comparison-20260906.csv","공식 참여업소 일치 후보","재확인 필요","상호는 일치하지만 주소가 일치하지 않습니다","재확인 필요","샴푸의요정 파주시 문산읍 문향로 60-1","샴푸의요정 파주시 문산읍 문향로 60-1","전체 주소 검색","","","","","","","P2","동일 상호·주소 후보를 지도에서 분기·지점까지 재확인","미검토","아니오","좌표·혜택 어느 쪽도 정본에 자동 반영하지 않음"
"101","성심모텔","경기도","파주시","파주시 아동로 4-3 (금촌동)","경기도 파주시 금촌동 51-37","paju-benefit-comparison-20260906.csv","공식 참여업소 일치 후보","재확인 필요","상호는 일치하지만 주소가 일치하지 않습니다","재확인 필요","성심모텔 파주시 아동로 4-3 (금촌동)","성심모텔 파주시 아동로 4-3 (금촌동)","전체 주소 검색","","","","","","","P2","동일 상호·주소 후보를 지도에서 분기·지점까지 재확인","미검토","아니오","좌표·혜택 어느 쪽도 정본에 자동 반영하지 않음"
"448","소풍N","경기도","파주시","파주시 파주읍 우계로 24","경기도 파주시 파주읍 파주리 543-6","paju-benefit-comparison-20260906.csv","공식 참여업소 일치 후보","재확인 필요","상호는 일치하지만 주소가 일치하지 않습니다","재확인 필요","소풍N 파주시 파주읍 우계로 24","소풍N 파주시 파주읍 우계로 24","전체 주소 검색","","","","","","","P2","동일 상호·주소 후보를 지도에서 분기·지점까지 재확인","미검토","아니오","좌표·혜택 어느 쪽도 정본에 자동 반영하지 않음"
"249","솥뚜껑삼겹살","경기도","파주시","파주시 법원읍 사임당로 814","","paju-benefit-comparison-20260906.csv","공식 참여업소 일치 후보","재확인 필요","상호는 일치하지만 주소가 일치하지 않습니다","재확인 필요","솥뚜껑삼겹살 파주시 법원읍 사임당로 814","솥뚜껑삼겹살 파주시 법원읍 사임당로 814","전체 주소 검색","","","","","","","P2","동일 상호·주소 후보를 지도에서 분기·지점까지 재확인","미검토","아니오","좌표·혜택 어느 쪽도 정본에 자동 반영하지 않음"
"392","승원장","경기도","파주시","파주시 적성면 칠중5길 8","경기도 파주시 적성면 구읍리 645-1","paju-benefit-comparison-20260906.csv","공식 참여업소 일치 후보","재확인 필요","상호는 일치하지만 주소가 일치하지 않습니다","재확인 필요","승원장 파주시 적성면 칠중5길 8","승원장 파주시 적성면 칠중5길 8","전체 주소 검색","","","","","","","P2","동일 상호·주소 후보를 지도에서 분기·지점까지 재확인","미검토","아니오","좌표·혜택 어느 쪽도 정본에 자동 반영하지 않음"
"87","아레볼","경기도","파주시","파주시 소라지로 309-12 (송촌동)","경기도 파주시 송촌동 647-1","paju-benefit-comparison-20260906.csv","공식 참여업소 일치 후보","재확인 필요","상호는 일치하지만 주소가 일치하지 않습니다","재확인 필요","아레볼 파주시 소라지로 309-12 (송촌동)","아레볼 파주시 소라지로 309-12 (송촌동)","전체 주소 검색","","","","","","","P2","동일 상호·주소 후보를 지도에서 분기·지점까지 재확인","미검토","아니오","좌표·혜택 어느 쪽도 정본에 자동 반영하지 않음"
"218","아리비스트로","경기도","파주시","파주시 문산읍 당동1로 53-5","경기도 파주시 문산읍 당동리 168","paju-benefit-comparison-20260906.csv","공식 참여업소 일치 후보","재확인 필요","상호는 일치하지만 주소가 일치하지 않습니다","재확인 필요","아리비스트로 파주시 문산읍 당동1로 53-5","아리비스트로 파주시 문산읍 당동1로 53-5","전체 주소 검색","","","","","","","P2","동일 상호·주소 후보를 지도에서 분기·지점까지 재확인","미검토","아니오","좌표·혜택 어느 쪽도 정본에 자동 반영하지 않음"
"426","어화둥둥","경기도","파주시","파주시 탄현면 새오리로 113-46","경기도 파주시 탄현면 성동리 118","paju-benefit-comparison-20260906.csv","공식 참여업소 일치 후보","재확인 필요","상호는 일치하지만 주소가 일치하지 않습니다","재확인 필요","어화둥둥 파주시 탄현면 새오리로 113-46","어화둥둥 파주시 탄현면 새오리로 113-46","전체 주소 검색","","","","","","","P2","동일 상호·주소 후보를 지도에서 분기·지점까지 재확인","미검토","아니오","좌표·혜택 어느 쪽도 정본에 자동 반영하지 않음"
"79","엘리스오븐","경기도","파주시","파주시 광탄면 기산로 195 1,2층","경기도 파주시 광탄면 기산리 515-1","paju-benefit-comparison-20260906.csv","공식 참여업소 일치 후보","재확인 필요","상호는 일치하지만 주소가 일치하지 않습니다","재확인 필요","엘리스오븐 파주시 광탄면 기산로 195 1,2층","엘리스오븐 파주시 광탄면 기산로 195 1","도로명·건물번호 보조 검색","","","","","","","P2","동일 상호·주소 후보를 지도에서 분기·지점까지 재확인","미검토","아니오","좌표·혜택 어느 쪽도 정본에 자동 반영하지 않음"
"107","여명 양평해장국","경기도","파주시","파주시 번영로 36 (금촌동)","경기도 파주시 금촌동 942-11","paju-benefit-comparison-20260906.csv","공식 참여업소 일치 후보","재확인 필요","상호는 일치하지만 주소가 일치하지 않습니다","재확인 필요","여명 양평해장국 파주시 번영로 36 (금촌동)","여명 양평해장국 파주시 번영로 36 (금촌동)","전체 주소 검색","","","","","","","P2","동일 상호·주소 후보를 지도에서 분기·지점까지 재확인","미검토","아니오","좌표·혜택 어느 쪽도 정본에 자동 반영하지 않음"
"108","왔다삼겹살","경기도","파주시","파주시 원앙길 26 (금촌동)","경기도 파주시 금촌동 41-1","paju-benefit-comparison-20260906.csv","공식 참여업소 일치 후보","재확인 필요","상호는 일치하지만 주소가 일치하지 않습니다","재확인 필요","왔다삼겹살 파주시 원앙길 26 (금촌동)","왔다삼겹살 파주시 원앙길 26 (금촌동)","전체 주소 검색","","","","","","","P2","동일 상호·주소 후보를 지도에서 분기·지점까지 재확인","미검토","아니오","좌표·혜택 어느 쪽도 정본에 자동 반영하지 않음"
"253","왕가네","경기도","파주시","파주시 법원읍 법원로 20","경기도 파주시 법원읍 법원리 434-28","paju-benefit-comparison-20260906.csv","공식 참여업소 일치 후보","재확인 필요","상호는 일치하지만 주소가 일치하지 않습니다","재확인 필요","왕가네 파주시 법원읍 법원로 20","왕가네 파주시 법원읍 법원로 20","전체 주소 검색","","","","","","","P2","동일 상호·주소 후보를 지도에서 분기·지점까지 재확인","미검토","아니오","좌표·혜택 어느 쪽도 정본에 자동 반영하지 않음"
"449","웅이네 의정부부대찌개","경기도","파주시","파주시 파주읍 파발로 9","경기도 파주시 파주읍 파주리 427-16","paju-benefit-comparison-20260906.csv","공식 참여업소 일치 후보","재확인 필요","상호는 일치하지만 주소가 일치하지 않습니다","재확인 필요","웅이네 의정부부대찌개 파주시 파주읍 파발로 9","웅이네 의정부부대찌개 파주시 파주읍 파발로 9","전체 주소 검색","","","","","","","P2","동일 상호·주소 후보를 지도에서 분기·지점까지 재확인","미검토","아니오","좌표·혜택 어느 쪽도 정본에 자동 반영하지 않음"
"401","원조두지리매운탕 1호점","경기도","파주시","파주시 적성면 술이홀로2316번길 45","경기도 파주시 적성면 두지리 89-1","paju-benefit-comparison-20260906.csv","공식 참여업소 일치 후보","재확인 필요","상호는 일치하지만 주소가 일치하지 않습니다","재확인 필요","원조두지리매운탕 1호점 파주시 적성면 술이홀로2316번길 45","원조두지리매운탕 1호점 파주시 적성면 술이홀로2316번길 45","전체 주소 검색","","","","","","","P2","동일 상호·주소 후보를 지도에서 분기·지점까지 재확인","미검토","아니오","좌표·혜택 어느 쪽도 정본에 자동 반영하지 않음"
"98","이브 헤어샵","경기도","파주시","파주시 금정14길 35 (아동동)","경기도 파주시 아동동 334-4","paju-benefit-comparison-20260906.csv","공식 참여업소 일치 후보","재확인 필요","상호는 일치하지만 주소가 일치하지 않습니다","재확인 필요","이브 헤어샵 파주시 금정14길 35 (아동동)","이브 헤어샵 파주시 금정14길 35 (아동동)","전체 주소 검색","","","","","","","P2","동일 상호·주소 후보를 지도에서 분기·지점까지 재확인","미검토","아니오","좌표·혜택 어느 쪽도 정본에 자동 반영하지 않음"
"99","이정호 모델헤어","경기도","파주시","파주시 중앙로 318-1 (금촌동)","경기도 파주시 금촌동 44-21","paju-benefit-comparison-20260906.csv","공식 참여업소 일치 후보","재확인 필요","상호는 일치하지만 주소가 일치하지 않습니다","재확인 필요","이정호 모델헤어 파주시 중앙로 318-1 (금촌동)","이정호 모델헤어 파주시 중앙로 318-1 (금촌동)","전체 주소 검색","","","","","","","P2","동일 상호·주소 후보를 지도에서 분기·지점까지 재확인","미검토","아니오","좌표·혜택 어느 쪽도 정본에 자동 반영하지 않음"
"115","일품양평해장국 파주검산점","경기도","파주시","파주시 평화로 330 (검산동)","경기도 파주시 검산동 135-11","paju-benefit-comparison-20260906.csv","공식 참여업소 일치 후보","재확인 필요","상호는 일치하지만 주소가 일치하지 않습니다","재확인 필요","일품양평해장국 파주검산점 파주시 평화로 330 (검산동)","일품양평해장국 파주검산점 파주시 평화로 330 (검산동)","전체 주소 검색","","","","","","","P2","동일 상호·주소 후보를 지도에서 분기·지점까지 재확인","미검토","아니오","좌표·혜택 어느 쪽도 정본에 자동 반영하지 않음"
"403","임진강매운탕","경기도","파주시","파주시 적성면 술이홀로2316번길 39","경기도 파주시 적성면 두지리 88-3","paju-benefit-comparison-20260906.csv","공식 참여업소 일치 후보","재확인 필요","상호는 일치하지만 주소가 일치하지 않습니다","재확인 필요","임진강매운탕 파주시 적성면 술이홀로2316번길 39","임진강매운탕 파주시 적성면 술이홀로2316번길 39","전체 주소 검색","","","","","","","P2","동일 상호·주소 후보를 지도에서 분기·지점까지 재확인","미검토","아니오","좌표·혜택 어느 쪽도 정본에 자동 반영하지 않음"
"457","임진강수라상","경기도","파주시","파주시 파평면 화석정로 101","경기도 파주시 파평면 율곡리 581","paju-benefit-comparison-20260906.csv","공식 참여업소 일치 후보","재확인 필요","상호는 일치하지만 주소가 일치하지 않습니다","재확인 필요","임진강수라상 파주시 파평면 화석정로 101","임진강수라상 파주시 파평면 화석정로 101","전체 주소 검색","","","","","","","P2","동일 상호·주소 후보를 지도에서 분기·지점까지 재확인","미검토","아니오","좌표·혜택 어느 쪽도 정본에 자동 반영하지 않음"
"222","장단가든","경기도","파주시","파주시 문산읍 임진나루길 133-12","경기도 파주시 문산읍 임진리 8-72","paju-benefit-comparison-20260906.csv","공식 참여업소 일치 후보","재확인 필요","상호는 일치하지만 주소가 일치하지 않습니다","재확인 필요","장단가든 파주시 문산읍 임진나루길 133-12","장단가든 파주시 문산읍 임진나루길 133-12","전체 주소 검색","","","","","","","P2","동일 상호·주소 후보를 지도에서 분기·지점까지 재확인","미검토","아니오","좌표·혜택 어느 쪽도 정본에 자동 반영하지 않음"
"405","장단콩퇴골두부","경기도","파주시","파주시 적성면 칠중3길 145","경기도 파주시 적성면 마지리 19-1","paju-benefit-comparison-20260906.csv","공식 참여업소 일치 후보","재확인 필요","상호는 일치하지만 주소가 일치하지 않습니다","재확인 필요","장단콩퇴골두부 파주시 적성면 칠중3길 145","장단콩퇴골두부 파주시 적성면 칠중3길 145","전체 주소 검색","","","","","","","P2","동일 상호·주소 후보를 지도에서 분기·지점까지 재확인","미검토","아니오","좌표·혜택 어느 쪽도 정본에 자동 반영하지 않음"
"430","전라도갈치찜전문점","경기도","파주시","파주시 탄현면 매봉길 12","경기도 파주시 탄현면 성동리 52-1","paju-benefit-comparison-20260906.csv","공식 참여업소 일치 후보","재확인 필요","상호는 일치하지만 주소가 일치하지 않습니다","재확인 필요","전라도갈치찜전문점 파주시 탄현면 매봉길 12","전라도갈치찜전문점 파주시 탄현면 매봉길 12","전체 주소 검색","","","","","","","P2","동일 상호·주소 후보를 지도에서 분기·지점까지 재확인","미검토","아니오","좌표·혜택 어느 쪽도 정본에 자동 반영하지 않음"
"110","중국성","경기도","파주시","파주시 아동로 13 (금촌동)","경기도 파주시 금촌동 42-1","paju-benefit-comparison-20260906.csv","공식 참여업소 일치 후보","재확인 필요","상호는 일치하지만 주소가 일치하지 않습니다","재확인 필요","중국성 파주시 아동로 13 (금촌동)","중국성 파주시 아동로 13 (금촌동)","전체 주소 검색","","","","","","","P2","동일 상호·주소 후보를 지도에서 분기·지점까지 재확인","미검토","아니오","좌표·혜택 어느 쪽도 정본에 자동 반영하지 않음"
"451","짜장마을","경기도","파주시","파주시 파주읍 술이홀로 463","경기도 파주시 파주읍 연풍리 279-9","paju-benefit-comparison-20260906.csv","공식 참여업소 일치 후보","재확인 필요","상호는 일치하지만 주소가 일치하지 않습니다","재확인 필요","짜장마을 파주시 파주읍 술이홀로 463","짜장마을 파주시 파주읍 술이홀로 463","전체 주소 검색","","","","","","","P2","동일 상호·주소 후보를 지도에서 분기·지점까지 재확인","미검토","아니오","좌표·혜택 어느 쪽도 정본에 자동 반영하지 않음"
"407","짱미엔","경기도","파주시","파주시 적성면 솥뒤로 14-1","경기도 파주시 적성면 마지리 45-12","paju-benefit-comparison-20260906.csv","공식 참여업소 일치 후보","재확인 필요","상호는 일치하지만 주소가 일치하지 않습니다","재확인 필요","짱미엔 파주시 적성면 솥뒤로 14-1","짱미엔 파주시 적성면 솥뒤로 14-1","전체 주소 검색","","","","","","","P2","동일 상호·주소 후보를 지도에서 분기·지점까지 재확인","미검토","아니오","좌표·혜택 어느 쪽도 정본에 자동 반영하지 않음"
"257","차향만당","경기도","파주시","파주시 법원읍 초리골길 70","경기도 파주시 법원읍 법원리 388-6","paju-benefit-comparison-20260906.csv","공식 참여업소 일치 후보","재확인 필요","상호는 일치하지만 주소가 일치하지 않습니다","재확인 필요","차향만당 파주시 법원읍 초리골길 70","차향만당 파주시 법원읍 초리골길 70","전체 주소 검색","","","","","","","P2","동일 상호·주소 후보를 지도에서 분기·지점까지 재확인","미검토","아니오","좌표·혜택 어느 쪽도 정본에 자동 반영하지 않음"
"225","천하곱창","경기도","파주시","파주시 문산읍 문향로 81","경기도 파주시 문산읍 선유리 955-19","paju-benefit-comparison-20260906.csv","공식 참여업소 일치 후보","재확인 필요","상호는 일치하지만 주소가 일치하지 않습니다","재확인 필요","천하곱창 파주시 문산읍 문향로 81","천하곱창 파주시 문산읍 문향로 81","전체 주소 검색","","","","","","","P2","동일 상호·주소 후보를 지도에서 분기·지점까지 재확인","미검토","아니오","좌표·혜택 어느 쪽도 정본에 자동 반영하지 않음"
"433","청송마루","경기도","파주시","파주시 탄현면 방촌로 1071","경기도 파주시 탄현면 낙하리 53-6","paju-benefit-comparison-20260906.csv","공식 참여업소 일치 후보","재확인 필요","상호는 일치하지만 주소가 일치하지 않습니다","재확인 필요","청송마루 파주시 탄현면 방촌로 1071","청송마루 파주시 탄현면 방촌로 1071","전체 주소 검색","","","","","","","P2","동일 상호·주소 후보를 지도에서 분기·지점까지 재확인","미검토","아니오","좌표·혜택 어느 쪽도 정본에 자동 반영하지 않음"
"263","초리골 제빵소","경기도","파주시","파주시 법원읍 초리골길 77","경기도 파주시 법원읍 법원리 389-1","paju-benefit-comparison-20260906.csv","공식 참여업소 일치 후보","재확인 필요","상호는 일치하지만 주소가 일치하지 않습니다","재확인 필요","초리골 제빵소 파주시 법원읍 초리골길 77","초리골 제빵소 파주시 법원읍 초리골길 77","전체 주소 검색","","","","","","","P2","동일 상호·주소 후보를 지도에서 분기·지점까지 재확인","미검토","아니오","좌표·혜택 어느 쪽도 정본에 자동 반영하지 않음"
"258","초리연","경기도","파주시","파주시 법원읍 초리골길 357-18","경기도 파주시 법원읍 법원리 112-1","paju-benefit-comparison-20260906.csv","공식 참여업소 일치 후보","재확인 필요","상호는 일치하지만 주소가 일치하지 않습니다","재확인 필요","초리연 파주시 법원읍 초리골길 357-18","초리연 파주시 법원읍 초리골길 357-18","전체 주소 검색","","","","","","","P2","동일 상호·주소 후보를 지도에서 분기·지점까지 재확인","미검토","아니오","좌표·혜택 어느 쪽도 정본에 자동 반영하지 않음"
"435","최고야짬뽕","경기도","파주시","파주시 탄현면 필승로 490","경기도 파주시 탄현면 성동리 663-5","paju-benefit-comparison-20260906.csv","공식 참여업소 일치 후보","재확인 필요","상호는 일치하지만 주소가 일치하지 않습니다","재확인 필요","최고야짬뽕 파주시 탄현면 필승로 490","최고야짬뽕 파주시 탄현면 필승로 490","전체 주소 검색","","","","","","","P2","동일 상호·주소 후보를 지도에서 분기·지점까지 재확인","미검토","아니오","좌표·혜택 어느 쪽도 정본에 자동 반영하지 않음"
"227","커피베이스","경기도","파주시","파주시 문산읍 독산로 48","경기도 파주시 문산읍 문산리 63-3","paju-benefit-comparison-20260906.csv","공식 참여업소 일치 후보","재확인 필요","상호는 일치하지만 주소가 일치하지 않습니다","재확인 필요","커피베이스 파주시 문산읍 독산로 48","커피베이스 파주시 문산읍 독산로 48","전체 주소 검색","","","","","","","P2","동일 상호·주소 후보를 지도에서 분기·지점까지 재확인","미검토","아니오","좌표·혜택 어느 쪽도 정본에 자동 반영하지 않음"
"102","테마모텔","경기도","파주시","파주시 중앙로 272 (금촌동)","경기도 파주시 금촌동 768-14","paju-benefit-comparison-20260906.csv","공식 참여업소 일치 후보","재확인 필요","상호는 일치하지만 주소가 일치하지 않습니다","재확인 필요","테마모텔 파주시 중앙로 272 (금촌동)","테마모텔 파주시 중앙로 272 (금촌동)","전체 주소 검색","","","","","","","P2","동일 상호·주소 후보를 지도에서 분기·지점까지 재확인","미검토","아니오","좌표·혜택 어느 쪽도 정본에 자동 반영하지 않음"
"260","통일식당","경기도","파주시","파주시 법원읍 사임당로 842","경기도 파주시 법원읍 대능리 84-51","paju-benefit-comparison-20260906.csv","공식 참여업소 일치 후보","재확인 필요","상호는 일치하지만 주소가 일치하지 않습니다","재확인 필요","통일식당 파주시 법원읍 사임당로 842","통일식당 파주시 법원읍 사임당로 842","전체 주소 검색","","","","","","","P2","동일 상호·주소 후보를 지도에서 분기·지점까지 재확인","미검토","아니오","좌표·혜택 어느 쪽도 정본에 자동 반영하지 않음"
"458","한우리매운탕","경기도","파주시","파주시 파평면 장승배기로 173-8","경기도 파주시 파평면 율곡리 277-3","paju-benefit-comparison-20260906.csv","공식 참여업소 일치 후보","재확인 필요","상호는 일치하지만 주소가 일치하지 않습니다","재확인 필요","한우리매운탕 파주시 파평면 장승배기로 173-8","한우리매운탕 파주시 파평면 장승배기로 173-8","전체 주소 검색","","","","","","","P2","동일 상호·주소 후보를 지도에서 분기·지점까지 재확인","미검토","아니오","좌표·혜택 어느 쪽도 정본에 자동 반영하지 않음"
"437","해민도예","경기도","파주시","파주시 탄현면 새오리로 209-19","경기도 파주시 탄현면 대동리 93-11","paju-benefit-comparison-20260906.csv","공식 참여업소 일치 후보","재확인 필요","상호는 일치하지만 주소가 일치하지 않습니다","재확인 필요","해민도예 파주시 탄현면 새오리로 209-19","해민도예 파주시 탄현면 새오리로 209-19","전체 주소 검색","","","","","","","P2","동일 상호·주소 후보를 지도에서 분기·지점까지 재확인","미검토","아니오","좌표·혜택 어느 쪽도 정본에 자동 반영하지 않음"
"86","해울한정식","경기도","파주시","파주시 지목로 65 (신촌동)","경기도 파주시 신촌동 70-16","paju-benefit-comparison-20260906.csv","공식 참여업소 일치 후보","재확인 필요","상호는 일치하지만 주소가 일치하지 않습니다","재확인 필요","해울한정식 파주시 지목로 65 (신촌동)","해울한정식 파주시 지목로 65 (신촌동)","전체 주소 검색","","","","","","","P2","동일 상호·주소 후보를 지도에서 분기·지점까지 재확인","미검토","아니오","좌표·혜택 어느 쪽도 정본에 자동 반영하지 않음"
"198","헤어갤러리","경기도","파주시","파주시 문산읍 문산로26번길 2","경기도 파주시 문산읍 문산리 42-23","paju-benefit-comparison-20260906.csv","공식 참여업소 일치 후보","재확인 필요","상호는 일치하지만 주소가 일치하지 않습니다","재확인 필요","헤어갤러리 파주시 문산읍 문산로26번길 2","헤어갤러리 파주시 문산읍 문산로26번길 2","전체 주소 검색","","","","","","","P2","동일 상호·주소 후보를 지도에서 분기·지점까지 재확인","미검토","아니오","좌표·혜택 어느 쪽도 정본에 자동 반영하지 않음"
"100","헤어그린","경기도","파주시","파주시 새꽃로 208 (아동동)","경기도 파주시 아동동 356-2","paju-benefit-comparison-20260906.csv","공식 참여업소 일치 후보","재확인 필요","상호는 일치하지만 주소가 일치하지 않습니다","재확인 필요","헤어그린 파주시 새꽃로 208 (아동동)","헤어그린 파주시 새꽃로 208 (아동동)","전체 주소 검색","","","","","","","P2","동일 상호·주소 후보를 지도에서 분기·지점까지 재확인","미검토","아니오","좌표·혜택 어느 쪽도 정본에 자동 반영하지 않음"
"421","DMZ장단콩두부마을","경기도","파주시","파주시 탄현면 평화로 902","경기도 파주시 탄현면 성동리 279","paju-benefit-comparison-20260906.csv","공식 참여업소 일치 후보","재확인 필요","상호는 일치하지만 주소가 일치하지 않습니다","재확인 필요","DMZ장단콩두부마을 파주시 탄현면 평화로 902","DMZ장단콩두부마을 파주시 탄현면 평화로 902","전체 주소 검색","","","","","","","P2","동일 상호·주소 후보를 지도에서 분기·지점까지 재확인","미검토","아니오","좌표·혜택 어느 쪽도 정본에 자동 반영하지 않음"
"199","M 모텔","경기도","파주시","파주시 문산읍 문향로 87-1","경기도 파주시 문산읍 선유리 950-85","paju-benefit-comparison-20260906.csv","공식 참여업소 일치 후보","재확인 필요","상호는 일치하지만 주소가 일치하지 않습니다","재확인 필요","M 모텔 파주시 문산읍 문향로 87-1","M 모텔 파주시 문산읍 문향로 87-1","전체 주소 검색","","","","","","","P2","동일 상호·주소 후보를 지도에서 분기·지점까지 재확인","미검토","아니오","좌표·혜택 어느 쪽도 정본에 자동 반영하지 않음"
"154","거북이삼겹살","경기도","동두천시","경기도 동두천시 생연로175, 1층(생연동)","","ddc-benefit-comparison-20260906.csv","현재 공식 목록 일치 후보","미확인","상호와 주소가 일치하는 후보가 없습니다","미확인","거북이삼겹살 경기도 동두천시 생연로175, 1층(생연동)","거북이삼겹살 경기도 동두천시 생연로175","도로명·건물번호 보조 검색","","","","","","","P3","업소명과 전체 주소로 지도 POI를 새로 확인하고, 불확실하면 좌표를 비움","미검토","아니오","좌표·혜택 어느 쪽도 정본에 자동 반영하지 않음"
"155","고기싸롱","경기도","동두천시","경기도 동두천시 평화로2313번길 7-26(지행동)","","ddc-benefit-comparison-20260906.csv","현재 공식 목록 일치 후보","미확인","상호와 주소가 일치하는 후보가 없습니다","미확인","고기싸롱 경기도 동두천시 평화로2313번길 7-26(지행동)","고기싸롱 경기도 동두천시 평화로2313번길 7-26(지행동)","전체 주소 검색","","","","","","","P3","업소명과 전체 주소로 지도 POI를 새로 확인하고, 불확실하면 좌표를 비움","미검토","아니오","좌표·혜택 어느 쪽도 정본에 자동 반영하지 않음"
"156","고봉민김밥 지행역점","경기도","동두천시","경기도 동두천시 중앙로126, 107호(지행동)","","ddc-benefit-comparison-20260906.csv","현재 공식 목록 일치 후보","미확인","지역 검색 결과가 없습니다","미확인","고봉민김밥 지행역점 경기도 동두천시 중앙로126, 107호(지행동)","고봉민김밥 지행역점 경기도 동두천시 중앙로126","도로명·건물번호 보조 검색","","","","","","","P3","업소명과 전체 주소로 지도 POI를 새로 확인하고, 불확실하면 좌표를 비움","미검토","아니오","좌표·혜택 어느 쪽도 정본에 자동 반영하지 않음"
"157","그집순대국","경기도","동두천시","경기도 동두천시 장고갯로157, 제1동(생연동)","","ddc-benefit-comparison-20260906.csv","현재 공식 목록 일치 후보","미확인","상호와 주소가 일치하는 후보가 없습니다","미확인","그집순대국 경기도 동두천시 장고갯로157, 제1동(생연동)","그집순대국 경기도 동두천시 장고갯로157","도로명·건물번호 보조 검색","","","","","","","P3","업소명과 전체 주소로 지도 POI를 새로 확인하고, 불확실하면 좌표를 비움","미검토","아니오","좌표·혜택 어느 쪽도 정본에 자동 반영하지 않음"
"122","노블헤어","경기도","동두천시","경기도 동두천시 거북마루로45, 상가동 202호(생연동)","","ddc-benefit-comparison-20260906.csv","현재 공식 목록 일치 후보","미확인","지역 검색 결과가 없습니다","미확인","노블헤어 경기도 동두천시 거북마루로45, 상가동 202호(생연동)","노블헤어 경기도 동두천시 거북마루로45","도로명·건물번호 보조 검색","","","","","","","P3","업소명과 전체 주소로 지도 POI를 새로 확인하고, 불확실하면 좌표를 비움","미검토","아니오","좌표·혜택 어느 쪽도 정본에 자동 반영하지 않음"
"161","다원","경기도","동두천시","경기도 동두천시 어수로102번길 6(생연동)","","ddc-benefit-comparison-20260906.csv","현재 공식 목록 일치 후보","미확인","지역 검색 결과가 없습니다","미확인","다원 경기도 동두천시 어수로102번길 6(생연동)","다원 경기도 동두천시 어수로102번길 6(생연동)","전체 주소 검색","","","","","","","P3","업소명과 전체 주소로 지도 POI를 새로 확인하고, 불확실하면 좌표를 비움","미검토","아니오","좌표·혜택 어느 쪽도 정본에 자동 반영하지 않음"
"162","대왕미가","경기도","동두천시","경기도 동두천시 삼육사로1009(생연동)","","ddc-benefit-comparison-20260906.csv","현재 공식 목록 일치 후보","미확인","지역 검색 결과가 없습니다","미확인","대왕미가 경기도 동두천시 삼육사로1009(생연동)","대왕미가 경기도 동두천시 삼육사로1009(생연동)","전체 주소 검색","","","","","","","P3","업소명과 전체 주소로 지도 POI를 새로 확인하고, 불확실하면 좌표를 비움","미검토","아니오","좌표·혜택 어느 쪽도 정본에 자동 반영하지 않음"
"188","빨간풍차제과점","경기도","동두천시","경기도 동두천시 동광로78번길 4(생연동)","","ddc-benefit-comparison-20260906.csv","현재 공식 목록 일치 후보","미확인","상호와 주소가 일치하는 후보가 없습니다","미확인","빨간풍차제과점 경기도 동두천시 동광로78번길 4(생연동)","빨간풍차제과점 경기도 동두천시 동광로78번길 4(생연동)","전체 주소 검색","","","","","","","P3","업소명과 전체 주소로 지도 POI를 새로 확인하고, 불확실하면 좌표를 비움","미검토","아니오","좌표·혜택 어느 쪽도 정본에 자동 반영하지 않음"
"130","신성순 헤어아트","경기도","동두천시","경기도 동두천시 중앙로278, 2층(생연동)","","ddc-benefit-comparison-20260906.csv","현재 공식 목록 일치 후보","미확인","상호와 주소가 일치하는 후보가 없습니다","미확인","신성순 헤어아트 경기도 동두천시 중앙로278, 2층(생연동)","신성순 헤어아트 경기도 동두천시 중앙로278","도로명·건물번호 보조 검색","","","","","","","P3","업소명과 전체 주소로 지도 POI를 새로 확인하고, 불확실하면 좌표를 비움","미검토","아니오","좌표·혜택 어느 쪽도 정본에 자동 반영하지 않음"
"132","안다미로","경기도","동두천시","경기도 동두천시 지행로107번길 13(지행동)","","ddc-benefit-comparison-20260906.csv","현재 공식 목록 일치 후보","미확인","상호와 주소가 일치하는 후보가 없습니다","미확인","안다미로 경기도 동두천시 지행로107번길 13(지행동)","안다미로 경기도 동두천시 지행로107번길 13(지행동)","전체 주소 검색","","","","","","","P3","업소명과 전체 주소로 지도 POI를 새로 확인하고, 불확실하면 좌표를 비움","미검토","아니오","좌표·혜택 어느 쪽도 정본에 자동 반영하지 않음"
"133","에이치H헤어","경기도","동두천시","경기도 동두천시 중앙로134-26, 1층 105호(지행동)","","ddc-benefit-comparison-20260906.csv","현재 공식 목록 일치 후보","미확인","상호와 주소가 일치하는 후보가 없습니다","미확인","에이치H헤어 경기도 동두천시 중앙로134-26, 1층 105호(지행동)","에이치H헤어 경기도 동두천시 중앙로134-26","도로명·건물번호 보조 검색","","","","","","","P3","업소명과 전체 주소로 지도 POI를 새로 확인하고, 불확실하면 좌표를 비움","미검토","아니오","좌표·혜택 어느 쪽도 정본에 자동 반영하지 않음"
"171","우막산순대국","경기도","동두천시","경기도 동두천시 평화로2261번길 22(지행동)","","ddc-benefit-comparison-20260906.csv","현재 공식 목록 일치 후보","미확인","상호와 주소가 일치하는 후보가 없습니다","미확인","우막산순대국 경기도 동두천시 평화로2261번길 22(지행동)","우막산순대국 경기도 동두천시 평화로2261번길 22(지행동)","전체 주소 검색","","","","","","","P3","업소명과 전체 주소로 지도 POI를 새로 확인하고, 불확실하면 좌표를 비움","미검토","아니오","좌표·혜택 어느 쪽도 정본에 자동 반영하지 않음"
"172","유경장작구이","경기도","동두천시","경기도 동두천시 평화로2910번길 10(상봉암동)","","ddc-benefit-comparison-20260906.csv","현재 공식 목록 일치 후보","미확인","상호와 주소가 일치하는 후보가 없습니다","미확인","유경장작구이 경기도 동두천시 평화로2910번길 10(상봉암동)","유경장작구이 경기도 동두천시 평화로2910번길 10(상봉암동)","전체 주소 검색","","","","","","","P3","업소명과 전체 주소로 지도 POI를 새로 확인하고, 불확실하면 좌표를 비움","미검토","아니오","좌표·혜택 어느 쪽도 정본에 자동 반영하지 않음"
"134","이선희헤어샵","경기도","동두천시","경기도 동두천시 삼육사로896, 1층(생연동)","","ddc-benefit-comparison-20260906.csv","현재 공식 목록 일치 후보","미확인","상호와 주소가 일치하는 후보가 없습니다","미확인","이선희헤어샵 경기도 동두천시 삼육사로896, 1층(생연동)","이선희헤어샵 경기도 동두천시 삼육사로896","도로명·건물번호 보조 검색","","","","","","","P3","업소명과 전체 주소로 지도 POI를 새로 확인하고, 불확실하면 좌표를 비움","미검토","아니오","좌표·혜택 어느 쪽도 정본에 자동 반영하지 않음"
"135","이지현미용실","경기도","동두천시","경기도 동두천시 중앙로295번길 26(생연동)","","ddc-benefit-comparison-20260906.csv","현재 공식 목록 일치 후보","미확인","지역 검색 결과가 없습니다","미확인","이지현미용실 경기도 동두천시 중앙로295번길 26(생연동)","이지현미용실 경기도 동두천시 중앙로295번길 26(생연동)","전체 주소 검색","","","","","","","P3","업소명과 전체 주소로 지도 POI를 새로 확인하고, 불확실하면 좌표를 비움","미검토","아니오","좌표·혜택 어느 쪽도 정본에 자동 반영하지 않음"
"136","인헤어","경기도","동두천시","경기도 동두천시 삼육사로902, 2동 104호(생연동)","","ddc-benefit-comparison-20260906.csv","현재 공식 목록 일치 후보","미확인","지역 검색 결과가 없습니다","미확인","인헤어 경기도 동두천시 삼육사로902, 2동 104호(생연동)","인헤어 경기도 동두천시 삼육사로902","도로명·건물번호 보조 검색","","","","","","","P3","업소명과 전체 주소로 지도 POI를 새로 확인하고, 불확실하면 좌표를 비움","미검토","아니오","좌표·혜택 어느 쪽도 정본에 자동 반영하지 않음"
"175","일미담","경기도","동두천시","경기도 동두천시 동광로73, 1층(생연동)","","ddc-benefit-comparison-20260906.csv","현재 공식 목록 일치 후보","미확인","상호와 주소가 일치하는 후보가 없습니다","미확인","일미담 경기도 동두천시 동광로73, 1층(생연동)","일미담 경기도 동두천시 동광로73","도로명·건물번호 보조 검색","","","","","","","P3","업소명과 전체 주소로 지도 POI를 새로 확인하고, 불확실하면 좌표를 비움","미검토","아니오","좌표·혜택 어느 쪽도 정본에 자동 반영하지 않음"
"138","쟝스헤어","경기도","동두천시","경기도 동두천시 평화로2915(상봉암동)","","ddc-benefit-comparison-20260906.csv","현재 공식 목록 일치 후보","미확인","지역 검색 결과가 없습니다","미확인","쟝스헤어 경기도 동두천시 평화로2915(상봉암동)","쟝스헤어 경기도 동두천시 평화로2915(상봉암동)","전체 주소 검색","","","","","","","P3","업소명과 전체 주소로 지도 POI를 새로 확인하고, 불확실하면 좌표를 비움","미검토","아니오","좌표·혜택 어느 쪽도 정본에 자동 반영하지 않음"
"152","제이(J)모텔","경기도","동두천시","경기도 동두천시 동두천로247-13(생연동)","","ddc-benefit-comparison-20260906.csv","현재 공식 목록 일치 후보","미확인","지역 검색 결과가 없습니다","미확인","제이(J)모텔 경기도 동두천시 동두천로247-13(생연동)","제이(J)모텔 경기도 동두천시 동두천로247-13(생연동)","전체 주소 검색","","","","","","","P3","업소명과 전체 주소로 지도 POI를 새로 확인하고, 불확실하면 좌표를 비움","미검토","아니오","좌표·혜택 어느 쪽도 정본에 자동 반영하지 않음"
"177","좋은날식당","경기도","동두천시","경기도 동두천시 중앙로265번길 23(생연동)","","ddc-benefit-comparison-20260906.csv","현재 공식 목록 일치 후보","미확인","상호와 주소가 일치하는 후보가 없습니다","미확인","좋은날식당 경기도 동두천시 중앙로265번길 23(생연동)","좋은날식당 경기도 동두천시 중앙로265번길 23(생연동)","전체 주소 검색","","","","","","","P3","업소명과 전체 주소로 지도 POI를 새로 확인하고, 불확실하면 좌표를 비움","미검토","아니오","좌표·혜택 어느 쪽도 정본에 자동 반영하지 않음"
"190","청년다방","경기도","동두천시","경기도 동두천시 평화로2261번길 9-6(지행동)","","ddc-benefit-comparison-20260906.csv","현재 공식 목록 일치 후보","미확인","상호와 주소가 일치하는 후보가 없습니다","미확인","청년다방 경기도 동두천시 평화로2261번길 9-6(지행동)","청년다방 경기도 동두천시 평화로2261번길 9-6(지행동)","전체 주소 검색","","","","","","","P3","업소명과 전체 주소로 지도 POI를 새로 확인하고, 불확실하면 좌표를 비움","미검토","아니오","좌표·혜택 어느 쪽도 정본에 자동 반영하지 않음"
"180","촌가","경기도","동두천시","경기도 동두천시 중앙로273번길 30, 1층(생연동)","","ddc-benefit-comparison-20260906.csv","현재 공식 목록 일치 후보","미확인","상호와 주소가 일치하는 후보가 없습니다","미확인","촌가 경기도 동두천시 중앙로273번길 30, 1층(생연동)","촌가 경기도 동두천시 중앙로273번길 30","도로명·건물번호 보조 검색","","","","","","","P3","업소명과 전체 주소로 지도 POI를 새로 확인하고, 불확실하면 좌표를 비움","미검토","아니오","좌표·혜택 어느 쪽도 정본에 자동 반영하지 않음"
"191","커피&유","경기도","동두천시","경기도 동두천시 정장로17번길 20, 1층(생연동)","","ddc-benefit-comparison-20260906.csv","현재 공식 목록 일치 후보","미확인","상호와 주소가 일치하는 후보가 없습니다","미확인","커피&유 경기도 동두천시 정장로17번길 20, 1층(생연동)","커피&유 경기도 동두천시 정장로17번길 20","도로명·건물번호 보조 검색","","","","","","","P3","업소명과 전체 주소로 지도 POI를 새로 확인하고, 불확실하면 좌표를 비움","미검토","아니오","좌표·혜택 어느 쪽도 정본에 자동 반영하지 않음"
"337","가마골 백숙","경기도","양주시","경기도 양주시 장흥면 북한산로 1028","","yangju-benefit-comparison-20260906.csv","현재 공식 목록 일치 후보","미확인","지역 검색 결과가 없습니다","미확인","가마골 백숙 경기도 양주시 장흥면 북한산로 1028","가마골 백숙 경기도 양주시 장흥면 북한산로 1028","전체 주소 검색","","","","","","","P3","업소명과 전체 주소로 지도 POI를 새로 확인하고, 불확실하면 좌표를 비움","미검토","아니오","좌표·혜택 어느 쪽도 정본에 자동 반영하지 않음"
"339","거시기닭갈비","경기도","양주시","경기도 양주시 엄상동길 22-25","","yangju-benefit-comparison-20260906.csv","현재 공식 목록 일치 후보","미확인","상호와 주소가 일치하는 후보가 없습니다","미확인","거시기닭갈비 경기도 양주시 엄상동길 22-25","거시기닭갈비 경기도 양주시 엄상동길 22-25","전체 주소 검색","","","","","","","P3","업소명과 전체 주소로 지도 POI를 새로 확인하고, 불확실하면 좌표를 비움","미검토","아니오","좌표·혜택 어느 쪽도 정본에 자동 반영하지 않음"
"344","다찜(고암점)","경기도","양주시","경기도 양주시 고암길 32","","yangju-benefit-comparison-20260906.csv","현재 공식 목록 일치 후보","미확인","지역 검색 결과가 없습니다","미확인","다찜(고암점) 경기도 양주시 고암길 32","다찜(고암점) 경기도 양주시 고암길 32","전체 주소 검색","","","","","","","P3","업소명과 전체 주소로 지도 POI를 새로 확인하고, 불확실하면 좌표를 비움","미검토","아니오","좌표·혜택 어느 쪽도 정본에 자동 반영하지 않음"
"346","두끼떡볶이(양주고읍점)","경기도","양주시","경기도 양주시 고읍남로 36, 2층","","yangju-benefit-comparison-20260906.csv","현재 공식 목록 일치 후보","미확인","지역 검색 결과가 없습니다","미확인","두끼떡볶이(양주고읍점) 경기도 양주시 고읍남로 36, 2층","두끼떡볶이(양주고읍점) 경기도 양주시 고읍남로 36","도로명·건물번호 보조 검색","","","","","","","P3","업소명과 전체 주소로 지도 POI를 새로 확인하고, 불확실하면 좌표를 비움","미검토","아니오","좌표·혜택 어느 쪽도 정본에 자동 반영하지 않음"
"348","등촌샤브칼국수","경기도","양주시","경기도 양주시 송랑로 64, 1층","","yangju-benefit-comparison-20260906.csv","현재 공식 목록 일치 후보","미확인","지역 검색 결과가 없습니다","미확인","등촌샤브칼국수 경기도 양주시 송랑로 64, 1층","등촌샤브칼국수 경기도 양주시 송랑로 64","도로명·건물번호 보조 검색","","","","","","","P3","업소명과 전체 주소로 지도 POI를 새로 확인하고, 불확실하면 좌표를 비움","미검토","아니오","좌표·혜택 어느 쪽도 정본에 자동 반영하지 않음"
"349","등촌칼국수","경기도","양주시","경기도 양주시 백석읍 고릉말로150번길 28 (1층)","","yangju-benefit-comparison-20260906.csv","현재 공식 목록 일치 후보","미확인","지역 검색 결과가 없습니다","미확인","등촌칼국수 경기도 양주시 백석읍 고릉말로150번길 28 (1층)","등촌칼국수 경기도 양주시 백석읍 고릉말로150번길 28 (1층)","전체 주소 검색","","","","","","","P3","업소명과 전체 주소로 지도 POI를 새로 확인하고, 불확실하면 좌표를 비움","미검토","아니오","좌표·혜택 어느 쪽도 정본에 자동 반영하지 않음"
"350","만두와김밥마을","경기도","양주시","경기도 양주시 부흥로 2122","","yangju-benefit-comparison-20260906.csv","현재 공식 목록 일치 후보","미확인","지역 검색 결과가 없습니다","미확인","만두와김밥마을 경기도 양주시 부흥로 2122","만두와김밥마을 경기도 양주시 부흥로 2122","전체 주소 검색","","","","","","","P3","업소명과 전체 주소로 지도 POI를 새로 확인하고, 불확실하면 좌표를 비움","미검토","아니오","좌표·혜택 어느 쪽도 정본에 자동 반영하지 않음"
"352","본도시락 덕정점","경기도","양주시","경기도 양주시 독바위로 9","","yangju-benefit-comparison-20260906.csv","현재 공식 목록 일치 후보","미확인","상호와 주소가 일치하는 후보가 없습니다","미확인","본도시락 덕정점 경기도 양주시 독바위로 9","본도시락 덕정점 경기도 양주시 독바위로 9","전체 주소 검색","","","","","","","P3","업소명과 전체 주소로 지도 POI를 새로 확인하고, 불확실하면 좌표를 비움","미검토","아니오","좌표·혜택 어느 쪽도 정본에 자동 반영하지 않음"
"353","산하식당","경기도","양주시","경기도 양주시 백석읍 기산로 410","","yangju-benefit-comparison-20260906.csv","현재 공식 목록 일치 후보","미확인","상호와 주소가 일치하는 후보가 없습니다","미확인","산하식당 경기도 양주시 백석읍 기산로 410","산하식당 경기도 양주시 백석읍 기산로 410","전체 주소 검색","","","","","","","P3","업소명과 전체 주소로 지도 POI를 새로 확인하고, 불확실하면 좌표를 비움","미검토","아니오","좌표·혜택 어느 쪽도 정본에 자동 반영하지 않음"
"354","삼호산장","경기도","양주시","경기도 양주시 백석읍 기산로 435","","yangju-benefit-comparison-20260906.csv","현재 공식 목록 일치 후보","미확인","상호와 주소가 일치하는 후보가 없습니다","미확인","삼호산장 경기도 양주시 백석읍 기산로 435","삼호산장 경기도 양주시 백석읍 기산로 435","전체 주소 검색","","","","","","","P3","업소명과 전체 주소로 지도 POI를 새로 확인하고, 불확실하면 좌표를 비움","미검토","아니오","좌표·혜택 어느 쪽도 정본에 자동 반영하지 않음"
"358","야한소갈비살","경기도","양주시","경기도 양주시 엄상동길 30-3","","yangju-benefit-comparison-20260906.csv","현재 공식 목록 일치 후보","미확인","상호와 주소가 일치하는 후보가 없습니다","미확인","야한소갈비살 경기도 양주시 엄상동길 30-3","야한소갈비살 경기도 양주시 엄상동길 30-3","전체 주소 검색","","","","","","","P3","업소명과 전체 주소로 지도 POI를 새로 확인하고, 불확실하면 좌표를 비움","미검토","아니오","좌표·혜택 어느 쪽도 정본에 자동 반영하지 않음"
"360","이시돌선생의 약선도가","경기도","양주시","경기도 양주시 장흥면 권율로 88","","yangju-benefit-comparison-20260906.csv","현재 공식 목록 일치 후보","미확인","지역 검색 결과가 없습니다","미확인","이시돌선생의 약선도가 경기도 양주시 장흥면 권율로 88","이시돌선생의 약선도가 경기도 양주시 장흥면 권율로 88","전체 주소 검색","","","","","","","P3","업소명과 전체 주소로 지도 POI를 새로 확인하고, 불확실하면 좌표를 비움","미검토","아니오","좌표·혜택 어느 쪽도 정본에 자동 반영하지 않음"
"364","쪽삼","경기도","양주시","경기도 양주시 어하고개로 56, 1층","","yangju-benefit-comparison-20260906.csv","현재 공식 목록 일치 후보","미확인","상호와 주소가 일치하는 후보가 없습니다","미확인","쪽삼 경기도 양주시 어하고개로 56, 1층","쪽삼 경기도 양주시 어하고개로 56","도로명·건물번호 보조 검색","","","","","","","P3","업소명과 전체 주소로 지도 POI를 새로 확인하고, 불확실하면 좌표를 비움","미검토","아니오","좌표·혜택 어느 쪽도 정본에 자동 반영하지 않음"
"367","페트라숯불구이","경기도","양주시","경기도 양주시 장흥면 일영로 601-100","","yangju-benefit-comparison-20260906.csv","현재 공식 목록 일치 후보","미확인","상호와 주소가 일치하는 후보가 없습니다","미확인","페트라숯불구이 경기도 양주시 장흥면 일영로 601-100","페트라숯불구이 경기도 양주시 장흥면 일영로 601-100","전체 주소 검색","","","","","","","P3","업소명과 전체 주소로 지도 POI를 새로 확인하고, 불확실하면 좌표를 비움","미검토","아니오","좌표·혜택 어느 쪽도 정본에 자동 반영하지 않음"
"224","(주)반구정나루터집","경기도","파주시","파주시 문산읍 반구정로85번길 13","경기도 파주시 문산읍 사목리 208-2","paju-benefit-comparison-20260906.csv","공식 참여업소 일치 후보","미확인","지역 검색 결과가 없습니다","미확인","(주)반구정나루터집 파주시 문산읍 반구정로85번길 13","(주)반구정나루터집 파주시 문산읍 반구정로85번길 13","전체 주소 검색","","","","","","","P3","업소명과 전체 주소로 지도 POI를 새로 확인하고, 불확실하면 좌표를 비움","미검토","아니오","좌표·혜택 어느 쪽도 정본에 자동 반영하지 않음"
"256","(주)함지박","경기도","파주시","파주시 법원읍 사임당로 800-8","경기도 파주시 법원읍 대능리 247-1","paju-benefit-comparison-20260906.csv","공식 참여업소 일치 후보","미확인","지역 검색 결과가 없습니다","미확인","(주)함지박 파주시 법원읍 사임당로 800-8","(주)함지박 파주시 법원읍 사임당로 800-8","전체 주소 검색","","","","","","","P3","업소명과 전체 주소로 지도 POI를 새로 확인하고, 불확실하면 좌표를 비움","미검토","아니오","좌표·혜택 어느 쪽도 정본에 자동 반영하지 않음"
"202","59쌀피자","경기도","파주시","파주시 문산읍 문향로68번길 8 1층","경기도 파주시 문산읍 문산리 61-40","paju-benefit-comparison-20260906.csv","공식 참여업소 일치 후보","미확인","지역 검색 결과가 없습니다","미확인","59쌀피자 파주시 문산읍 문향로68번길 8 1층","59쌀피자 파주시 문산읍 문향로68번길 8 1층","전체 주소 검색","","","","","","","P3","업소명과 전체 주소로 지도 POI를 새로 확인하고, 불확실하면 좌표를 비움","미검토","아니오","좌표·혜택 어느 쪽도 정본에 자동 반영하지 않음"
"203","갈비도둑","경기도","파주시","파주시 문산읍 문향로39번길 8","경기도 파주시 문산읍 문산리 11-9","paju-benefit-comparison-20260906.csv","공식 참여업소 일치 후보","미확인","상호와 주소가 일치하는 후보가 없습니다","미확인","갈비도둑 파주시 문산읍 문향로39번길 8","갈비도둑 파주시 문산읍 문향로39번길 8","전체 주소 검색","","","","","","","P3","업소명과 전체 주소로 지도 POI를 새로 확인하고, 불확실하면 좌표를 비움","미검토","아니오","좌표·혜택 어느 쪽도 정본에 자동 반영하지 않음"
"393","감악산한우마을구이식당","경기도","파주시","파주시 적성면 솥뒤로 38-1","경기도 파주시 적성면 마지리 39-12","paju-benefit-comparison-20260906.csv","공식 참여업소 일치 후보","미확인","지역 검색 결과가 없습니다","미확인","감악산한우마을구이식당 파주시 적성면 솥뒤로 38-1","감악산한우마을구이식당 파주시 적성면 솥뒤로 38-1","전체 주소 검색","","","","","","","P3","업소명과 전체 주소로 지도 POI를 새로 확인하고, 불확실하면 좌표를 비움","미검토","아니오","좌표·혜택 어느 쪽도 정본에 자동 반영하지 않음"
"415","굿타임","경기도","파주시","파주시 탄현면 새오리로161번길 53-34","경기도 파주시 탄현면 성동리 124-51","paju-benefit-comparison-20260906.csv","공식 참여업소 일치 후보","미확인","지역 검색 결과가 없습니다","미확인","굿타임 파주시 탄현면 새오리로161번길 53-34","굿타임 파주시 탄현면 새오리로161번길 53-34","전체 주소 검색","","","","","","","P3","업소명과 전체 주소로 지도 POI를 새로 확인하고, 불확실하면 좌표를 비움","미검토","아니오","좌표·혜택 어느 쪽도 정본에 자동 반영하지 않음"
"97","금헤어","경기도","파주시","파주시 금정4길 16 (금촌동)","경기도 파주시 금촌동 786-11","paju-benefit-comparison-20260906.csv","공식 참여업소 일치 후보","미확인","지역 검색 결과가 없습니다","미확인","금헤어 파주시 금정4길 16 (금촌동)","금헤어 파주시 금정4길 16 (금촌동)","전체 주소 검색","","","","","","","P3","업소명과 전체 주소로 지도 POI를 새로 확인하고, 불확실하면 좌표를 비움","미검토","아니오","좌표·혜택 어느 쪽도 정본에 자동 반영하지 않음"
"192","나포리미용실","경기도","파주시","파주시 문산읍 문향로56번길 19","경기도 파주시 문산읍 문산리 9-3","paju-benefit-comparison-20260906.csv","공식 참여업소 일치 후보","미확인","지역 검색 결과가 없습니다","미확인","나포리미용실 파주시 문산읍 문향로56번길 19","나포리미용실 파주시 문산읍 문향로56번길 19","전체 주소 검색","","","","","","","P3","업소명과 전체 주소로 지도 POI를 새로 확인하고, 불확실하면 좌표를 비움","미검토","아니오","좌표·혜택 어느 쪽도 정본에 자동 반영하지 않음"
"241","네네치킨","경기도","파주시","파주시 법원읍 사임당로 791","경기도 파주시 법원읍 가야리 37-7","paju-benefit-comparison-20260906.csv","공식 참여업소 일치 후보","미확인","상호와 주소가 일치하는 후보가 없습니다","미확인","네네치킨 파주시 법원읍 사임당로 791","네네치킨 파주시 법원읍 사임당로 791","전체 주소 검색","","","","","","","P3","업소명과 전체 주소로 지도 POI를 새로 확인하고, 불확실하면 좌표를 비움","미검토","아니오","좌표·혜택 어느 쪽도 정본에 자동 반영하지 않음"
"229","느낌헤어","경기도","파주시","파주시 법원읍 사임당로 851 1층","경기도 파주시 법원읍 대능리 81-31","paju-benefit-comparison-20260906.csv","공식 참여업소 일치 후보","미확인","지역 검색 결과가 없습니다","미확인","느낌헤어 파주시 법원읍 사임당로 851 1층","느낌헤어 파주시 법원읍 사임당로 851 1층","전체 주소 검색","","","","","","","P3","업소명과 전체 주소로 지도 POI를 새로 확인하고, 불확실하면 좌표를 비움","미검토","아니오","좌표·혜택 어느 쪽도 정본에 자동 반영하지 않음"
"242","능심","경기도","파주시","파주시 법원읍 애룡길 168 1층","경기도 파주시 법원읍 삼방리 515-29","paju-benefit-comparison-20260906.csv","공식 참여업소 일치 후보","미확인","지역 검색 결과가 없습니다","미확인","능심 파주시 법원읍 애룡길 168 1층","능심 파주시 법원읍 애룡길 168 1층","전체 주소 검색","","","","","","","P3","업소명과 전체 주소로 지도 POI를 새로 확인하고, 불확실하면 좌표를 비움","미검토","아니오","좌표·혜택 어느 쪽도 정본에 자동 반영하지 않음"
"395","능이백숙오리닭칼국수","경기도","파주시","파주시 적성면 칠중2길 144","경기도 파주시 적성면 구읍리 162-4","paju-benefit-comparison-20260906.csv","공식 참여업소 일치 후보","미확인","지역 검색 결과가 없습니다","미확인","능이백숙오리닭칼국수 파주시 적성면 칠중2길 144","능이백숙오리닭칼국수 파주시 적성면 칠중2길 144","전체 주소 검색","","","","","","","P3","업소명과 전체 주소로 지도 POI를 새로 확인하고, 불확실하면 좌표를 비움","미검토","아니오","좌표·혜택 어느 쪽도 정본에 자동 반영하지 않음"
"243","대가감자탕","경기도","파주시","파주시 법원읍 술이홀로 873 1층","경기도 파주시 법원읍 대능리 94-72","paju-benefit-comparison-20260906.csv","공식 참여업소 일치 후보","미확인","지역 검색 결과가 없습니다","미확인","대가감자탕 파주시 법원읍 술이홀로 873 1층","대가감자탕 파주시 법원읍 술이홀로 873 1층","전체 주소 검색","","","","","","","P3","업소명과 전체 주소로 지도 POI를 새로 확인하고, 불확실하면 좌표를 비움","미검토","아니오","좌표·혜택 어느 쪽도 정본에 자동 반영하지 않음"
"244","대덕가든","경기도","파주시","파주시 법원읍 애룡길 175 1층","경기도 파주시 법원읍 삼방리 514-1","paju-benefit-comparison-20260906.csv","공식 참여업소 일치 후보","미확인","지역 검색 결과가 없습니다","미확인","대덕가든 파주시 법원읍 애룡길 175 1층","대덕가든 파주시 법원읍 애룡길 175 1층","전체 주소 검색","","","","","","","P3","업소명과 전체 주소로 지도 POI를 새로 확인하고, 불확실하면 좌표를 비움","미검토","아니오","좌표·혜택 어느 쪽도 정본에 자동 반영하지 않음"
"422","더위즈(The WIZ)","경기도","파주시","파주시 탄현면 성동로 20-45","경기도 파주시 탄현면 성동리 679-4","paju-benefit-comparison-20260906.csv","공식 참여업소 일치 후보","미확인","상호와 주소가 일치하는 후보가 없습니다","미확인","더위즈(The WIZ) 파주시 탄현면 성동로 20-45","더위즈(The WIZ) 파주시 탄현면 성동로 20-45","전체 주소 검색","","","","","","","P3","업소명과 전체 주소로 지도 POI를 새로 확인하고, 불확실하면 좌표를 비움","미검토","아니오","좌표·혜택 어느 쪽도 정본에 자동 반영하지 않음"
"205","두근두근","경기도","파주시","파주시 문산읍 당동2로 11-1","경기도 파주시 문산읍 당동리 888","paju-benefit-comparison-20260906.csv","공식 참여업소 일치 후보","미확인","지역 검색 결과가 없습니다","미확인","두근두근 파주시 문산읍 당동2로 11-1","두근두근 파주시 문산읍 당동2로 11-1","전체 주소 검색","","","","","","","P3","업소명과 전체 주소로 지도 POI를 새로 확인하고, 불확실하면 좌표를 비움","미검토","아니오","좌표·혜택 어느 쪽도 정본에 자동 반영하지 않음"
"75","두둑한한판","경기도","파주시","파주시 광탄면 보광로 646","경기도 파주시 광탄면 영장리 357-10","paju-benefit-comparison-20260906.csv","공식 참여업소 일치 후보","미확인","상호와 주소가 일치하는 후보가 없습니다","미확인","두둑한한판 파주시 광탄면 보광로 646","두둑한한판 파주시 광탄면 보광로 646","전체 주소 검색","","","","","","","P3","업소명과 전체 주소로 지도 POI를 새로 확인하고, 불확실하면 좌표를 비움","미검토","아니오","좌표·혜택 어느 쪽도 정본에 자동 반영하지 않음"
"397","두지리별장매운탕","경기도","파주시","파주시 적성면 술이홀로2316번길 18","경기도 파주시 적성면 두지리 94-9","paju-benefit-comparison-20260906.csv","공식 참여업소 일치 후보","미확인","지역 검색 결과가 없습니다","미확인","두지리별장매운탕 파주시 적성면 술이홀로2316번길 18","두지리별장매운탕 파주시 적성면 술이홀로2316번길 18","전체 주소 검색","","","","","","","P3","업소명과 전체 주소로 지도 POI를 새로 확인하고, 불확실하면 좌표를 비움","미검토","아니오","좌표·혜택 어느 쪽도 정본에 자동 반영하지 않음"
"439","디엠지라운지(DMZ LOUNGE)","경기도","파주시","파주시 탄현면 새오리로161번길 90","","paju-benefit-comparison-20260906.csv","공식 참여업소 일치 후보","미확인","상호와 주소가 일치하는 후보가 없습니다","미확인","디엠지라운지(DMZ LOUNGE) 파주시 탄현면 새오리로161번길 90","디엠지라운지(DMZ LOUNGE) 파주시 탄현면 새오리로161번길 90","전체 주소 검색","","","","","","","P3","업소명과 전체 주소로 지도 POI를 새로 확인하고, 불확실하면 좌표를 비움","미검토","아니오","좌표·혜택 어느 쪽도 정본에 자동 반영하지 않음"
"206","또봉이통닭(문산점)","경기도","파주시","파주시 문산읍 봉미로 19","경기도 파주시 문산읍 선유리 907-2","paju-benefit-comparison-20260906.csv","공식 참여업소 일치 후보","미확인","상호와 주소가 일치하는 후보가 없습니다","미확인","또봉이통닭(문산점) 파주시 문산읍 봉미로 19","또봉이통닭(문산점) 파주시 문산읍 봉미로 19","전체 주소 검색","","","","","","","P3","업소명과 전체 주소로 지도 POI를 새로 확인하고, 불확실하면 좌표를 비움","미검토","아니오","좌표·혜택 어느 쪽도 정본에 자동 반영하지 않음"
"380","또오리","경기도","파주시","파주시 경의로 999-1 (야당동)","경기도 파주시 야당동 466-77","paju-benefit-comparison-20260906.csv","공식 참여업소 일치 후보","미확인","상호와 주소가 일치하는 후보가 없습니다","미확인","또오리 파주시 경의로 999-1 (야당동)","또오리 파주시 경의로 999-1 (야당동)","전체 주소 검색","","","","","","","P3","업소명과 전체 주소로 지도 POI를 새로 확인하고, 불확실하면 좌표를 비움","미검토","아니오","좌표·혜택 어느 쪽도 정본에 자동 반영하지 않음"
"193","라헬헤어","경기도","파주시","파주시 문산읍 문향로75번길 19-12 1층 일부","경기도 파주시 문산읍 문산리 73-29","paju-benefit-comparison-20260906.csv","공식 참여업소 일치 후보","미확인","지역 검색 결과가 없습니다","미확인","라헬헤어 파주시 문산읍 문향로75번길 19-12 1층 일부","라헬헤어 파주시 문산읍 문향로75번길 19-12 1층 일부","전체 주소 검색","","","","","","","P3","업소명과 전체 주소로 지도 POI를 새로 확인하고, 불확실하면 좌표를 비움","미검토","아니오","좌표·혜택 어느 쪽도 정본에 자동 반영하지 않음"
"245","로얄치킨/곱창매니아","경기도","파주시","파주시 법원읍 술이홀로 890-3","경기도 파주시 법원읍 대능리 89-16","paju-benefit-comparison-20260906.csv","공식 참여업소 일치 후보","미확인","상호와 주소가 일치하는 후보가 없습니다","미확인","로얄치킨/곱창매니아 파주시 법원읍 술이홀로 890-3","로얄치킨/곱창매니아 파주시 법원읍 술이홀로 890-3","전체 주소 검색","","","","","","","P3","업소명과 전체 주소로 지도 POI를 새로 확인하고, 불확실하면 좌표를 비움","미검토","아니오","좌표·혜택 어느 쪽도 정본에 자동 반영하지 않음"
"443","로즈헤어샾","경기도","파주시","파주시 파주읍 파발로 4","경기도 파주시 파주읍 파주리 441-13","paju-benefit-comparison-20260906.csv","공식 참여업소 일치 후보","미확인","지역 검색 결과가 없습니다","미확인","로즈헤어샾 파주시 파주읍 파발로 4","로즈헤어샾 파주시 파주읍 파발로 4","전체 주소 검색","","","","","","","P3","업소명과 전체 주소로 지도 POI를 새로 확인하고, 불확실하면 좌표를 비움","미검토","아니오","좌표·혜택 어느 쪽도 정본에 자동 반영하지 않음"
"385","말랭이국수","경기도","파주시","파주시 월롱면 통일로 725 1층 일부","경기도 파주시 월롱면 영태리 525-36","paju-benefit-comparison-20260906.csv","공식 참여업소 일치 후보","미확인","지역 검색 결과가 없습니다","미확인","말랭이국수 파주시 월롱면 통일로 725 1층 일부","말랭이국수 파주시 월롱면 통일로 725 1층 일부","전체 주소 검색","","","","","","","P3","업소명과 전체 주소로 지도 POI를 새로 확인하고, 불확실하면 좌표를 비움","미검토","아니오","좌표·혜택 어느 쪽도 정본에 자동 반영하지 않음"
"207","말랭이비빔국수","경기도","파주시","파주시 문산읍 방촌로 1463","경기도 파주시 문산읍 내포리 553-4","paju-benefit-comparison-20260906.csv","공식 참여업소 일치 후보","미확인","상호와 주소가 일치하는 후보가 없습니다","미확인","말랭이비빔국수 파주시 문산읍 방촌로 1463","말랭이비빔국수 파주시 문산읍 방촌로 1463","전체 주소 검색","","","","","","","P3","업소명과 전체 주소로 지도 POI를 새로 확인하고, 불확실하면 좌표를 비움","미검토","아니오","좌표·혜택 어느 쪽도 정본에 자동 반영하지 않음"
"398","명랑핫도그 적성점","경기도","파주시","파주시 적성면 청송로 1022 1층","경기도 파주시 적성면 마지리 62-30","paju-benefit-comparison-20260906.csv","공식 참여업소 일치 후보","미확인","지역 검색 결과가 없습니다","미확인","명랑핫도그 적성점 파주시 적성면 청송로 1022 1층","명랑핫도그 적성점 파주시 적성면 청송로 1022 1층","전체 주소 검색","","","","","","","P3","업소명과 전체 주소로 지도 POI를 새로 확인하고, 불확실하면 좌표를 비움","미검토","아니오","좌표·혜택 어느 쪽도 정본에 자동 반영하지 않음"
"201","모텔청화","경기도","파주시","파주시 문산읍 문향로 69-15","경기도 파주시 문산읍 문산리 61-78","paju-benefit-comparison-20260906.csv","공식 참여업소 일치 후보","미확인","상호와 주소가 일치하는 후보가 없습니다","미확인","모텔청화 파주시 문산읍 문향로 69-15","모텔청화 파주시 문산읍 문향로 69-15","전체 주소 검색","","","","","","","P3","업소명과 전체 주소로 지도 POI를 새로 확인하고, 불확실하면 좌표를 비움","미검토","아니오","좌표·혜택 어느 쪽도 정본에 자동 반영하지 않음"
"231","미미미용실","경기도","파주시","파주시 법원읍 술이홀로 869 1층","경기도 파주시 법원읍 대능리 94-105","paju-benefit-comparison-20260906.csv","공식 참여업소 일치 후보","미확인","지역 검색 결과가 없습니다","미확인","미미미용실 파주시 법원읍 술이홀로 869 1층","미미미용실 파주시 법원읍 술이홀로 869 1층","전체 주소 검색","","","","","","","P3","업소명과 전체 주소로 지도 POI를 새로 확인하고, 불확실하면 좌표를 비움","미검토","아니오","좌표·혜택 어느 쪽도 정본에 자동 반영하지 않음"
"112","미술관속 족발집","경기도","파주시","파주시 한마음1길 43 (금촌동) 2층","경기도 파주시 금촌동 960-7","paju-benefit-comparison-20260906.csv","공식 참여업소 일치 후보","미확인","지역 검색 결과가 없습니다","미확인","미술관속 족발집 파주시 한마음1길 43 (금촌동) 2층","미술관속 족발집 파주시 한마음1길 43 (금촌동) 2층","전체 주소 검색","","","","","","","P3","업소명과 전체 주소로 지도 POI를 새로 확인하고, 불확실하면 좌표를 비움","미검토","아니오","좌표·혜택 어느 쪽도 정본에 자동 반영하지 않음"
"84","민바리매운탕","경기도","파주시","파주시 쌀뚜기길 44-42 (문발동)","경기도 파주시 문발동 223-5","paju-benefit-comparison-20260906.csv","공식 참여업소 일치 후보","미확인","상호와 주소가 일치하는 후보가 없습니다","미확인","민바리매운탕 파주시 쌀뚜기길 44-42 (문발동)","민바리매운탕 파주시 쌀뚜기길 44-42 (문발동)","전체 주소 검색","","","","","","","P3","업소명과 전체 주소로 지도 POI를 새로 확인하고, 불확실하면 좌표를 비움","미검토","아니오","좌표·혜택 어느 쪽도 정본에 자동 반영하지 않음"
"247","바다수퍼 해물천하 조개구이.찜","경기도","파주시","파주시 법원읍 사임당로 820","경기도 파주시 법원읍 대능리 94-144","paju-benefit-comparison-20260906.csv","공식 참여업소 일치 후보","미확인","상호와 주소가 일치하는 후보가 없습니다","미확인","바다수퍼 해물천하 조개구이.찜 파주시 법원읍 사임당로 820","바다수퍼 해물천하 조개구이.찜 파주시 법원읍 사임당로 820","전체 주소 검색","","","","","","","P3","업소명과 전체 주소로 지도 POI를 새로 확인하고, 불확실하면 좌표를 비움","미검토","아니오","좌표·혜택 어느 쪽도 정본에 자동 반영하지 않음"
"208","바른생고기정육점 소풍정육식당","경기도","파주시","파주시 문산읍 문향로 12 1~2층","경기도 파주시 문산읍 문산리 17-522","paju-benefit-comparison-20260906.csv","공식 참여업소 일치 후보","미확인","지역 검색 결과가 없습니다","미확인","바른생고기정육점 소풍정육식당 파주시 문산읍 문향로 12 1~2층","바른생고기정육점 소풍정육식당 파주시 문산읍 문향로 12 1~2층","전체 주소 검색","","","","","","","P3","업소명과 전체 주소로 지도 POI를 새로 확인하고, 불확실하면 좌표를 비움","미검토","아니오","좌표·혜택 어느 쪽도 정본에 자동 반영하지 않음"
"446","바리루스","경기도","파주시","파주시 파주읍 봉서산로 245 2층 일부호","경기도 파주시 파주읍 봉암리 3-1","paju-benefit-comparison-20260906.csv","공식 참여업소 일치 후보","미확인","지역 검색 결과가 없습니다","미확인","바리루스 파주시 파주읍 봉서산로 245 2층 일부호","바리루스 파주시 파주읍 봉서산로 245 2층 일부호","전체 주소 검색","","","","","","","P3","업소명과 전체 주소로 지도 POI를 새로 확인하고, 불확실하면 좌표를 비움","미검토","아니오","좌표·혜택 어느 쪽도 정본에 자동 반영하지 않음"
"105","바삭옛날통닭","경기도","파주시","파주시 새꽃로 25 (금촌동) 103호","","paju-benefit-comparison-20260906.csv","공식 참여업소 일치 후보","미확인","지역 검색 결과가 없습니다","미확인","바삭옛날통닭 파주시 새꽃로 25 (금촌동) 103호","바삭옛날통닭 파주시 새꽃로 25 (금촌동) 103호","전체 주소 검색","","","","","","","P3","업소명과 전체 주소로 지도 POI를 새로 확인하고, 불확실하면 좌표를 비움","미검토","아니오","좌표·혜택 어느 쪽도 정본에 자동 반영하지 않음"
"209","박여사미락감자탕","경기도","파주시","파주시 문산읍 봉미로 9","경기도 파주시 문산읍 선유리 945-7","paju-benefit-comparison-20260906.csv","공식 참여업소 일치 후보","미확인","지역 검색 결과가 없습니다","미확인","박여사미락감자탕 파주시 문산읍 봉미로 9","박여사미락감자탕 파주시 문산읍 봉미로 9","전체 주소 검색","","","","","","","P3","업소명과 전체 주소로 지도 POI를 새로 확인하고, 불확실하면 좌표를 비움","미검토","아니오","좌표·혜택 어느 쪽도 정본에 자동 반영하지 않음"
"194","박준 뷰티랩","경기도","파주시","파주시 문산읍 방촌로 1719","경기도 파주시 문산읍 당동리 899","paju-benefit-comparison-20260906.csv","공식 참여업소 일치 후보","미확인","상호와 주소가 일치하는 후보가 없습니다","미확인","박준 뷰티랩 파주시 문산읍 방촌로 1719","박준 뷰티랩 파주시 문산읍 방촌로 1719","전체 주소 검색","","","","","","","P3","업소명과 전체 주소로 지도 POI를 새로 확인하고, 불확실하면 좌표를 비움","미검토","아니오","좌표·혜택 어느 쪽도 정본에 자동 반영하지 않음"
"210","밥꼬 문산점","경기도","파주시","파주시 문산읍 문향로67번길 15 1층","경기도 파주시 문산읍 문산리 61-28","paju-benefit-comparison-20260906.csv","공식 참여업소 일치 후보","미확인","지역 검색 결과가 없습니다","미확인","밥꼬 문산점 파주시 문산읍 문향로67번길 15 1층","밥꼬 문산점 파주시 문산읍 문향로67번길 15 1층","전체 주소 검색","","","","","","","P3","업소명과 전체 주소로 지도 POI를 새로 확인하고, 불확실하면 좌표를 비움","미검토","아니오","좌표·혜택 어느 쪽도 정본에 자동 반영하지 않음"
"378","밥꼬 운정점","경기도","파주시","파주시 산내로104번길 21-3 (목동동) 1층","경기도 파주시 목동동 971-1","paju-benefit-comparison-20260906.csv","공식 참여업소 일치 후보","미확인","지역 검색 결과가 없습니다","미확인","밥꼬 운정점 파주시 산내로104번길 21-3 (목동동) 1층","밥꼬 운정점 파주시 산내로104번길 21-3 (목동동) 1층","전체 주소 검색","","","","","","","P3","업소명과 전체 주소로 지도 POI를 새로 확인하고, 불확실하면 좌표를 비움","미검토","아니오","좌표·혜택 어느 쪽도 정본에 자동 반영하지 않음"
"232","백합미용실","경기도","파주시","파주시 법원읍 사임당로 815 1층","경기도 파주시 법원읍 대능리 94-58","paju-benefit-comparison-20260906.csv","공식 참여업소 일치 후보","미확인","지역 검색 결과가 없습니다","미확인","백합미용실 파주시 법원읍 사임당로 815 1층","백합미용실 파주시 법원읍 사임당로 815 1층","전체 주소 검색","","","","","","","P3","업소명과 전체 주소로 지도 POI를 새로 확인하고, 불확실하면 좌표를 비움","미검토","아니오","좌표·혜택 어느 쪽도 정본에 자동 반영하지 않음"
"424","베로키오","경기도","파주시","파주시 탄현면 새오리로 74","경기도 파주시 탄현면 성동리 87-3","paju-benefit-comparison-20260906.csv","공식 참여업소 일치 후보","미확인","상호와 주소가 일치하는 후보가 없습니다","미확인","베로키오 파주시 탄현면 새오리로 74","베로키오 파주시 탄현면 새오리로 74","전체 주소 검색","","","","","","","P3","업소명과 전체 주소로 지도 POI를 새로 확인하고, 불확실하면 좌표를 비움","미검토","아니오","좌표·혜택 어느 쪽도 정본에 자동 반영하지 않음"
"416","벨리타","경기도","파주시","파주시 탄현면 새오리로161번길 53-28","경기도 파주시 탄현면 성동리 124-50","paju-benefit-comparison-20260906.csv","공식 참여업소 일치 후보","미확인","상호와 주소가 일치하는 후보가 없습니다","미확인","벨리타 파주시 탄현면 새오리로161번길 53-28","벨리타 파주시 탄현면 새오리로161번길 53-28","전체 주소 검색","","","","","","","P3","업소명과 전체 주소로 지도 POI를 새로 확인하고, 불확실하면 좌표를 비움","미검토","아니오","좌표·혜택 어느 쪽도 정본에 자동 반영하지 않음"
"425","복드림한우고기","경기도","파주시","파주시 탄현면 새오리로 48","경기도 파주시 탄현면 성동리 67-12","paju-benefit-comparison-20260906.csv","공식 참여업소 일치 후보","미확인","상호와 주소가 일치하는 후보가 없습니다","미확인","복드림한우고기 파주시 탄현면 새오리로 48","복드림한우고기 파주시 탄현면 새오리로 48","전체 주소 검색","","","","","","","P3","업소명과 전체 주소로 지도 POI를 새로 확인하고, 불확실하면 좌표를 비움","미검토","아니오","좌표·혜택 어느 쪽도 정본에 자동 반영하지 않음"
"212","북촌손만두 파주문산점","경기도","파주시","파주시 문산읍 우계로 424 1층 110호","경기도 파주시 문산읍 선유리 611-1","paju-benefit-comparison-20260906.csv","공식 참여업소 일치 후보","미확인","지역 검색 결과가 없습니다","미확인","북촌손만두 파주문산점 파주시 문산읍 우계로 424 1층 110호","북촌손만두 파주문산점 파주시 문산읍 우계로 424 1층 110호","전체 주소 검색","","","","","","","P3","업소명과 전체 주소로 지도 POI를 새로 확인하고, 불확실하면 좌표를 비움","미검토","아니오","좌표·혜택 어느 쪽도 정본에 자동 반영하지 않음"
"384","브런치빈 파주점","경기도","파주시","파주시 경의로 1090 (야당동) 802,803호","경기도 파주시 야당동 1072-1","paju-benefit-comparison-20260906.csv","공식 참여업소 일치 후보","미확인","지역 검색 결과가 없습니다","미확인","브런치빈 파주점 파주시 경의로 1090 (야당동) 802,803호","브런치빈 파주점 파주시 경의로 1090 (야당동) 802","도로명·건물번호 보조 검색","","","","","","","P3","업소명과 전체 주소로 지도 POI를 새로 확인하고, 불확실하면 좌표를 비움","미검토","아니오","좌표·혜택 어느 쪽도 정본에 자동 반영하지 않음"
"374","비비큐 파주운정스타필드점","경기도","파주시","파주시 경의로1240번길 14-11 (와동동)","경기도 파주시 와동동 1438","paju-benefit-comparison-20260906.csv","공식 참여업소 일치 후보","미확인","상호와 주소가 일치하는 후보가 없습니다","미확인","비비큐 파주운정스타필드점 파주시 경의로1240번길 14-11 (와동동)","비비큐 파주운정스타필드점 파주시 경의로1240번길 14-11 (와동동)","전체 주소 검색","","","","","","","P3","업소명과 전체 주소로 지도 POI를 새로 확인하고, 불확실하면 좌표를 비움","미검토","아니오","좌표·혜택 어느 쪽도 정본에 자동 반영하지 않음"
"399","산아래","경기도","파주시","파주시 적성면 감악산로1241번길 56","경기도 파주시 적성면 구읍리 577-1","paju-benefit-comparison-20260906.csv","공식 참여업소 일치 후보","미확인","상호와 주소가 일치하는 후보가 없습니다","미확인","산아래 파주시 적성면 감악산로1241번길 56","산아래 파주시 적성면 감악산로1241번길 56","전체 주소 검색","","","","","","","P3","업소명과 전체 주소로 지도 POI를 새로 확인하고, 불확실하면 좌표를 비움","미검토","아니오","좌표·혜택 어느 쪽도 정본에 자동 반영하지 않음"
"213","삼겹살에 소주한잔","경기도","파주시","파주시 문산읍 문향로84번길 2 2층","경기도 파주시 문산읍 문산리 17-45","paju-benefit-comparison-20260906.csv","공식 참여업소 일치 후보","미확인","지역 검색 결과가 없습니다","미확인","삼겹살에 소주한잔 파주시 문산읍 문향로84번길 2 2층","삼겹살에 소주한잔 파주시 문산읍 문향로84번길 2 2층","전체 주소 검색","","","","","","","P3","업소명과 전체 주소로 지도 POI를 새로 확인하고, 불확실하면 좌표를 비움","미검토","아니오","좌표·혜택 어느 쪽도 정본에 자동 반영하지 않음"
"381","삼산회관 파주야당점","경기도","파주시","파주시 경의로 1030 (야당동) 1층 107호","경기도 파주시 야당동 1050","paju-benefit-comparison-20260906.csv","공식 참여업소 일치 후보","미확인","지역 검색 결과가 없습니다","미확인","삼산회관 파주야당점 파주시 경의로 1030 (야당동) 1층 107호","삼산회관 파주야당점 파주시 경의로 1030 (야당동) 1층 107호","전체 주소 검색","","","","","","","P3","업소명과 전체 주소로 지도 POI를 새로 확인하고, 불확실하면 좌표를 비움","미검토","아니오","좌표·혜택 어느 쪽도 정본에 자동 반영하지 않음"
"414","샤브올데이 파주봉일천점","경기도","파주시","파주시 조리읍 통일로 292 1층","경기도 파주시 조리읍 봉일천리 215-10","paju-benefit-comparison-20260906.csv","공식 참여업소 일치 후보","미확인","지역 검색 결과가 없습니다","미확인","샤브올데이 파주봉일천점 파주시 조리읍 통일로 292 1층","샤브올데이 파주봉일천점 파주시 조리읍 통일로 292 1층","전체 주소 검색","","","","","","","P3","업소명과 전체 주소로 지도 POI를 새로 확인하고, 불확실하면 좌표를 비움","미검토","아니오","좌표·혜택 어느 쪽도 정본에 자동 반영하지 않음"
"106","소담촌","경기도","파주시","파주시 후곡로 19 (금촌동) 3층 전부","경기도 파주시 금촌동 953-5","paju-benefit-comparison-20260906.csv","공식 참여업소 일치 후보","미확인","지역 검색 결과가 없습니다","미확인","소담촌 파주시 후곡로 19 (금촌동) 3층 전부","소담촌 파주시 후곡로 19 (금촌동) 3층 전부","전체 주소 검색","","","","","","","P3","업소명과 전체 주소로 지도 POI를 새로 확인하고, 불확실하면 좌표를 비움","미검토","아니오","좌표·혜택 어느 쪽도 정본에 자동 반영하지 않음"
"113","소스와 꼬꼬","경기도","파주시","파주시 한마음1길 40 (금촌동)","경기도 파주시 금촌동 959-11","paju-benefit-comparison-20260906.csv","공식 참여업소 일치 후보","미확인","상호와 주소가 일치하는 후보가 없습니다","미확인","소스와 꼬꼬 파주시 한마음1길 40 (금촌동)","소스와 꼬꼬 파주시 한마음1길 40 (금촌동)","전체 주소 검색","","","","","","","P3","업소명과 전체 주소로 지도 POI를 새로 확인하고, 불확실하면 좌표를 비움","미검토","아니오","좌표·혜택 어느 쪽도 정본에 자동 반영하지 않음"
"233","솔리드헤어","경기도","파주시","파주시 법원읍 사임당로 832-2 1층","경기도 파주시 법원읍 대능리 85-13","paju-benefit-comparison-20260906.csv","공식 참여업소 일치 후보","미확인","지역 검색 결과가 없습니다","미확인","솔리드헤어 파주시 법원읍 사임당로 832-2 1층","솔리드헤어 파주시 법원읍 사임당로 832-2 1층","전체 주소 검색","","","","","","","P3","업소명과 전체 주소로 지도 POI를 새로 확인하고, 불확실하면 좌표를 비움","미검토","아니오","좌표·혜택 어느 쪽도 정본에 자동 반영하지 않음"
"382","숙성사돈 운정역점","경기도","파주시","파주시 경의로1240번길 15 (와동동) 유은타워9차 101, 102호","경기도 파주시 야당동 1064","paju-benefit-comparison-20260906.csv","공식 참여업소 일치 후보","미확인","지역 검색 결과가 없습니다","미확인","숙성사돈 운정역점 파주시 경의로1240번길 15 (와동동) 유은타워9차 101, 102호","숙성사돈 운정역점 파주시 경의로1240번길 15 (와동동) 유은타워9차 101","도로명·건물번호 보조 검색","","","","","","","P3","업소명과 전체 주소로 지도 POI를 새로 확인하고, 불확실하면 좌표를 비움","미검토","아니오","좌표·혜택 어느 쪽도 정본에 자동 반영하지 않음"
"250","숙성사돈 파주 법원리 본점","경기도","파주시","파주시 법원읍 술이홀로 888-2 1층","경기도 파주시 법원읍 대능리 89-20","paju-benefit-comparison-20260906.csv","공식 참여업소 일치 후보","미확인","지역 검색 결과가 없습니다","미확인","숙성사돈 파주 법원리 본점 파주시 법원읍 술이홀로 888-2 1층","숙성사돈 파주 법원리 본점 파주시 법원읍 술이홀로 888-2 1층","전체 주소 검색","","","","","","","P3","업소명과 전체 주소로 지도 POI를 새로 확인하고, 불확실하면 좌표를 비움","미검토","아니오","좌표·혜택 어느 쪽도 정본에 자동 반영하지 않음"
"77","숙성사돈 파주광탄점","경기도","파주시","파주시 광탄면 큰여울길 8-1","경기도 파주시 광탄면 신산리 188-97","paju-benefit-comparison-20260906.csv","공식 참여업소 일치 후보","미확인","지역 검색 결과가 없습니다","미확인","숙성사돈 파주광탄점 파주시 광탄면 큰여울길 8-1","숙성사돈 파주광탄점 파주시 광탄면 큰여울길 8-1","전체 주소 검색","","","","","","","P3","업소명과 전체 주소로 지도 POI를 새로 확인하고, 불확실하면 좌표를 비움","미검토","아니오","좌표·혜택 어느 쪽도 정본에 자동 반영하지 않음"
"78","신나는 등갈비 엔 닭발","경기도","파주시","파주시 광탄면 혜음로 1117-1 1층","경기도 파주시 광탄면 신산리 224-12","paju-benefit-comparison-20260906.csv","공식 참여업소 일치 후보","미확인","지역 검색 결과가 없습니다","미확인","신나는 등갈비 엔 닭발 파주시 광탄면 혜음로 1117-1 1층","신나는 등갈비 엔 닭발 파주시 광탄면 혜음로 1117-1 1층","전체 주소 검색","","","","","","","P3","업소명과 전체 주소로 지도 POI를 새로 확인하고, 불확실하면 좌표를 비움","미검토","아니오","좌표·혜택 어느 쪽도 정본에 자동 반영하지 않음"
"234","신디헤어","경기도","파주시","파주시 법원읍 사임당로 850-2 1층","경기도 파주시 법원읍 대능리 81-40","paju-benefit-comparison-20260906.csv","공식 참여업소 일치 후보","미확인","지역 검색 결과가 없습니다","미확인","신디헤어 파주시 법원읍 사임당로 850-2 1층","신디헤어 파주시 법원읍 사임당로 850-2 1층","전체 주소 검색","","","","","","","P3","업소명과 전체 주소로 지도 POI를 새로 확인하고, 불확실하면 좌표를 비움","미검토","아니오","좌표·혜택 어느 쪽도 정본에 자동 반영하지 않음"
"251","신양꼬치&마라탕","경기도","파주시","파주시 법원읍 술이홀로 868-2 1층","경기도 파주시 법원읍 대능리 97-8","paju-benefit-comparison-20260906.csv","공식 참여업소 일치 후보","미확인","지역 검색 결과가 없습니다","미확인","신양꼬치&마라탕 파주시 법원읍 술이홀로 868-2 1층","신양꼬치&마라탕 파주시 법원읍 술이홀로 868-2 1층","전체 주소 검색","","","","","","","P3","업소명과 전체 주소로 지도 POI를 새로 확인하고, 불확실하면 좌표를 비움","미검토","아니오","좌표·혜택 어느 쪽도 정본에 자동 반영하지 않음"
"217","쑝쑝돈까스 문산점","경기도","파주시","파주시 문산읍 문향로67번길 10 1층","경기도 파주시 문산읍 문산리 61-65","paju-benefit-comparison-20260906.csv","공식 참여업소 일치 후보","미확인","지역 검색 결과가 없습니다","미확인","쑝쑝돈까스 문산점 파주시 문산읍 문향로67번길 10 1층","쑝쑝돈까스 문산점 파주시 문산읍 문향로67번길 10 1층","전체 주소 검색","","","","","","","P3","업소명과 전체 주소로 지도 POI를 새로 확인하고, 불확실하면 좌표를 비움","미검토","아니오","좌표·혜택 어느 쪽도 정본에 자동 반영하지 않음"
"196","씨케이미용실(CK 헤어)","경기도","파주시","파주시 문산읍 당동2로 11-5","경기도 파주시 문산읍 당동리 889-2","paju-benefit-comparison-20260906.csv","공식 참여업소 일치 후보","미확인","지역 검색 결과가 없습니다","미확인","씨케이미용실(CK 헤어) 파주시 문산읍 당동2로 11-5","씨케이미용실(CK 헤어) 파주시 문산읍 당동2로 11-5","전체 주소 검색","","","","","","","P3","업소명과 전체 주소로 지도 POI를 새로 확인하고, 불확실하면 좌표를 비움","미검토","아니오","좌표·혜택 어느 쪽도 정본에 자동 반영하지 않음"
"453","아비숑","경기도","파주시","파주시 파평면 화석정로126번길 122-35","경기도 파주시 파평면 율곡리 479","paju-benefit-comparison-20260906.csv","공식 참여업소 일치 후보","미확인","상호와 주소가 일치하는 후보가 없습니다","미확인","아비숑 파주시 파평면 화석정로126번길 122-35","아비숑 파주시 파평면 화석정로126번길 122-35","전체 주소 검색","","","","","","","P3","업소명과 전체 주소로 지도 POI를 새로 확인하고, 불확실하면 좌표를 비움","미검토","아니오","좌표·혜택 어느 쪽도 정본에 자동 반영하지 않음"
"219","아서원","경기도","파주시","파주시 문산읍 문향로49번길 20","경기도 파주시 문산읍 문산리 10-206","paju-benefit-comparison-20260906.csv","공식 참여업소 일치 후보","미확인","지역 검색 결과가 없습니다","미확인","아서원 파주시 문산읍 문향로49번길 20","아서원 파주시 문산읍 문향로49번길 20","전체 주소 검색","","","","","","","P3","업소명과 전체 주소로 지도 POI를 새로 확인하고, 불확실하면 좌표를 비움","미검토","아니오","좌표·혜택 어느 쪽도 정본에 자동 반영하지 않음"
"459","앵무새카페","경기도","파주시","파주시 파평면 파평산로363번길 32-9","경기도 파주시 파평면 두포리 121","paju-benefit-comparison-20260906.csv","공식 참여업소 일치 후보","미확인","지역 검색 결과가 없습니다","미확인","앵무새카페 파주시 파평면 파평산로363번길 32-9","앵무새카페 파주시 파평면 파평산로363번길 32-9","전체 주소 검색","","","","","","","P3","업소명과 전체 주소로 지도 POI를 새로 확인하고, 불확실하면 좌표를 비움","미검토","아니오","좌표·혜택 어느 쪽도 정본에 자동 반영하지 않음"
"383","양복점 파주야당점","경기도","파주시","파주시 소리천로8번길 36 (야당동) 106~107호","경기도 파주시 야당동 1064","paju-benefit-comparison-20260906.csv","공식 참여업소 일치 후보","미확인","지역 검색 결과가 없습니다","미확인","양복점 파주야당점 파주시 소리천로8번길 36 (야당동) 106~107호","양복점 파주야당점 파주시 소리천로8번길 36 (야당동) 106~107호","전체 주소 검색","","","","","","","P3","업소명과 전체 주소로 지도 POI를 새로 확인하고, 불확실하면 좌표를 비움","미검토","아니오","좌표·혜택 어느 쪽도 정본에 자동 반영하지 않음"
"197","에이바헤어 문산당동점","경기도","파주시","파주시 문산읍 방촌로 1719-62","경기도 파주시 문산읍 당동리 890","paju-benefit-comparison-20260906.csv","공식 참여업소 일치 후보","미확인","지역 검색 결과가 없습니다","미확인","에이바헤어 문산당동점 파주시 문산읍 방촌로 1719-62","에이바헤어 문산당동점 파주시 문산읍 방촌로 1719-62","전체 주소 검색","","","","","","","P3","업소명과 전체 주소로 지도 POI를 새로 확인하고, 불확실하면 좌표를 비움","미검토","아니오","좌표·혜택 어느 쪽도 정본에 자동 반영하지 않음"
"235","엣지머리방","경기도","파주시","파주시 법원읍 사임당로 836-1 1층","경기도 파주시 법원읍 대능리 85-4","paju-benefit-comparison-20260906.csv","공식 참여업소 일치 후보","미확인","지역 검색 결과가 없습니다","미확인","엣지머리방 파주시 법원읍 사임당로 836-1 1층","엣지머리방 파주시 법원읍 사임당로 836-1 1층","전체 주소 검색","","","","","","","P3","업소명과 전체 주소로 지도 POI를 새로 확인하고, 불확실하면 좌표를 비움","미검토","아니오","좌표·혜택 어느 쪽도 정본에 자동 반영하지 않음"
"85","여명양평해장국","경기도","파주시","파주시 지목로 65 (신촌동)","경기도 파주시 신촌동 70-16","paju-benefit-comparison-20260906.csv","공식 참여업소 일치 후보","미확인","지역 검색 결과가 없습니다","미확인","여명양평해장국 파주시 지목로 65 (신촌동)","여명양평해장국 파주시 지목로 65 (신촌동)","전체 주소 검색","","","","","","","P3","업소명과 전체 주소로 지도 POI를 새로 확인하고, 불확실하면 좌표를 비움","미검토","아니오","좌표·혜택 어느 쪽도 정본에 자동 반영하지 않음"
"391","예원헤어크레앙스","경기도","파주시","파주시 적성면 솥뒤로 16","경기도 파주시 적성면 마지리 45-11","paju-benefit-comparison-20260906.csv","공식 참여업소 일치 후보","미확인","지역 검색 결과가 없습니다","미확인","예원헤어크레앙스 파주시 적성면 솥뒤로 16","예원헤어크레앙스 파주시 적성면 솥뒤로 16","전체 주소 검색","","","","","","","P3","업소명과 전체 주소로 지도 POI를 새로 확인하고, 불확실하면 좌표를 비움","미검토","아니오","좌표·혜택 어느 쪽도 정본에 자동 반영하지 않음"
"427","옛날시골밥상","경기도","파주시","파주시 탄현면 새오리로 10","경기도 파주시 탄현면 법흥리 752-4","paju-benefit-comparison-20260906.csv","공식 참여업소 일치 후보","미확인","지역 검색 결과가 없습니다","미확인","옛날시골밥상 파주시 탄현면 새오리로 10","옛날시골밥상 파주시 탄현면 새오리로 10","전체 주소 검색","","","","","","","P3","업소명과 전체 주소로 지도 POI를 새로 확인하고, 불확실하면 좌표를 비움","미검토","아니오","좌표·혜택 어느 쪽도 정본에 자동 반영하지 않음"
"428","오두산막국수 통일로직영점","경기도","파주시","파주시 탄현면 성동로 17","경기도 파주시 탄현면 성동리 674","paju-benefit-comparison-20260906.csv","공식 참여업소 일치 후보","미확인","상호와 주소가 일치하는 후보가 없습니다","미확인","오두산막국수 통일로직영점 파주시 탄현면 성동로 17","오두산막국수 통일로직영점 파주시 탄현면 성동로 17","전체 주소 검색","","","","","","","P3","업소명과 전체 주소로 지도 POI를 새로 확인하고, 불확실하면 좌표를 비움","미검토","아니오","좌표·혜택 어느 쪽도 정본에 자동 반영하지 않음"
"252","오태식해바라기치킨","경기도","파주시","파주시 법원읍 사임당로 844","경기도 파주시 법원읍 대능리 84-34","paju-benefit-comparison-20260906.csv","공식 참여업소 일치 후보","미확인","상호와 주소가 일치하는 후보가 없습니다","미확인","오태식해바라기치킨 파주시 법원읍 사임당로 844","오태식해바라기치킨 파주시 법원읍 사임당로 844","전체 주소 검색","","","","","","","P3","업소명과 전체 주소로 지도 POI를 새로 확인하고, 불확실하면 좌표를 비움","미검토","아니오","좌표·혜택 어느 쪽도 정본에 자동 반영하지 않음"
"429","용궁칼국수","경기도","파주시","파주시 탄현면 새오리로 59-52","경기도 파주시 탄현면 성동리 77-1","paju-benefit-comparison-20260906.csv","공식 참여업소 일치 후보","미확인","상호와 주소가 일치하는 후보가 없습니다","미확인","용궁칼국수 파주시 탄현면 새오리로 59-52","용궁칼국수 파주시 탄현면 새오리로 59-52","전체 주소 검색","","","","","","","P3","업소명과 전체 주소로 지도 POI를 새로 확인하고, 불확실하면 좌표를 비움","미검토","아니오","좌표·혜택 어느 쪽도 정본에 자동 반영하지 않음"
"400","용화반점","경기도","파주시","파주시 적성면 솥뒤로 28 1층","경기도 파주시 적성면 마지리 37-4","paju-benefit-comparison-20260906.csv","공식 참여업소 일치 후보","미확인","지역 검색 결과가 없습니다","미확인","용화반점 파주시 적성면 솥뒤로 28 1층","용화반점 파주시 적성면 솥뒤로 28 1층","전체 주소 검색","","","","","","","P3","업소명과 전체 주소로 지도 POI를 새로 확인하고, 불확실하면 좌표를 비움","미검토","아니오","좌표·혜택 어느 쪽도 정본에 자동 반영하지 않음"
"402","유진참치","경기도","파주시","파주시 적성면 감악산로 1226","경기도 파주시 적성면 구읍리 162-1","paju-benefit-comparison-20260906.csv","공식 참여업소 일치 후보","미확인","상호와 주소가 일치하는 후보가 없습니다","미확인","유진참치 파주시 적성면 감악산로 1226","유진참치 파주시 적성면 감악산로 1226","전체 주소 검색","","","","","","","P3","업소명과 전체 주소로 지도 POI를 새로 확인하고, 불확실하면 좌표를 비움","미검토","아니오","좌표·혜택 어느 쪽도 정본에 자동 반영하지 않음"
"376","육심외할머니가든","경기도","파주시","파주시 경의로1240번길 14-11 (와동동) 204호","","paju-benefit-comparison-20260906.csv","공식 참여업소 일치 후보","미확인","지역 검색 결과가 없습니다","미확인","육심외할머니가든 파주시 경의로1240번길 14-11 (와동동) 204호","육심외할머니가든 파주시 경의로1240번길 14-11 (와동동) 204호","전체 주소 검색","","","","","","","P3","업소명과 전체 주소로 지도 POI를 새로 확인하고, 불확실하면 좌표를 비움","미검토","아니오","좌표·혜택 어느 쪽도 정본에 자동 반영하지 않음"
"220","육해공떠오르는집","경기도","파주시","파주시 문산읍 문향로84번길 7-1","경기도 파주시 문산읍 선유리 955-7","paju-benefit-comparison-20260906.csv","공식 참여업소 일치 후보","미확인","지역 검색 결과가 없습니다","미확인","육해공떠오르는집 파주시 문산읍 문향로84번길 7-1","육해공떠오르는집 파주시 문산읍 문향로84번길 7-1","전체 주소 검색","","","","","","","P3","업소명과 전체 주소로 지도 POI를 새로 확인하고, 불확실하면 좌표를 비움","미검토","아니오","좌표·혜택 어느 쪽도 정본에 자동 반영하지 않음"
"450","이조맛집","경기도","파주시","파주시 파주읍 술이홀로 392","경기도 파주시 파주읍 연풍리 472-8","paju-benefit-comparison-20260906.csv","공식 참여업소 일치 후보","미확인","상호와 주소가 일치하는 후보가 없습니다","미확인","이조맛집 파주시 파주읍 술이홀로 392","이조맛집 파주시 파주읍 술이홀로 392","전체 주소 검색","","","","","","","P3","업소명과 전체 주소로 지도 POI를 새로 확인하고, 불확실하면 좌표를 비움","미검토","아니오","좌표·혜택 어느 쪽도 정본에 자동 반영하지 않음"
"456","임꺽정 한우마을","경기도","파주시","파주시 파평면 화석정로 104","경기도 파주시 파평면 율곡리 580-6","paju-benefit-comparison-20260906.csv","공식 참여업소 일치 후보","미확인","지역 검색 결과가 없습니다","미확인","임꺽정 한우마을 파주시 파평면 화석정로 104","임꺽정 한우마을 파주시 파평면 화석정로 104","전체 주소 검색","","","","","","","P3","업소명과 전체 주소로 지도 POI를 새로 확인하고, 불확실하면 좌표를 비움","미검토","아니오","좌표·혜택 어느 쪽도 정본에 자동 반영하지 않음"
"404","임진강 인천식당 한우마을","경기도","파주시","파주시 적성면 솥뒤로37번길 4","경기도 파주시 적성면 마지리 39-29","paju-benefit-comparison-20260906.csv","공식 참여업소 일치 후보","미확인","상호와 주소가 일치하는 후보가 없습니다","미확인","임진강 인천식당 한우마을 파주시 적성면 솥뒤로37번길 4","임진강 인천식당 한우마을 파주시 적성면 솥뒤로37번길 4","전체 주소 검색","","","","","","","P3","업소명과 전체 주소로 지도 POI를 새로 확인하고, 불확실하면 좌표를 비움","미검토","아니오","좌표·혜택 어느 쪽도 정본에 자동 반영하지 않음"
"221","임진강나루","경기도","파주시","파주시 문산읍 반구정로 53-51","경기도 파주시 문산읍 사목리 183","paju-benefit-comparison-20260906.csv","공식 참여업소 일치 후보","미확인","상호와 주소가 일치하는 후보가 없습니다","미확인","임진강나루 파주시 문산읍 반구정로 53-51","임진강나루 파주시 문산읍 반구정로 53-51","전체 주소 검색","","","","","","","P3","업소명과 전체 주소로 지도 POI를 새로 확인하고, 불확실하면 좌표를 비움","미검토","아니오","좌표·혜택 어느 쪽도 정본에 자동 반영하지 않음"
"237","자유미용실","경기도","파주시","파주시 법원읍 사임당로 841-1 1층","경기도 파주시 법원읍 대능리 87-23","paju-benefit-comparison-20260906.csv","공식 참여업소 일치 후보","미확인","지역 검색 결과가 없습니다","미확인","자유미용실 파주시 법원읍 사임당로 841-1 1층","자유미용실 파주시 법원읍 사임당로 841-1 1층","전체 주소 검색","","","","","","","P3","업소명과 전체 주소로 지도 POI를 새로 확인하고, 불확실하면 좌표를 비움","미검토","아니오","좌표·혜택 어느 쪽도 정본에 자동 반영하지 않음"
"80","장단콩두부전문점","경기도","파주시","파주시 광탄면 큰여울길 35 1층 일부","경기도 파주시 광탄면 신산리 184-14","paju-benefit-comparison-20260906.csv","공식 참여업소 일치 후보","미확인","지역 검색 결과가 없습니다","미확인","장단콩두부전문점 파주시 광탄면 큰여울길 35 1층 일부","장단콩두부전문점 파주시 광탄면 큰여울길 35 1층 일부","전체 주소 검색","","","","","","","P3","업소명과 전체 주소로 지도 POI를 새로 확인하고, 불확실하면 좌표를 비움","미검토","아니오","좌표·혜택 어느 쪽도 정본에 자동 반영하지 않음"
"223","장단콩전문점","경기도","파주시","파주시 문산읍 문향로 59 1층 일부","경기도 파주시 문산읍 문산리 10-6","paju-benefit-comparison-20260906.csv","공식 참여업소 일치 후보","미확인","지역 검색 결과가 없습니다","미확인","장단콩전문점 파주시 문산읍 문향로 59 1층 일부","장단콩전문점 파주시 문산읍 문향로 59 1층 일부","전체 주소 검색","","","","","","","P3","업소명과 전체 주소로 지도 POI를 새로 확인하고, 불확실하면 좌표를 비움","미검토","아니오","좌표·혜택 어느 쪽도 정본에 자동 반영하지 않음"
"406","장수인삼족발보쌈","경기도","파주시","파주시 적성면 칠중3길 15 1층","경기도 파주시 적성면 구읍리 649-34","paju-benefit-comparison-20260906.csv","공식 참여업소 일치 후보","미확인","지역 검색 결과가 없습니다","미확인","장수인삼족발보쌈 파주시 적성면 칠중3길 15 1층","장수인삼족발보쌈 파주시 적성면 칠중3길 15 1층","전체 주소 검색","","","","","","","P3","업소명과 전체 주소로 지도 POI를 새로 확인하고, 불확실하면 좌표를 비움","미검토","아니오","좌표·혜택 어느 쪽도 정본에 자동 반영하지 않음"
"431","전망대 누룽지 백숙","경기도","파주시","파주시 탄현면 새오리로 215-36","경기도 파주시 탄현면 대동리 107-11","paju-benefit-comparison-20260906.csv","공식 참여업소 일치 후보","미확인","지역 검색 결과가 없습니다","미확인","전망대 누룽지 백숙 파주시 탄현면 새오리로 215-36","전망대 누룽지 백숙 파주시 탄현면 새오리로 215-36","전체 주소 검색","","","","","","","P3","업소명과 전체 주소로 지도 POI를 새로 확인하고, 불확실하면 좌표를 비움","미검토","아니오","좌표·혜택 어느 쪽도 정본에 자동 반영하지 않음"
"82","조아의 하루","경기도","파주시","파주시 광탄면 혜음로 1191 1~2층","","paju-benefit-comparison-20260906.csv","공식 참여업소 일치 후보","미확인","지역 검색 결과가 없습니다","미확인","조아의 하루 파주시 광탄면 혜음로 1191 1~2층","조아의 하루 파주시 광탄면 혜음로 1191 1~2층","전체 주소 검색","","","","","","","P3","업소명과 전체 주소로 지도 POI를 새로 확인하고, 불확실하면 좌표를 비움","미검토","아니오","좌표·혜택 어느 쪽도 정본에 자동 반영하지 않음"
"452","조아의 하루 주내점","경기도","파주시","파주시 파주읍 우계로 6 101호","","paju-benefit-comparison-20260906.csv","공식 참여업소 일치 후보","미확인","지역 검색 결과가 없습니다","미확인","조아의 하루 주내점 파주시 파주읍 우계로 6 101호","조아의 하루 주내점 파주시 파주읍 우계로 6 101호","전체 주소 검색","","","","","","","P3","업소명과 전체 주소로 지도 POI를 새로 확인하고, 불확실하면 좌표를 비움","미검토","아니오","좌표·혜택 어느 쪽도 정본에 자동 반영하지 않음"
"255","종단 아구찜","경기도","파주시","파주시 법원읍 법원로 21 가동","경기도 파주시 법원읍 법원리 435-6","paju-benefit-comparison-20260906.csv","공식 참여업소 일치 후보","미확인","지역 검색 결과가 없습니다","미확인","종단 아구찜 파주시 법원읍 법원로 21 가동","종단 아구찜 파주시 법원읍 법원로 21 가동","전체 주소 검색","","","","","","","P3","업소명과 전체 주소로 지도 POI를 새로 확인하고, 불확실하면 좌표를 비움","미검토","아니오","좌표·혜택 어느 쪽도 정본에 자동 반영하지 않음"
"432","짹짹곳간","경기도","파주시","파주시 탄현면 새오리로339번길 79-48 2층","경기도 파주시 탄현면 법흥리 1652-296","paju-benefit-comparison-20260906.csv","공식 참여업소 일치 후보","미확인","지역 검색 결과가 없습니다","미확인","짹짹곳간 파주시 탄현면 새오리로339번길 79-48 2층","짹짹곳간 파주시 탄현면 새오리로339번길 79-48 2층","전체 주소 검색","","","","","","","P3","업소명과 전체 주소로 지도 POI를 새로 확인하고, 불확실하면 좌표를 비움","미검토","아니오","좌표·혜택 어느 쪽도 정본에 자동 반영하지 않음"
"238","챠밍미용실","경기도","파주시","파주시 법원읍 사임당로857번길 6-1 1층","경기도 파주시 법원읍 법원리 436-26","paju-benefit-comparison-20260906.csv","공식 참여업소 일치 후보","미확인","지역 검색 결과가 없습니다","미확인","챠밍미용실 파주시 법원읍 사임당로857번길 6-1 1층","챠밍미용실 파주시 법원읍 사임당로857번길 6-1 1층","전체 주소 검색","","","","","","","P3","업소명과 전체 주소로 지도 POI를 새로 확인하고, 불확실하면 좌표를 비움","미검토","아니오","좌표·혜택 어느 쪽도 정본에 자동 반영하지 않음"
"434","초원","경기도","파주시","파주시 탄현면 엘씨디로241번길 50-2 B102호","경기도 파주시 탄현면 금승리 11-36","paju-benefit-comparison-20260906.csv","공식 참여업소 일치 후보","미확인","지역 검색 결과가 없습니다","미확인","초원 파주시 탄현면 엘씨디로241번길 50-2 B102호","초원 파주시 탄현면 엘씨디로241번길 50-2 B102호","전체 주소 검색","","","","","","","P3","업소명과 전체 주소로 지도 POI를 새로 확인하고, 불확실하면 좌표를 비움","미검토","아니오","좌표·혜택 어느 쪽도 정본에 자동 반영하지 않음"
"377","촉촉베이커리 앤 카페","경기도","파주시","파주시 가람로21번길 47 (와동동) 1층 일부","경기도 파주시 와동동 1634-2","paju-benefit-comparison-20260906.csv","공식 참여업소 일치 후보","미확인","지역 검색 결과가 없습니다","미확인","촉촉베이커리 앤 카페 파주시 가람로21번길 47 (와동동) 1층 일부","촉촉베이커리 앤 카페 파주시 가람로21번길 47 (와동동) 1층 일부","전체 주소 검색","","","","","","","P3","업소명과 전체 주소로 지도 POI를 새로 확인하고, 불확실하면 좌표를 비움","미검토","아니오","좌표·혜택 어느 쪽도 정본에 자동 반영하지 않음"
"83","카페바스","경기도","파주시","파주시 광탄면 왕수물길 4 광천목욕탕 1층 일부","경기도 파주시 광탄면 신산리 376-13","paju-benefit-comparison-20260906.csv","공식 참여업소 일치 후보","미확인","지역 검색 결과가 없습니다","미확인","카페바스 파주시 광탄면 왕수물길 4 광천목욕탕 1층 일부","카페바스 파주시 광탄면 왕수물길 4 광천목욕탕 1층 일부","전체 주소 검색","","","","","","","P3","업소명과 전체 주소로 지도 POI를 새로 확인하고, 불확실하면 좌표를 비움","미검토","아니오","좌표·혜택 어느 쪽도 정본에 자동 반영하지 않음"
"111","커피에반하다(금촌역점)","경기도","파주시","파주시 새꽃로 200 (금촌동) 1층","경기도 파주시 금촌동 329-223","paju-benefit-comparison-20260906.csv","공식 참여업소 일치 후보","미확인","지역 검색 결과가 없습니다","미확인","커피에반하다(금촌역점) 파주시 새꽃로 200 (금촌동) 1층","커피에반하다(금촌역점) 파주시 새꽃로 200 (금촌동) 1층","전체 주소 검색","","","","","","","P3","업소명과 전체 주소로 지도 POI를 새로 확인하고, 불확실하면 좌표를 비움","미검토","아니오","좌표·혜택 어느 쪽도 정본에 자동 반영하지 않음"
"259","콩마루 사임당두부","경기도","파주시","파주시 법원읍 사임당로 808-1 1층","경기도 파주시 법원읍 대능리 95-25","paju-benefit-comparison-20260906.csv","공식 참여업소 일치 후보","미확인","지역 검색 결과가 없습니다","미확인","콩마루 사임당두부 파주시 법원읍 사임당로 808-1 1층","콩마루 사임당두부 파주시 법원읍 사임당로 808-1 1층","전체 주소 검색","","","","","","","P3","업소명과 전체 주소로 지도 POI를 새로 확인하고, 불확실하면 좌표를 비움","미검토","아니오","좌표·혜택 어느 쪽도 정본에 자동 반영하지 않음"
"408","탕수육","경기도","파주시","파주시 적성면 청송로 1061 1층","경기도 파주시 적성면 구읍리 588-1","paju-benefit-comparison-20260906.csv","공식 참여업소 일치 후보","미확인","지역 검색 결과가 없습니다","미확인","탕수육 파주시 적성면 청송로 1061 1층","탕수육 파주시 적성면 청송로 1061 1층","전체 주소 검색","","","","","","","P3","업소명과 전체 주소로 지도 POI를 새로 확인하고, 불확실하면 좌표를 비움","미검토","아니오","좌표·혜택 어느 쪽도 정본에 자동 반영하지 않음"
"265","테라스커피(애룡커피테라스)","경기도","파주시","파주시 법원읍 애룡길 179 1층","경기도 파주시 법원읍 삼방리 514-4","paju-benefit-comparison-20260906.csv","공식 참여업소 일치 후보","미확인","지역 검색 결과가 없습니다","미확인","테라스커피(애룡커피테라스) 파주시 법원읍 애룡길 179 1층","테라스커피(애룡커피테라스) 파주시 법원읍 애룡길 179 1층","전체 주소 검색","","","","","","","P3","업소명과 전체 주소로 지도 POI를 새로 확인하고, 불확실하면 좌표를 비움","미검토","아니오","좌표·혜택 어느 쪽도 정본에 자동 반영하지 않음"
"116","파주새말육심","경기도","파주시","파주시 정담길 41 (아동동) 1층","","paju-benefit-comparison-20260906.csv","공식 참여업소 일치 후보","미확인","지역 검색 결과가 없습니다","미확인","파주새말육심 파주시 정담길 41 (아동동) 1층","파주새말육심 파주시 정담길 41 (아동동) 1층","전체 주소 검색","","","","","","","P3","업소명과 전체 주소로 지도 POI를 새로 확인하고, 불확실하면 좌표를 비움","미검토","아니오","좌표·혜택 어느 쪽도 정본에 자동 반영하지 않음"
"409","파주연천축협 정육식당","경기도","파주시","파주시 적성면 솥뒤로 32-2","경기도 파주시 적성면 마지리 38-3","paju-benefit-comparison-20260906.csv","공식 참여업소 일치 후보","미확인","상호와 주소가 일치하는 후보가 없습니다","미확인","파주연천축협 정육식당 파주시 적성면 솥뒤로 32-2","파주연천축협 정육식당 파주시 적성면 솥뒤로 32-2","전체 주소 검색","","","","","","","P3","업소명과 전체 주소로 지도 POI를 새로 확인하고, 불확실하면 좌표를 비움","미검토","아니오","좌표·혜택 어느 쪽도 정본에 자동 반영하지 않음"
"436","평양만두","경기도","파주시","파주시 탄현면 새오리로 193","경기도 파주시 탄현면 대동리 70","paju-benefit-comparison-20260906.csv","공식 참여업소 일치 후보","미확인","상호와 주소가 일치하는 후보가 없습니다","미확인","평양만두 파주시 탄현면 새오리로 193","평양만두 파주시 탄현면 새오리로 193","전체 주소 검색","","","","","","","P3","업소명과 전체 주소로 지도 POI를 새로 확인하고, 불확실하면 좌표를 비움","미검토","아니오","좌표·혜택 어느 쪽도 정본에 자동 반영하지 않음"
"454","포시즌","경기도","파주시","파주시 파평면 화석정로126번길 144-20","경기도 파주시 파평면 율곡리 477-5","paju-benefit-comparison-20260906.csv","공식 참여업소 일치 후보","미확인","상호와 주소가 일치하는 후보가 없습니다","미확인","포시즌 파주시 파평면 화석정로126번길 144-20","포시즌 파주시 파평면 화석정로126번길 144-20","전체 주소 검색","","","","","","","P3","업소명과 전체 주소로 지도 POI를 새로 확인하고, 불확실하면 좌표를 비움","미검토","아니오","좌표·혜택 어느 쪽도 정본에 자동 반영하지 않음"
"81","풍미진해장국 광탄직영점","경기도","파주시","파주시 광탄면 부흥로 30 B동 1층 전체","경기도 파주시 광탄면 방축리 386-43","paju-benefit-comparison-20260906.csv","공식 참여업소 일치 후보","미확인","지역 검색 결과가 없습니다","미확인","풍미진해장국 광탄직영점 파주시 광탄면 부흥로 30 B동 1층 전체","풍미진해장국 광탄직영점 파주시 광탄면 부흥로 30 B동 1층 전체","전체 주소 검색","","","","","","","P3","업소명과 전체 주소로 지도 POI를 새로 확인하고, 불확실하면 좌표를 비움","미검토","아니오","좌표·혜택 어느 쪽도 정본에 자동 반영하지 않음"
"418","피카소","경기도","파주시","파주시 탄현면 성동로 34","경기도 파주시 탄현면 성동리 679-1","paju-benefit-comparison-20260906.csv","공식 참여업소 일치 후보","미확인","상호와 주소가 일치하는 후보가 없습니다","미확인","피카소 파주시 탄현면 성동로 34","피카소 파주시 탄현면 성동로 34","전체 주소 검색","","","","","","","P3","업소명과 전체 주소로 지도 POI를 새로 확인하고, 불확실하면 좌표를 비움","미검토","아니오","좌표·혜택 어느 쪽도 정본에 자동 반영하지 않음"
"228","한반도카페 플라츠(platz)907","경기도","파주시","파주시 문산읍 마정로 174 1층 일부","경기도 파주시 문산읍 마정리 907-8","paju-benefit-comparison-20260906.csv","공식 참여업소 일치 후보","미확인","지역 검색 결과가 없습니다","미확인","한반도카페 플라츠(platz)907 파주시 문산읍 마정로 174 1층 일부","한반도카페 플라츠(platz)907 파주시 문산읍 마정로 174 1층 일부","전체 주소 검색","","","","","","","P3","업소명과 전체 주소로 지도 POI를 새로 확인하고, 불확실하면 좌표를 비움","미검토","아니오","좌표·혜택 어느 쪽도 정본에 자동 반영하지 않음"
"226","한성회관","경기도","파주시","파주시 문산읍 당동1로 44 1층","경기도 파주시 문산읍 당동리 175-5","paju-benefit-comparison-20260906.csv","공식 참여업소 일치 후보","미확인","지역 검색 결과가 없습니다","미확인","한성회관 파주시 문산읍 당동1로 44 1층","한성회관 파주시 문산읍 당동1로 44 1층","전체 주소 검색","","","","","","","P3","업소명과 전체 주소로 지도 POI를 새로 확인하고, 불확실하면 좌표를 비움","미검토","아니오","좌표·혜택 어느 쪽도 정본에 자동 반영하지 않음"
"114","할머니가래떡볶이(금촌점)","경기도","파주시","파주시 한마음1길 9 (금촌동) 광성프라자 105호","경기도 파주시 금촌동 246-23","paju-benefit-comparison-20260906.csv","공식 참여업소 일치 후보","미확인","지역 검색 결과가 없습니다","미확인","할머니가래떡볶이(금촌점) 파주시 한마음1길 9 (금촌동) 광성프라자 105호","할머니가래떡볶이(금촌점) 파주시 한마음1길 9 (금촌동) 광성프라자 105호","전체 주소 검색","","","","","","","P3","업소명과 전체 주소로 지도 POI를 새로 확인하고, 불확실하면 좌표를 비움","미검토","아니오","좌표·혜택 어느 쪽도 정본에 자동 반영하지 않음"
"379","해녀밥상","경기도","파주시","파주시 청암로17번길 25 (목동동) 204호","경기도 파주시 목동동 935","paju-benefit-comparison-20260906.csv","공식 참여업소 일치 후보","미확인","지역 검색 결과가 없습니다","미확인","해녀밥상 파주시 청암로17번길 25 (목동동) 204호","해녀밥상 파주시 청암로17번길 25 (목동동) 204호","전체 주소 검색","","","","","","","P3","업소명과 전체 주소로 지도 POI를 새로 확인하고, 불확실하면 좌표를 비움","미검토","아니오","좌표·혜택 어느 쪽도 정본에 자동 반영하지 않음"
"419","헤이리풀빌라워라밸호스텔","경기도","파주시","파주시 탄현면 샘철길 38-12","경기도 파주시 탄현면 성동리 33-24","paju-benefit-comparison-20260906.csv","공식 참여업소 일치 후보","미확인","지역 검색 결과가 없습니다","미확인","헤이리풀빌라워라밸호스텔 파주시 탄현면 샘철길 38-12","헤이리풀빌라워라밸호스텔 파주시 탄현면 샘철길 38-12","전체 주소 검색","","","","","","","P3","업소명과 전체 주소로 지도 POI를 새로 확인하고, 불확실하면 좌표를 비움","미검토","아니오","좌표·혜택 어느 쪽도 정본에 자동 반영하지 않음"
"410","현대식당","경기도","파주시","파주시 적성면 청송로 1039","경기도 파주시 적성면 구읍리 650-1","paju-benefit-comparison-20260906.csv","공식 참여업소 일치 후보","미확인","상호와 주소가 일치하는 후보가 없습니다","미확인","현대식당 파주시 적성면 청송로 1039","현대식당 파주시 적성면 청송로 1039","전체 주소 검색","","","","","","","P3","업소명과 전체 주소로 지도 POI를 새로 확인하고, 불확실하면 좌표를 비움","미검토","아니오","좌표·혜택 어느 쪽도 정본에 자동 반영하지 않음"
"420","호텔위즈","경기도","파주시","파주시 탄현면 성동로 20-45","경기도 파주시 탄현면 성동리 679-4","paju-benefit-comparison-20260906.csv","공식 참여업소 일치 후보","미확인","상호와 주소가 일치하는 후보가 없습니다","미확인","호텔위즈 파주시 탄현면 성동로 20-45","호텔위즈 파주시 탄현면 성동로 20-45","전체 주소 검색","","","","","","","P3","업소명과 전체 주소로 지도 POI를 새로 확인하고, 불확실하면 좌표를 비움","미검토","아니오","좌표·혜택 어느 쪽도 정본에 자동 반영하지 않음"
"411","화정족발 적성점","경기도","파주시","파주시 적성면 청송로 1027","경기도 파주시 적성면 마지리 63-46","paju-benefit-comparison-20260906.csv","공식 참여업소 일치 후보","미확인","지역 검색 결과가 없습니다","미확인","화정족발 적성점 파주시 적성면 청송로 1027","화정족발 적성점 파주시 적성면 청송로 1027","전체 주소 검색","","","","","","","P3","업소명과 전체 주소로 지도 POI를 새로 확인하고, 불확실하면 좌표를 비움","미검토","아니오","좌표·혜택 어느 쪽도 정본에 자동 반영하지 않음"
"261","훌랄라","경기도","파주시","파주시 법원읍 사임당로 820 1층","경기도 파주시 법원읍 대능리 94-144","paju-benefit-comparison-20260906.csv","공식 참여업소 일치 후보","미확인","지역 검색 결과가 없습니다","미확인","훌랄라 파주시 법원읍 사임당로 820 1층","훌랄라 파주시 법원읍 사임당로 820 1층","전체 주소 검색","","","","","","","P3","업소명과 전체 주소로 지도 POI를 새로 확인하고, 불확실하면 좌표를 비움","미검토","아니오","좌표·혜택 어느 쪽도 정본에 자동 반영하지 않음"
"438","흔적","경기도","파주시","파주시 탄현면 새오리로 59-20","경기도 파주시 탄현면 성동리 196-2","paju-benefit-comparison-20260906.csv","공식 참여업소 일치 후보","미확인","상호와 주소가 일치하는 후보가 없습니다","미확인","흔적 파주시 탄현면 새오리로 59-20","흔적 파주시 탄현면 새오리로 59-20","전체 주소 검색","","","","","","","P3","업소명과 전체 주소로 지도 POI를 새로 확인하고, 불확실하면 좌표를 비움","미검토","아니오","좌표·혜택 어느 쪽도 정본에 자동 반영하지 않음"
"239","BBQ파주법원점","경기도","파주시","파주시 법원읍 사임당로 821-2 1층","경기도 파주시 법원읍 대능리 94-170","paju-benefit-comparison-20260906.csv","공식 참여업소 일치 후보","미확인","지역 검색 결과가 없습니다","미확인","BBQ파주법원점 파주시 법원읍 사임당로 821-2 1층","BBQ파주법원점 파주시 법원읍 사임당로 821-2 1층","전체 주소 검색","","","","","","","P3","업소명과 전체 주소로 지도 POI를 새로 확인하고, 불확실하면 좌표를 비움","미검토","아니오","좌표·혜택 어느 쪽도 정본에 자동 반영하지 않음"
