"정본CSV행번호","업소명","소재지도로명주소","기존전화번호","기존할인정보","공식업소명","공식주소","공식전화번호","공식할인정보","상호주소일치","전화일치","할인일치","판정","검토결정","정본반영여부"
"118","개성연출","경기도 동두천시 정장로31-12, 1층(생연동)","031-863-4570","커트 2,000원","개성연출","정장로 31-12, 1층(생연동)","031-863-4570","커트 2,000원 할인","True","True","True","현재 공식 목록 일치 후보","미검토","아니오"
"119","고미나 헤어모드","경기도 동두천시 동광로75-1(생연동)","031-862-4203","커트 2,000원","고미나 헤어모드","동광로 75-1(생연동)","031-862-4203","커트 2,000원 할인","True","True","True","현재 공식 목록 일치 후보","미검토","아니오"
"120","김희정헤어샵","경기도 동두천시 지행로65, 2층(지행동)","0507-1427-5681","커트 10%","김희정헤어샵","지행로 65, 2층 (지행동, 동현빌딩)","0507-1427-5681","커트 10% 할인","True","True","True","현재 공식 목록 일치 후보","미검토","아니오"
"121","까미헤어","경기도 동두천시 평화로2261번길 52(지행동)","031-859-4600","커트 5,000원","까미헤어","평화로 2261번길 52","031-859-4600","커트 5,000원 할인 (커트 현금가 10,000원)","True","True","False","상세정보 재확인 필요","미검토","아니오"
"122","노블헤어","경기도 동두천시 거북마루로45, 상가동 202호(생연동)","031-862-4321","커트 20%","노블헤어","거북마루로 45, 상가동 202호 (생연동, 동두천대방노블랜드아파트)","031-862-4321","커트 20% 할인","True","True","True","현재 공식 목록 일치 후보","미검토","아니오"
"123","리안헤어 동두천지행역점","경기도 동두천시 지행로56, 205호(지행동)","0507-1404-8667","커트 5,000원","리안헤어 동두천지행역점","지행로 56, 205호(지행동, 스타월드빌딩)","0507-1404-8667","커트 5,000원 할인","True","True","True","현재 공식 목록 일치 후보","미검토","아니오"
"124","마샹스헤어살롱","경기도 동두천시 중앙로134-20, 202호(지행동)","0507-1390-5021","커트 3,000원","마샹스헤어살롱","중앙로 134-20, 202호 (지행동)","0507-1390-5021","커트 3,000원 할인","True","True","True","현재 공식 목록 일치 후보","미검토","아니오"
"125","박미라 헤어스토리","경기도 동두천시 평화로2452-1(생연동)","031-867-5116","커트 2,000원","박미라 헤어스토리","평화로 2452-1(생연동)","031-867-5116","커트 2,000원 할인","True","True","True","현재 공식 목록 일치 후보","미검토","아니오"
"126","보배헤어샵","경기도 동두천시 중앙로286번길 21-3(생연동)","031-861-9858","커트 1,000원","보배헤어샵","중앙로 286번길 21-3(생연동)","031-861-9858","커트 1,000원 할인","True","True","True","현재 공식 목록 일치 후보","미검토","아니오"
"127","삐삐머리방","경기도 동두천시 평화로2530번길 35(보산동)","031-865-6039","커트 2,000원","삐삐머리방","평화로2530번길 35 (보산동)","031-865-6039","커트 2,000원 할인","True","True","True","현재 공식 목록 일치 후보","미검토","아니오"
"128","샤론의꽃 미용아카데미","경기도 동두천시 중앙로7번길 15(송내동)","031-821-4438","커트 20%","","","","","False","False","False","주소 재확인 필요","미검토","아니오"
"129","세아떼바버샵","경기도 동두천시 이담로89, 상가동 106호(지행동)","","카드 5%, 현금 10%","세아떼바버샵","이담로 89, 상가동 106호 (지행동, 지행역 동원 베네스트)","-","커트 카드 5% 할인 현금 10% 할인","True","False","False","상세정보 재확인 필요","미검토","아니오"
"130","신성순 헤어아트","경기도 동두천시 중앙로278, 2층(생연동)","031-862-7652","커트 3,000원","신성순 헤어아트","중앙로 278, 2층 (생연동)","031-862-7652","커트 3,000원 할인","True","True","True","현재 공식 목록 일치 후보","미검토","아니오"
"131","신지미헤어라인","경기도 동두천시 광암로33번길 13-10(광암동)","031-867-2951","커트 1,000원","신지미헤어라인","광암로 33번길 13-10(광암동)","031-867-2951","커트 1,000원 할인","True","True","True","현재 공식 목록 일치 후보","미검토","아니오"
"132","안다미로","경기도 동두천시 지행로107번길 13(지행동)","0507-1309-7605","커트 4,000원","안다미로","지행로 107번길 13","0507-1309-7605","커트 4,000원 할인","True","True","True","현재 공식 목록 일치 후보","미검토","아니오"
"133","에이치H헤어","경기도 동두천시 중앙로134-26, 1층 105호(지행동)","031-858-8934","10%","에이치H헤어","중앙로 134-26, 1층 105호 (지행동, 이호빌딩)","031-858-8934","10%","True","True","True","현재 공식 목록 일치 후보","미검토","아니오"
"134","이선희헤어샵","경기도 동두천시 삼육사로896, 1층(생연동)","031-862-8359","커트 20%","이선희헤어샵","삼육사로 896, 1층(생연동)","031-862-8359","커트 20% 할인","True","True","True","현재 공식 목록 일치 후보","미검토","아니오"
"135","이지현미용실","경기도 동두천시 중앙로295번길 26(생연동)","0507-1417-3089","커트 2,000원","이지현미용실","중앙로295번길 26(생연동)","0507-1417-3089","커트 2,000원 할인","True","True","True","현재 공식 목록 일치 후보","미검토","아니오"
"136","인헤어","경기도 동두천시 삼육사로902, 2동 104호(생연동)","031-858-9785","커트 2,000원","인헤어","동두천시 삼육사로 902, 2동 104호 (생연동)","031-858-9785","커트 2,000원 할인","True","True","True","현재 공식 목록 일치 후보","미검토","아니오"
"137","잔디이발관","경기도 동두천시 중앙로369(보산동)","","커트 3,000원","잔디이발관","중앙로 369(보산동)","-","커트 3,000원 할인","True","False","True","상세정보 재확인 필요","미검토","아니오"
"138","쟝스헤어","경기도 동두천시 평화로2915(상봉암동)","031-865-7857","커트 1,000원","쟝스헤어","평화로 2915 (상봉암동)","031-865-7857","커트 1,000원 할인","True","True","True","현재 공식 목록 일치 후보","미검토","아니오"
"139","정헤어샾","경기도 동두천시 동광로83-1(생연동)","","커트 1,000원","","","","","False","False","False","공식목록 미발견","미검토","아니오"
"140","제이제이 남성컷트전문","경기도 동두천시 평화로2530번길 30(보산동)","","커트 2,000원","제이제이 남성컷트전문","평화로 2530번길 30","-","커트 2,000원 할인","True","False","True","상세정보 재확인 필요","미검토","아니오"
"141","젠틀맨","경기도 동두천시 중앙로362번길 8(생연동)","","커트 2,000원","젠틀맨","중앙로 362번길 8(생연동)","-","커트 2,000원 할인","True","False","True","상세정보 재확인 필요","미검토","아니오"
"142","차희에스 머리사랑","경기도 동두천시 행선로98(생연동)","031-863-6131","커트 10,000원","차희에스 머리사랑","행선로 98(생연동)","031-863-6131","커트 10,000원","True","True","True","현재 공식 목록 일치 후보","미검토","아니오"
"143","최재실 원헤어","경기도 동두천시 평화로2397번길 17, 2층(생연동)","0507-1346-7739","커트 5,000원","최재실 원헤어","평화로 2397번길 17, 2층(생연동)","0507-1346-7739","커트 3,000원 할인","True","True","False","상세정보 재확인 필요","미검토","아니오"
"144","추은옥머리쟁이","경기도 동두천시 행선로102(생연동)","031-862-5955","20%","추은옥머리쟁이","행선로 102(생연동, 에이스상가동 204호)","031-862-5955","커트 20% 할인","True","True","False","상세정보 재확인 필요","미검토","아니오"
"145","쿨헤어샵","경기도 동두천시 중앙로311(생연동)","","커트 2,000원","","","","","False","False","False","공식목록 미발견","미검토","아니오"
"146","하니머리나라","경기도 동두천시 삼육사로1002번길 97(지행동)","031-867-6674","커트 1,000원","","","","","False","False","False","주소 재확인 필요","미검토","아니오"
"147","헤어고","경기도 동두천시 중앙로230-1, 1층(생연동)","","커트 20%","헤어고","중앙로230-1, 1층(생연동)","-","커트 20% 할인","True","False","True","상세정보 재확인 필요","미검토","아니오"
"148","헤어바이 미정","경기도 동두천시 중앙로265번길 8(생연동)","031-858-5936","커트 2,000원","헤어바이 미정","중앙로 265번길 8(생연동)","031-858-5936","커트 2,000원 할인","True","True","True","현재 공식 목록 일치 후보","미검토","아니오"
"149","헤어뱅크","경기도 동두천시 중앙로297, 1층 104호(생연동)","","커트 2,000원","헤어뱅크","중앙로 297 1층 104호","-","커트 2,000원 할인","True","False","True","상세정보 재확인 필요","미검토","아니오"
"150","헤어카페","경기도 동두천시 행선로110번길 9, 상가동 102호(생연동)","031-868-1535","커트 10%","","","","","False","False","False","주소 재확인 필요","미검토","아니오"
"151","그린파크모텔","경기도 동두천시 어수로91-10(생연동)","031-862-1497","10%","그린파크모텔","어수로 91-10(생연동)","031-862-1497","10%","True","True","True","현재 공식 목록 일치 후보","미검토","아니오"
"152","제이(J)모텔","경기도 동두천시 동두천로247-13(생연동)","031-864-4235","10%","제이(J)모텔","동두천로 247-13(생연동)","031-864-4235","10%","True","True","True","현재 공식 목록 일치 후보","미검토","아니오"
"153","강스시","경기도 동두천시 어수로83번길 38, 1층(생연동)","031-865-8266","메뉴당 1,000원","강스시","어수로 83번길 38, 1층(생연동)","031-865-8266","메뉴당 1,000원 할인 (점심특선, 도시락세트 제외)","True","True","False","상세정보 재확인 필요","미검토","아니오"
"154","거북이삼겹살","경기도 동두천시 생연로175, 1층(생연동)","031-864-3229","5%","거북이삼겹살","생연로 175, 1층(생연동)","031-864-3229","5%","True","True","True","현재 공식 목록 일치 후보","미검토","아니오"
"155","고기싸롱","경기도 동두천시 평화로2313번길 7-26(지행동)","031-867-9233","5%","고기싸롱","평화로2313번길 7-26 (지행동)","031-867-9233","5%","True","True","True","현재 공식 목록 일치 후보","미검토","아니오"
"156","고봉민김밥 지행역점","경기도 동두천시 중앙로126, 107호(지행동)","031-863-2340","10%","고봉민김밥 지행역점","중앙로 126, 107호 (지행동, 생연프라자)","031-863-2340","10%","True","True","True","현재 공식 목록 일치 후보","미검토","아니오"
"157","그집순대국","경기도 동두천시 장고갯로157, 제1동(생연동)","031-863-2254","5%","그집순대국","장고갯로 157, 제1동(생연동)","031-863-2254","5%","True","True","True","현재 공식 목록 일치 후보","미검토","아니오"
"158","깐부치킨 동두천지행역점","경기도 동두천시 중앙로134-20, 1층(지행동)","031-858-9300","5% (포장·방문)","","","","","False","False","False","주소 재확인 필요","미검토","아니오"
"159","넓은공간","경기도 동두천시 평화로2910번길 82(상봉암동)","031-865-6787","5%","넓은공간","평화로 2910번길 82(상봉암동)","031-865-6787","5%","True","True","True","현재 공식 목록 일치 후보","미검토","아니오"
"160","다복식당","경기도 동두천시 생연로177(생연동)","031-866-1463","5%","다복식당","생연로 177(생연동)","031-866-1463","5%","True","True","True","현재 공식 목록 일치 후보","미검토","아니오"
"161","다원","경기도 동두천시 어수로102번길 6(생연동)","031-862-0841","10%","다원","어수로 102번길 6(생연동)","031-862-0841","10%","True","True","True","현재 공식 목록 일치 후보","미검토","아니오"
"162","대왕미가","경기도 동두천시 삼육사로1009(생연동)","031-865-5346","5%","대왕미가","삼육사로 1009(생연동)","031-865-5346","5%","True","True","True","현재 공식 목록 일치 후보","미검토","아니오"
"163","대호숯불갈비","경기도 동두천시 중앙로265번길 19(생연동)","031-868-0092","10%","대호숯불갈비","중앙로 265번길 19(생연동)","031-868-0092","10%","True","True","True","현재 공식 목록 일치 후보","미검토","아니오"
"164","동태한그릇","경기도 동두천시 생연로155(생연동)","031-862-0066","10%","동태한그릇","생연로 155(생연동)","031-862-0066","10%","True","True","True","현재 공식 목록 일치 후보","미검토","아니오"
"165","소요산명품한우식당","경기도 동두천시 평화로2910번길 1(상봉암동)","031-866-8820","5% 및 음료 서비스","소요산명품 한우식당","평화로 2910번길 1(상봉암동)","031-866-8820","5%, 음료 서비스","True","True","False","상세정보 재확인 필요","미검토","아니오"
"166","슈퍼크리스피 동두천지행점","경기도 동두천시 중앙로132, 105호(지행동)","031-862-5509","10%","","","","","False","False","False","주소 재확인 필요","미검토","아니오"
"167","쌍둥이족발","경기도 동두천시 생연로122, 1층(생연동)","031-863-4593","10% (포장·방문)","쌍둥이족발","생연로 122, 1층(생연동)","031-863-4593","10% (포장, 방문 시)","True","True","False","상세정보 재확인 필요","미검토","아니오"
"168","압구정 화로구이","경기도 동두천시 지행로52, 108~110호(지행동)","0507-1482-9993","5%","","","","","False","False","False","주소 재확인 필요","미검토","아니오"
"169","어멍생고기","경기도 동두천시 동두천로119, 1층(지행동)","0507-1430-1253","음료·된장찌개 서비스","","","","","False","False","False","주소 재확인 필요","미검토","아니오"
"170","요리하는경더기","경기도 동두천시 중앙로134-20, 3층(지행동)","0507-1335-5030","10%","요리하는경더기","중앙로 134-20, 3층 (지행동)","0507-1335-5030","10%","True","True","True","현재 공식 목록 일치 후보","미검토","아니오"
"171","우막산순대국","경기도 동두천시 평화로2261번길 22(지행동)","031-928-5835","10%","우막산순대국","동두천시 평화로 2261번길 22 (지행동)","031-928-5835","10%","True","True","True","현재 공식 목록 일치 후보","미검토","아니오"
"172","유경장작구이","경기도 동두천시 평화로2910번길 10(상봉암동)","031-865-5292","5%","유경장작구이","평화로 2910번길 10 (상봉암동 외 1필지)","031-865-5292","5%","True","True","True","현재 공식 목록 일치 후보","미검토","아니오"
"173","육꼬집","경기도 동두천시 중앙로110-9, 106~108호(지행동)","031-866-1236","5%","","","","","False","False","False","주소 재확인 필요","미검토","아니오"
"174","으뜸코다리냉면","경기도 동두천시 생연로170-2, 1층(생연동)","031-868-0017","10%","으뜸코다리냉면","생연로 170-2, 1층(생연동)","031-868-0017","10%","True","True","True","현재 공식 목록 일치 후보","미검토","아니오"
"175","일미담","경기도 동두천시 동광로73, 1층(생연동)","031-866-4063","5%","일미담","동광로 73, 1층(생연동)","031-866-4063","5%","True","True","True","현재 공식 목록 일치 후보","미검토","아니오"
"176","장단콩터","경기도 동두천시 생연로119-1, 1층(생연동)","031-857-7756","10%","장단콩터","생연로 119-1, 1층(생연동)","031-857-7756","10%","True","True","True","현재 공식 목록 일치 후보","미검토","아니오"
"177","좋은날식당","경기도 동두천시 중앙로265번길 23(생연동)","031-862-2716","15%","좋은날식당","중앙로 265번길 23(생연동)","031-862-2716","15%","True","True","True","현재 공식 목록 일치 후보","미검토","아니오"
"178","처가집(부대찌개)","경기도 동두천시 어수로91-3(생연동)","031-862-6640","10%","처가집 (부대찌개)","어수로 91-3(생연동)","031-862-6640","10%","True","True","True","현재 공식 목록 일치 후보","미검토","아니오"
"179","초코파이","경기도 동두천시 큰시장로 42(생연동)","031-861-7922","10%(포장·방문)","초코파이","큰시장로 42(생연동)","031-861-7922","10% (포장, 방문 시)","True","True","False","상세정보 재확인 필요","미검토","아니오"
"180","촌가","경기도 동두천시 중앙로273번길 30, 1층(생연동)","031-857-3369","10%","촌가","중앙로 273번길 30, 1층(생연동)","031-857-3369","10%","True","True","True","현재 공식 목록 일치 후보","미검토","아니오"
"181","통큰부대찌개","경기도 동두천시 생연로39-60(지행동)","031-868-4270","10%","통큰부대찌개","생연로 39-60(지행동)","031-868-4270","10%","True","True","True","현재 공식 목록 일치 후보","미검토","아니오"
"182","특허받은 마늘콩짜장","경기도 동두천시 평화로 2351(생연동)","031-858-3110","10%","특허받은 마늘콩짜장","평화로 2351(생연동)","031-858-3110","10%","True","True","True","현재 공식 목록 일치 후보","미검토","아니오"
"183","팔각도 동두천지행점","경기도 동두천시 중앙로116, 1층(지행동)","0507-1388-8121","10%","","","","","False","False","False","주소 재확인 필요","미검토","아니오"
"184","페리카나역전점","경기도 동두천시 생연로120(생연동)","031-862-2973","10% (포장·방문)","페리카나역전점","생연로 120(생연동)","031-862-2973","10% (포장, 방문 시)","True","True","False","상세정보 재확인 필요","미검토","아니오"
"185","페리카나 터미널점","경기도 동두천시 중앙로265번길 15(생연동)","031-862-7853","10% (포장·방문)","페리카나 터미널점","중앙로265번길 15(생연동)","031-862-7853","10%","True","True","False","상세정보 재확인 필요","미검토","아니오"
"186","황주생고기","경기도 동두천시 생연로142(생연동)","031-865-2026","3%","황주생고기","생연로 142(생연동)","031-865-2026","3%","True","True","True","현재 공식 목록 일치 후보","미검토","아니오"
"187","롯데리아 동두천점","경기도 동두천시 중앙로270(생연동)","031-867-5057","10%","롯데리아 동두천점","중앙로 270(생연동)","031-867-5057","10%","True","True","True","현재 공식 목록 일치 후보","미검토","아니오"
"188","빨간풍차제과점","경기도 동두천시 동광로78번길 4(생연동)","031-868-3111","5%","빨간풍차제과점","동광로 78번길 4(생연동)","031-868-3111","5%","True","True","True","현재 공식 목록 일치 후보","미검토","아니오"
"189","뿌리깊은나무","경기도 동두천시 안흥로78, 3·4동(안흥동)","031-865-1500","10%","","","","","False","False","False","주소 재확인 필요","미검토","아니오"
"190","청년다방","경기도 동두천시 평화로2261번길 9-6(지행동)","031-866-5055","5%","청년다방","평화로2261번길 9-6(지행동)","031-866-5055","5%","True","True","True","현재 공식 목록 일치 후보","미검토","아니오"
"191","커피&유","경기도 동두천시 정장로17번길 20, 1층(생연동)","031-868-3212","10%","커피&유","정장로 17번길 20, 1층(생연동)","031-868-3212","10%","True","True","True","현재 공식 목록 일치 후보","미검토","아니오"
