"정본CSV행번호","업소명","소재지도로명주소","혜택근거상태","혜택문구유형","출시할인정보","출시적용대상","출시이용조건","출시인증방법","출처유형","출처URL","최근확인일","결정근거"
"74","게이트호텔","파주시 광탄면 보광로 505","공식 최신 근거 확인","공통","군 장병·사회복무요원 대상 10% 이상 할인 또는 상응 서비스","관내 주둔 군 장병·사회복무요원","업소별 적용 품목·조건은 방문 전 확인","파주시 공식 군장병 할인업소 목록 및 운영 안내","지자체 공식 자료","https://www.paju.go.kr/www/www_02/health/health_03/health_03_09/health_03_09_01.jsp | https://www.paju.go.kr/user/soldier/BD_discountStoreList.do?q_ctgCd=1002","2026-09-06","파주시 공식 참여업소 목록 일치, 공식 공통 할인 정책 적용"
"75","두둑한한판","파주시 광탄면 보광로 646","공식 최신 근거 확인","공통","군 장병·사회복무요원 대상 10% 이상 할인 또는 상응 서비스","관내 주둔 군 장병·사회복무요원","업소별 적용 품목·조건은 방문 전 확인","파주시 공식 군장병 할인업소 목록 및 운영 안내","지자체 공식 자료","https://www.paju.go.kr/www/www_02/health/health_03/health_03_09/health_03_09_01.jsp | https://www.paju.go.kr/user/soldier/BD_discountStoreList.do?q_ctgCd=1001","2026-09-06","파주시 공식 참여업소 목록 일치, 공식 공통 할인 정책 적용"
"76","레드브릿지","파주시 광탄면 기산로 329","공식 최신 근거 확인","공통","군 장병·사회복무요원 대상 10% 이상 할인 또는 상응 서비스","관내 주둔 군 장병·사회복무요원","업소별 적용 품목·조건은 방문 전 확인","파주시 공식 군장병 할인업소 목록 및 운영 안내","지자체 공식 자료","https://www.paju.go.kr/www/www_02/health/health_03/health_03_09/health_03_09_01.jsp | https://www.paju.go.kr/user/soldier/BD_discountStoreList.do?q_ctgCd=1001","2026-09-06","파주시 공식 참여업소 목록 일치, 공식 공통 할인 정책 적용"
"77","숙성사돈 파주광탄점","파주시 광탄면 큰여울길 8-1","공식 최신 근거 확인","공통","군 장병·사회복무요원 대상 10% 이상 할인 또는 상응 서비스","관내 주둔 군 장병·사회복무요원","업소별 적용 품목·조건은 방문 전 확인","파주시 공식 군장병 할인업소 목록 및 운영 안내","지자체 공식 자료","https://www.paju.go.kr/www/www_02/health/health_03/health_03_09/health_03_09_01.jsp | https://www.paju.go.kr/user/soldier/BD_discountStoreList.do?q_ctgCd=1001","2026-09-06","파주시 공식 참여업소 목록 일치, 공식 공통 할인 정책 적용"
"78","신나는 등갈비 엔 닭발","파주시 광탄면 혜음로 1117-1 1층","공식 최신 근거 확인","공통","군 장병·사회복무요원 대상 10% 이상 할인 또는 상응 서비스","관내 주둔 군 장병·사회복무요원","업소별 적용 품목·조건은 방문 전 확인","파주시 공식 군장병 할인업소 목록 및 운영 안내","지자체 공식 자료","https://www.paju.go.kr/www/www_02/health/health_03/health_03_09/health_03_09_01.jsp | https://www.paju.go.kr/user/soldier/BD_discountStoreList.do?q_ctgCd=1001","2026-09-06","파주시 공식 참여업소 목록 일치, 공식 공통 할인 정책 적용"
"79","엘리스오븐","파주시 광탄면 기산로 195 1,2층","공식 최신 근거 확인","공통","군 장병·사회복무요원 대상 10% 이상 할인 또는 상응 서비스","관내 주둔 군 장병·사회복무요원","업소별 적용 품목·조건은 방문 전 확인","파주시 공식 군장병 할인업소 목록 및 운영 안내","지자체 공식 자료","https://www.paju.go.kr/www/www_02/health/health_03/health_03_09/health_03_09_01.jsp | https://www.paju.go.kr/user/soldier/BD_discountStoreList.do?q_ctgCd=1001","2026-09-06","파주시 공식 참여업소 목록 일치, 공식 공통 할인 정책 적용"
"80","장단콩두부전문점","파주시 광탄면 큰여울길 35 1층 일부","공식 최신 근거 확인","공통","군 장병·사회복무요원 대상 10% 이상 할인 또는 상응 서비스","관내 주둔 군 장병·사회복무요원","업소별 적용 품목·조건은 방문 전 확인","파주시 공식 군장병 할인업소 목록 및 운영 안내","지자체 공식 자료","https://www.paju.go.kr/www/www_02/health/health_03/health_03_09/health_03_09_01.jsp | https://www.paju.go.kr/user/soldier/BD_discountStoreList.do?q_ctgCd=1001","2026-09-06","파주시 공식 참여업소 목록 일치, 공식 공통 할인 정책 적용"
"81","풍미진해장국 광탄직영점","파주시 광탄면 부흥로 30 B동 1층 전체","공식 최신 근거 확인","공통","군 장병·사회복무요원 대상 10% 이상 할인 또는 상응 서비스","관내 주둔 군 장병·사회복무요원","업소별 적용 품목·조건은 방문 전 확인","파주시 공식 군장병 할인업소 목록 및 운영 안내","지자체 공식 자료","https://www.paju.go.kr/www/www_02/health/health_03/health_03_09/health_03_09_01.jsp | https://www.paju.go.kr/user/soldier/BD_discountStoreList.do?q_ctgCd=1001","2026-09-06","파주시 공식 참여업소 목록 일치, 공식 공통 할인 정책 적용"
"82","조아의 하루","파주시 광탄면 혜음로 1191 1~2층","공식 최신 근거 확인","공통","군 장병·사회복무요원 대상 10% 이상 할인 또는 상응 서비스","관내 주둔 군 장병·사회복무요원","업소별 적용 품목·조건은 방문 전 확인","파주시 공식 군장병 할인업소 목록 및 운영 안내","지자체 공식 자료","https://www.paju.go.kr/www/www_02/health/health_03/health_03_09/health_03_09_01.jsp | https://www.paju.go.kr/user/soldier/BD_discountStoreList.do?q_ctgCd=1001","2026-09-06","파주시 공식 참여업소 목록 일치, 공식 공통 할인 정책 적용"
"83","카페바스","파주시 광탄면 왕수물길 4 광천목욕탕 1층 일부","공식 최신 근거 확인","공통","군 장병·사회복무요원 대상 10% 이상 할인 또는 상응 서비스","관내 주둔 군 장병·사회복무요원","업소별 적용 품목·조건은 방문 전 확인","파주시 공식 군장병 할인업소 목록 및 운영 안내","지자체 공식 자료","https://www.paju.go.kr/www/www_02/health/health_03/health_03_09/health_03_09_01.jsp | https://www.paju.go.kr/user/soldier/BD_discountStoreList.do?q_ctgCd=1001","2026-09-06","파주시 공식 참여업소 목록 일치, 공식 공통 할인 정책 적용"
"84","민바리매운탕","파주시 쌀뚜기길 44-42 (문발동)","공식 최신 근거 확인","공통","군 장병·사회복무요원 대상 10% 이상 할인 또는 상응 서비스","관내 주둔 군 장병·사회복무요원","업소별 적용 품목·조건은 방문 전 확인","파주시 공식 군장병 할인업소 목록 및 운영 안내","지자체 공식 자료","https://www.paju.go.kr/www/www_02/health/health_03/health_03_09/health_03_09_01.jsp | https://www.paju.go.kr/user/soldier/BD_discountStoreList.do?q_ctgCd=1001","2026-09-06","파주시 공식 참여업소 목록 일치, 공식 공통 할인 정책 적용"
"85","여명양평해장국","파주시 지목로 65 (신촌동)","공식 최신 근거 확인","공통","군 장병·사회복무요원 대상 10% 이상 할인 또는 상응 서비스","관내 주둔 군 장병·사회복무요원","업소별 적용 품목·조건은 방문 전 확인","파주시 공식 군장병 할인업소 목록 및 운영 안내","지자체 공식 자료","https://www.paju.go.kr/www/www_02/health/health_03/health_03_09/health_03_09_01.jsp | https://www.paju.go.kr/user/soldier/BD_discountStoreList.do?q_ctgCd=1001","2026-09-06","파주시 공식 참여업소 목록 일치, 공식 공통 할인 정책 적용"
"86","해울한정식","파주시 지목로 65 (신촌동)","공식 최신 근거 확인","공통","군 장병·사회복무요원 대상 10% 이상 할인 또는 상응 서비스","관내 주둔 군 장병·사회복무요원","업소별 적용 품목·조건은 방문 전 확인","파주시 공식 군장병 할인업소 목록 및 운영 안내","지자체 공식 자료","https://www.paju.go.kr/www/www_02/health/health_03/health_03_09/health_03_09_01.jsp | https://www.paju.go.kr/user/soldier/BD_discountStoreList.do?q_ctgCd=1001","2026-09-06","파주시 공식 참여업소 목록 일치, 공식 공통 할인 정책 적용"
"87","아레볼","파주시 소라지로 309-12 (송촌동)","공식 최신 근거 확인","공통","군 장병·사회복무요원 대상 10% 이상 할인 또는 상응 서비스","관내 주둔 군 장병·사회복무요원","업소별 적용 품목·조건은 방문 전 확인","파주시 공식 군장병 할인업소 목록 및 운영 안내","지자체 공식 자료","https://www.paju.go.kr/www/www_02/health/health_03/health_03_09/health_03_09_01.jsp | https://www.paju.go.kr/user/soldier/BD_discountStoreList.do?q_ctgCd=1001","2026-09-06","파주시 공식 참여업소 목록 일치, 공식 공통 할인 정책 적용"
"97","금헤어","파주시 금정4길 16 (금촌동)","공식 최신 근거 확인","공통","군 장병·사회복무요원 대상 10% 이상 할인 또는 상응 서비스","관내 주둔 군 장병·사회복무요원","업소별 적용 품목·조건은 방문 전 확인","파주시 공식 군장병 할인업소 목록 및 운영 안내","지자체 공식 자료","https://www.paju.go.kr/www/www_02/health/health_03/health_03_09/health_03_09_01.jsp | https://www.paju.go.kr/user/soldier/BD_discountStoreList.do?q_ctgCd=1004","2026-09-06","파주시 공식 참여업소 목록 일치, 공식 공통 할인 정책 적용"
"98","이브 헤어샵","파주시 금정14길 35 (아동동)","공식 최신 근거 확인","공통","군 장병·사회복무요원 대상 10% 이상 할인 또는 상응 서비스","관내 주둔 군 장병·사회복무요원","업소별 적용 품목·조건은 방문 전 확인","파주시 공식 군장병 할인업소 목록 및 운영 안내","지자체 공식 자료","https://www.paju.go.kr/www/www_02/health/health_03/health_03_09/health_03_09_01.jsp | https://www.paju.go.kr/user/soldier/BD_discountStoreList.do?q_ctgCd=1004","2026-09-06","파주시 공식 참여업소 목록 일치, 공식 공통 할인 정책 적용"
"99","이정호 모델헤어","파주시 중앙로 318-1 (금촌동)","공식 최신 근거 확인","공통","군 장병·사회복무요원 대상 10% 이상 할인 또는 상응 서비스","관내 주둔 군 장병·사회복무요원","업소별 적용 품목·조건은 방문 전 확인","파주시 공식 군장병 할인업소 목록 및 운영 안내","지자체 공식 자료","https://www.paju.go.kr/www/www_02/health/health_03/health_03_09/health_03_09_01.jsp | https://www.paju.go.kr/user/soldier/BD_discountStoreList.do?q_ctgCd=1004","2026-09-06","파주시 공식 참여업소 목록 일치, 공식 공통 할인 정책 적용"
"100","헤어그린","파주시 새꽃로 208 (아동동)","공식 최신 근거 확인","공통","군 장병·사회복무요원 대상 10% 이상 할인 또는 상응 서비스","관내 주둔 군 장병·사회복무요원","업소별 적용 품목·조건은 방문 전 확인","파주시 공식 군장병 할인업소 목록 및 운영 안내","지자체 공식 자료","https://www.paju.go.kr/www/www_02/health/health_03/health_03_09/health_03_09_01.jsp | https://www.paju.go.kr/user/soldier/BD_discountStoreList.do?q_ctgCd=1004","2026-09-06","파주시 공식 참여업소 목록 일치, 공식 공통 할인 정책 적용"
"101","성심모텔","파주시 아동로 4-3 (금촌동)","공식 최신 근거 확인","공통","군 장병·사회복무요원 대상 10% 이상 할인 또는 상응 서비스","관내 주둔 군 장병·사회복무요원","업소별 적용 품목·조건은 방문 전 확인","파주시 공식 군장병 할인업소 목록 및 운영 안내","지자체 공식 자료","https://www.paju.go.kr/www/www_02/health/health_03/health_03_09/health_03_09_01.jsp | https://www.paju.go.kr/user/soldier/BD_discountStoreList.do?q_ctgCd=1002","2026-09-06","파주시 공식 참여업소 목록 일치, 공식 공통 할인 정책 적용"
"102","테마모텔","파주시 중앙로 272 (금촌동)","공식 최신 근거 확인","공통","군 장병·사회복무요원 대상 10% 이상 할인 또는 상응 서비스","관내 주둔 군 장병·사회복무요원","업소별 적용 품목·조건은 방문 전 확인","파주시 공식 군장병 할인업소 목록 및 운영 안내","지자체 공식 자료","https://www.paju.go.kr/www/www_02/health/health_03/health_03_09/health_03_09_01.jsp | https://www.paju.go.kr/user/soldier/BD_discountStoreList.do?q_ctgCd=1002","2026-09-06","파주시 공식 참여업소 목록 일치, 공식 공통 할인 정책 적용"
"103","덕성원","파주시 명동길 43 (금촌동)","공식 최신 근거 확인","공통","군 장병·사회복무요원 대상 10% 이상 할인 또는 상응 서비스","관내 주둔 군 장병·사회복무요원","업소별 적용 품목·조건은 방문 전 확인","파주시 공식 군장병 할인업소 목록 및 운영 안내","지자체 공식 자료","https://www.paju.go.kr/www/www_02/health/health_03/health_03_09/health_03_09_01.jsp | https://www.paju.go.kr/user/soldier/BD_discountStoreList.do?q_ctgCd=1001","2026-09-06","파주시 공식 참여업소 목록 일치, 공식 공통 할인 정책 적용"
"104","미몽 파주금촌점","파주시 동산8길 39 (금촌동)","공식 최신 근거 확인","공통","군 장병·사회복무요원 대상 10% 이상 할인 또는 상응 서비스","관내 주둔 군 장병·사회복무요원","업소별 적용 품목·조건은 방문 전 확인","파주시 공식 군장병 할인업소 목록 및 운영 안내","지자체 공식 자료","https://www.paju.go.kr/www/www_02/health/health_03/health_03_09/health_03_09_01.jsp | https://www.paju.go.kr/user/soldier/BD_discountStoreList.do?q_ctgCd=1001","2026-09-06","파주시 공식 참여업소 목록 일치, 공식 공통 할인 정책 적용"
"105","바삭옛날통닭","파주시 새꽃로 25 (금촌동) 103호","공식 최신 근거 확인","공통","군 장병·사회복무요원 대상 10% 이상 할인 또는 상응 서비스","관내 주둔 군 장병·사회복무요원","업소별 적용 품목·조건은 방문 전 확인","파주시 공식 군장병 할인업소 목록 및 운영 안내","지자체 공식 자료","https://www.paju.go.kr/www/www_02/health/health_03/health_03_09/health_03_09_01.jsp | https://www.paju.go.kr/user/soldier/BD_discountStoreList.do?q_ctgCd=1001","2026-09-06","파주시 공식 참여업소 목록 일치, 공식 공통 할인 정책 적용"
"106","소담촌","파주시 후곡로 19 (금촌동) 3층 전부","공식 최신 근거 확인","공통","군 장병·사회복무요원 대상 10% 이상 할인 또는 상응 서비스","관내 주둔 군 장병·사회복무요원","업소별 적용 품목·조건은 방문 전 확인","파주시 공식 군장병 할인업소 목록 및 운영 안내","지자체 공식 자료","https://www.paju.go.kr/www/www_02/health/health_03/health_03_09/health_03_09_01.jsp | https://www.paju.go.kr/user/soldier/BD_discountStoreList.do?q_ctgCd=1001","2026-09-06","파주시 공식 참여업소 목록 일치, 공식 공통 할인 정책 적용"
"107","여명 양평해장국","파주시 번영로 36 (금촌동)","공식 최신 근거 확인","공통","군 장병·사회복무요원 대상 10% 이상 할인 또는 상응 서비스","관내 주둔 군 장병·사회복무요원","업소별 적용 품목·조건은 방문 전 확인","파주시 공식 군장병 할인업소 목록 및 운영 안내","지자체 공식 자료","https://www.paju.go.kr/www/www_02/health/health_03/health_03_09/health_03_09_01.jsp | https://www.paju.go.kr/user/soldier/BD_discountStoreList.do?q_ctgCd=1001","2026-09-06","파주시 공식 참여업소 목록 일치, 공식 공통 할인 정책 적용"
"108","왔다삼겹살","파주시 원앙길 26 (금촌동)","공식 최신 근거 확인","공통","군 장병·사회복무요원 대상 10% 이상 할인 또는 상응 서비스","관내 주둔 군 장병·사회복무요원","업소별 적용 품목·조건은 방문 전 확인","파주시 공식 군장병 할인업소 목록 및 운영 안내","지자체 공식 자료","https://www.paju.go.kr/www/www_02/health/health_03/health_03_09/health_03_09_01.jsp | https://www.paju.go.kr/user/soldier/BD_discountStoreList.do?q_ctgCd=1001","2026-09-06","파주시 공식 참여업소 목록 일치, 공식 공통 할인 정책 적용"
"110","중국성","파주시 아동로 13 (금촌동)","공식 최신 근거 확인","공통","군 장병·사회복무요원 대상 10% 이상 할인 또는 상응 서비스","관내 주둔 군 장병·사회복무요원","업소별 적용 품목·조건은 방문 전 확인","파주시 공식 군장병 할인업소 목록 및 운영 안내","지자체 공식 자료","https://www.paju.go.kr/www/www_02/health/health_03/health_03_09/health_03_09_01.jsp | https://www.paju.go.kr/user/soldier/BD_discountStoreList.do?q_ctgCd=1001","2026-09-06","파주시 공식 참여업소 목록 일치, 공식 공통 할인 정책 적용"
"111","커피에반하다(금촌역점)","파주시 새꽃로 200 (금촌동) 1층","공식 최신 근거 확인","공통","군 장병·사회복무요원 대상 10% 이상 할인 또는 상응 서비스","관내 주둔 군 장병·사회복무요원","업소별 적용 품목·조건은 방문 전 확인","파주시 공식 군장병 할인업소 목록 및 운영 안내","지자체 공식 자료","https://www.paju.go.kr/www/www_02/health/health_03/health_03_09/health_03_09_01.jsp | https://www.paju.go.kr/user/soldier/BD_discountStoreList.do?q_ctgCd=1001","2026-09-06","파주시 공식 참여업소 목록 일치, 공식 공통 할인 정책 적용"
"112","미술관속 족발집","파주시 한마음1길 43 (금촌동) 2층","공식 최신 근거 확인","공통","군 장병·사회복무요원 대상 10% 이상 할인 또는 상응 서비스","관내 주둔 군 장병·사회복무요원","업소별 적용 품목·조건은 방문 전 확인","파주시 공식 군장병 할인업소 목록 및 운영 안내","지자체 공식 자료","https://www.paju.go.kr/www/www_02/health/health_03/health_03_09/health_03_09_01.jsp | https://www.paju.go.kr/user/soldier/BD_discountStoreList.do?q_ctgCd=1001","2026-09-06","파주시 공식 참여업소 목록 일치, 공식 공통 할인 정책 적용"
"113","소스와 꼬꼬","파주시 한마음1길 40 (금촌동)","공식 최신 근거 확인","공통","군 장병·사회복무요원 대상 10% 이상 할인 또는 상응 서비스","관내 주둔 군 장병·사회복무요원","업소별 적용 품목·조건은 방문 전 확인","파주시 공식 군장병 할인업소 목록 및 운영 안내","지자체 공식 자료","https://www.paju.go.kr/www/www_02/health/health_03/health_03_09/health_03_09_01.jsp | https://www.paju.go.kr/user/soldier/BD_discountStoreList.do?q_ctgCd=1001","2026-09-06","파주시 공식 참여업소 목록 일치, 공식 공통 할인 정책 적용"
"114","할머니가래떡볶이(금촌점)","파주시 한마음1길 9 (금촌동) 광성프라자 105호","공식 최신 근거 확인","공통","군 장병·사회복무요원 대상 10% 이상 할인 또는 상응 서비스","관내 주둔 군 장병·사회복무요원","업소별 적용 품목·조건은 방문 전 확인","파주시 공식 군장병 할인업소 목록 및 운영 안내","지자체 공식 자료","https://www.paju.go.kr/www/www_02/health/health_03/health_03_09/health_03_09_01.jsp | https://www.paju.go.kr/user/soldier/BD_discountStoreList.do?q_ctgCd=1001","2026-09-06","파주시 공식 참여업소 목록 일치, 공식 공통 할인 정책 적용"
"115","일품양평해장국 파주검산점","파주시 평화로 330 (검산동)","공식 최신 근거 확인","공통","군 장병·사회복무요원 대상 10% 이상 할인 또는 상응 서비스","관내 주둔 군 장병·사회복무요원","업소별 적용 품목·조건은 방문 전 확인","파주시 공식 군장병 할인업소 목록 및 운영 안내","지자체 공식 자료","https://www.paju.go.kr/www/www_02/health/health_03/health_03_09/health_03_09_01.jsp | https://www.paju.go.kr/user/soldier/BD_discountStoreList.do?q_ctgCd=1001","2026-09-06","파주시 공식 참여업소 목록 일치, 공식 공통 할인 정책 적용"
"116","파주새말육심","파주시 정담길 41 (아동동) 1층","공식 최신 근거 확인","공통","군 장병·사회복무요원 대상 10% 이상 할인 또는 상응 서비스","관내 주둔 군 장병·사회복무요원","업소별 적용 품목·조건은 방문 전 확인","파주시 공식 군장병 할인업소 목록 및 운영 안내","지자체 공식 자료","https://www.paju.go.kr/www/www_02/health/health_03/health_03_09/health_03_09_01.jsp | https://www.paju.go.kr/user/soldier/BD_discountStoreList.do?q_ctgCd=1001","2026-09-06","파주시 공식 참여업소 목록 일치, 공식 공통 할인 정책 적용"
"118","개성연출","경기도 동두천시 정장로 31-12, 1층","공식 최신 근거 확인","세부","커트 2,000원 할인","군 장병","업소별 할인율·적용 품목·중복 할인 여부는 방문 전 문의","동두천시 공식 군장병 할인업소 목록","지자체 공식 자료","https://www.ddc.go.kr/ddc/contents.do?key=1570","2026-09-06","동두천시 공식 목록에서 상호·주소·전화·개별 할인 일치"
"119","고미나 헤어모드","경기도 동두천시 동광로 75-1, 1층","공식 최신 근거 확인","세부","커트 2,000원 할인","군 장병","업소별 할인율·적용 품목·중복 할인 여부는 방문 전 문의","동두천시 공식 군장병 할인업소 목록","지자체 공식 자료","https://www.ddc.go.kr/ddc/contents.do?key=1570","2026-09-06","동두천시 공식 목록에서 상호·주소·전화·개별 할인 일치"
"120","김희정헤어샵","경기도 동두천시 지행로65, 2층(지행동)","공식 최신 근거 확인","세부","커트 10% 할인","군 장병","업소별 할인율·적용 품목·중복 할인 여부는 방문 전 문의","동두천시 공식 군장병 할인업소 목록","지자체 공식 자료","https://www.ddc.go.kr/ddc/contents.do?key=1570","2026-09-06","동두천시 공식 목록에서 상호·주소·전화·개별 할인 일치"
"122","노블헤어","경기도 동두천시 거북마루로45, 상가동 202호(생연동)","공식 최신 근거 확인","세부","커트 20% 할인","군 장병","업소별 할인율·적용 품목·중복 할인 여부는 방문 전 문의","동두천시 공식 군장병 할인업소 목록","지자체 공식 자료","https://www.ddc.go.kr/ddc/contents.do?key=1570","2026-09-06","동두천시 공식 목록에서 상호·주소·전화·개별 할인 일치"
"123","리안헤어 동두천지행역점","경기도 동두천시 지행로56, 205호(지행동)","공식 최신 근거 확인","세부","커트 5,000원 할인","군 장병","업소별 할인율·적용 품목·중복 할인 여부는 방문 전 문의","동두천시 공식 군장병 할인업소 목록","지자체 공식 자료","https://www.ddc.go.kr/ddc/contents.do?key=1570","2026-09-06","동두천시 공식 목록에서 상호·주소·전화·개별 할인 일치"
"124","마샹스헤어살롱","경기도 동두천시 중앙로134-20, 202호(지행동)","공식 최신 근거 확인","세부","커트 3,000원 할인","군 장병","업소별 할인율·적용 품목·중복 할인 여부는 방문 전 문의","동두천시 공식 군장병 할인업소 목록","지자체 공식 자료","https://www.ddc.go.kr/ddc/contents.do?key=1570","2026-09-06","동두천시 공식 목록에서 상호·주소·전화·개별 할인 일치"
"125","박미라 헤어스토리","경기도 동두천시 평화로2452-1(생연동)","공식 최신 근거 확인","세부","커트 2,000원 할인","군 장병","업소별 할인율·적용 품목·중복 할인 여부는 방문 전 문의","동두천시 공식 군장병 할인업소 목록","지자체 공식 자료","https://www.ddc.go.kr/ddc/contents.do?key=1570","2026-09-06","동두천시 공식 목록에서 상호·주소·전화·개별 할인 일치"
"126","보배헤어샵","경기도 동두천시 중앙로286번길 21-3(생연동)","공식 최신 근거 확인","세부","커트 1,000원 할인","군 장병","업소별 할인율·적용 품목·중복 할인 여부는 방문 전 문의","동두천시 공식 군장병 할인업소 목록","지자체 공식 자료","https://www.ddc.go.kr/ddc/contents.do?key=1570","2026-09-06","동두천시 공식 목록에서 상호·주소·전화·개별 할인 일치"
"127","삐삐머리방","경기도 동두천시 평화로2530번길 35(보산동)","공식 최신 근거 확인","세부","커트 2,000원 할인","군 장병","업소별 할인율·적용 품목·중복 할인 여부는 방문 전 문의","동두천시 공식 군장병 할인업소 목록","지자체 공식 자료","https://www.ddc.go.kr/ddc/contents.do?key=1570","2026-09-06","동두천시 공식 목록에서 상호·주소·전화·개별 할인 일치"
"130","신성순 헤어아트","경기도 동두천시 중앙로278, 2층(생연동)","공식 최신 근거 확인","세부","커트 3,000원 할인","군 장병","업소별 할인율·적용 품목·중복 할인 여부는 방문 전 문의","동두천시 공식 군장병 할인업소 목록","지자체 공식 자료","https://www.ddc.go.kr/ddc/contents.do?key=1570","2026-09-06","동두천시 공식 목록에서 상호·주소·전화·개별 할인 일치"
"131","신지미헤어라인","경기도 동두천시 광암로33번길 13-10(광암동)","공식 최신 근거 확인","세부","커트 1,000원 할인","군 장병","업소별 할인율·적용 품목·중복 할인 여부는 방문 전 문의","동두천시 공식 군장병 할인업소 목록","지자체 공식 자료","https://www.ddc.go.kr/ddc/contents.do?key=1570","2026-09-06","동두천시 공식 목록에서 상호·주소·전화·개별 할인 일치"
"132","안다미로","경기도 동두천시 지행로107번길 13(지행동)","공식 최신 근거 확인","세부","커트 4,000원 할인","군 장병","업소별 할인율·적용 품목·중복 할인 여부는 방문 전 문의","동두천시 공식 군장병 할인업소 목록","지자체 공식 자료","https://www.ddc.go.kr/ddc/contents.do?key=1570","2026-09-06","동두천시 공식 목록에서 상호·주소·전화·개별 할인 일치"
"133","에이치H헤어","경기도 동두천시 중앙로134-26, 1층 105호(지행동)","공식 최신 근거 확인","세부","10%","군 장병","업소별 할인율·적용 품목·중복 할인 여부는 방문 전 문의","동두천시 공식 군장병 할인업소 목록","지자체 공식 자료","https://www.ddc.go.kr/ddc/contents.do?key=1570","2026-09-06","동두천시 공식 목록에서 상호·주소·전화·개별 할인 일치"
"134","이선희헤어샵","경기도 동두천시 삼육사로896, 1층(생연동)","공식 최신 근거 확인","세부","커트 20% 할인","군 장병","업소별 할인율·적용 품목·중복 할인 여부는 방문 전 문의","동두천시 공식 군장병 할인업소 목록","지자체 공식 자료","https://www.ddc.go.kr/ddc/contents.do?key=1570","2026-09-06","동두천시 공식 목록에서 상호·주소·전화·개별 할인 일치"
"135","이지현미용실","경기도 동두천시 중앙로295번길 26(생연동)","공식 최신 근거 확인","세부","커트 2,000원 할인","군 장병","업소별 할인율·적용 품목·중복 할인 여부는 방문 전 문의","동두천시 공식 군장병 할인업소 목록","지자체 공식 자료","https://www.ddc.go.kr/ddc/contents.do?key=1570","2026-09-06","동두천시 공식 목록에서 상호·주소·전화·개별 할인 일치"
"136","인헤어","경기도 동두천시 삼육사로902, 2동 104호(생연동)","공식 최신 근거 확인","세부","커트 2,000원 할인","군 장병","업소별 할인율·적용 품목·중복 할인 여부는 방문 전 문의","동두천시 공식 군장병 할인업소 목록","지자체 공식 자료","https://www.ddc.go.kr/ddc/contents.do?key=1570","2026-09-06","동두천시 공식 목록에서 상호·주소·전화·개별 할인 일치"
"138","쟝스헤어","경기도 동두천시 평화로2915(상봉암동)","공식 최신 근거 확인","세부","커트 1,000원 할인","군 장병","업소별 할인율·적용 품목·중복 할인 여부는 방문 전 문의","동두천시 공식 군장병 할인업소 목록","지자체 공식 자료","https://www.ddc.go.kr/ddc/contents.do?key=1570","2026-09-06","동두천시 공식 목록에서 상호·주소·전화·개별 할인 일치"
"142","차희에스 머리사랑","경기도 동두천시 행선로98(생연동)","공식 최신 근거 확인","세부","커트 10,000원","군 장병","업소별 할인율·적용 품목·중복 할인 여부는 방문 전 문의","동두천시 공식 군장병 할인업소 목록","지자체 공식 자료","https://www.ddc.go.kr/ddc/contents.do?key=1570","2026-09-06","동두천시 공식 목록에서 상호·주소·전화·개별 할인 일치"
"148","헤어바이 미정","경기도 동두천시 중앙로265번길 8(생연동)","공식 최신 근거 확인","세부","커트 2,000원 할인","군 장병","업소별 할인율·적용 품목·중복 할인 여부는 방문 전 문의","동두천시 공식 군장병 할인업소 목록","지자체 공식 자료","https://www.ddc.go.kr/ddc/contents.do?key=1570","2026-09-06","동두천시 공식 목록에서 상호·주소·전화·개별 할인 일치"
"151","그린파크모텔","경기도 동두천시 어수로91-10(생연동)","공식 최신 근거 확인","세부","10%","군 장병","업소별 할인율·적용 품목·중복 할인 여부는 방문 전 문의","동두천시 공식 군장병 할인업소 목록","지자체 공식 자료","https://www.ddc.go.kr/ddc/contents.do?key=1570","2026-09-06","동두천시 공식 목록에서 상호·주소·전화·개별 할인 일치"
"152","제이(J)모텔","경기도 동두천시 동두천로247-13(생연동)","공식 최신 근거 확인","세부","10%","군 장병","업소별 할인율·적용 품목·중복 할인 여부는 방문 전 문의","동두천시 공식 군장병 할인업소 목록","지자체 공식 자료","https://www.ddc.go.kr/ddc/contents.do?key=1570","2026-09-06","동두천시 공식 목록에서 상호·주소·전화·개별 할인 일치"
"154","거북이삼겹살","경기도 동두천시 생연로175, 1층(생연동)","공식 최신 근거 확인","세부","5%","군 장병","업소별 할인율·적용 품목·중복 할인 여부는 방문 전 문의","동두천시 공식 군장병 할인업소 목록","지자체 공식 자료","https://www.ddc.go.kr/ddc/contents.do?key=1570","2026-09-06","동두천시 공식 목록에서 상호·주소·전화·개별 할인 일치"
"155","고기싸롱","경기도 동두천시 평화로2313번길 7-26(지행동)","공식 최신 근거 확인","세부","5%","군 장병","업소별 할인율·적용 품목·중복 할인 여부는 방문 전 문의","동두천시 공식 군장병 할인업소 목록","지자체 공식 자료","https://www.ddc.go.kr/ddc/contents.do?key=1570","2026-09-06","동두천시 공식 목록에서 상호·주소·전화·개별 할인 일치"
"156","고봉민김밥 지행역점","경기도 동두천시 중앙로126, 107호(지행동)","공식 최신 근거 확인","세부","10%","군 장병","업소별 할인율·적용 품목·중복 할인 여부는 방문 전 문의","동두천시 공식 군장병 할인업소 목록","지자체 공식 자료","https://www.ddc.go.kr/ddc/contents.do?key=1570","2026-09-06","동두천시 공식 목록에서 상호·주소·전화·개별 할인 일치"
"157","그집순대국","경기도 동두천시 장고갯로157, 제1동(생연동)","공식 최신 근거 확인","세부","5%","군 장병","업소별 할인율·적용 품목·중복 할인 여부는 방문 전 문의","동두천시 공식 군장병 할인업소 목록","지자체 공식 자료","https://www.ddc.go.kr/ddc/contents.do?key=1570","2026-09-06","동두천시 공식 목록에서 상호·주소·전화·개별 할인 일치"
"159","넓은공간","경기도 동두천시 평화로2910번길 82(상봉암동)","공식 최신 근거 확인","세부","5%","군 장병","업소별 할인율·적용 품목·중복 할인 여부는 방문 전 문의","동두천시 공식 군장병 할인업소 목록","지자체 공식 자료","https://www.ddc.go.kr/ddc/contents.do?key=1570","2026-09-06","동두천시 공식 목록에서 상호·주소·전화·개별 할인 일치"
"160","다복식당","경기도 동두천시 생연로177(생연동)","공식 최신 근거 확인","세부","5%","군 장병","업소별 할인율·적용 품목·중복 할인 여부는 방문 전 문의","동두천시 공식 군장병 할인업소 목록","지자체 공식 자료","https://www.ddc.go.kr/ddc/contents.do?key=1570","2026-09-06","동두천시 공식 목록에서 상호·주소·전화·개별 할인 일치"
"161","다원","경기도 동두천시 어수로102번길 6(생연동)","공식 최신 근거 확인","세부","10%","군 장병","업소별 할인율·적용 품목·중복 할인 여부는 방문 전 문의","동두천시 공식 군장병 할인업소 목록","지자체 공식 자료","https://www.ddc.go.kr/ddc/contents.do?key=1570","2026-09-06","동두천시 공식 목록에서 상호·주소·전화·개별 할인 일치"
"162","대왕미가","경기도 동두천시 삼육사로1009(생연동)","공식 최신 근거 확인","세부","5%","군 장병","업소별 할인율·적용 품목·중복 할인 여부는 방문 전 문의","동두천시 공식 군장병 할인업소 목록","지자체 공식 자료","https://www.ddc.go.kr/ddc/contents.do?key=1570","2026-09-06","동두천시 공식 목록에서 상호·주소·전화·개별 할인 일치"
"163","대호숯불갈비","경기도 동두천시 중앙로265번길 19(생연동)","공식 최신 근거 확인","세부","10%","군 장병","업소별 할인율·적용 품목·중복 할인 여부는 방문 전 문의","동두천시 공식 군장병 할인업소 목록","지자체 공식 자료","https://www.ddc.go.kr/ddc/contents.do?key=1570","2026-09-06","동두천시 공식 목록에서 상호·주소·전화·개별 할인 일치"
"164","동태한그릇","경기도 동두천시 생연로155(생연동)","공식 최신 근거 확인","세부","10%","군 장병","업소별 할인율·적용 품목·중복 할인 여부는 방문 전 문의","동두천시 공식 군장병 할인업소 목록","지자체 공식 자료","https://www.ddc.go.kr/ddc/contents.do?key=1570","2026-09-06","동두천시 공식 목록에서 상호·주소·전화·개별 할인 일치"
"170","요리하는경더기","경기도 동두천시 중앙로134-20, 3층(지행동)","공식 최신 근거 확인","세부","10%","군 장병","업소별 할인율·적용 품목·중복 할인 여부는 방문 전 문의","동두천시 공식 군장병 할인업소 목록","지자체 공식 자료","https://www.ddc.go.kr/ddc/contents.do?key=1570","2026-09-06","동두천시 공식 목록에서 상호·주소·전화·개별 할인 일치"
"171","우막산순대국","경기도 동두천시 평화로2261번길 22(지행동)","공식 최신 근거 확인","세부","10%","군 장병","업소별 할인율·적용 품목·중복 할인 여부는 방문 전 문의","동두천시 공식 군장병 할인업소 목록","지자체 공식 자료","https://www.ddc.go.kr/ddc/contents.do?key=1570","2026-09-06","동두천시 공식 목록에서 상호·주소·전화·개별 할인 일치"
"172","유경장작구이","경기도 동두천시 평화로2910번길 10(상봉암동)","공식 최신 근거 확인","세부","5%","군 장병","업소별 할인율·적용 품목·중복 할인 여부는 방문 전 문의","동두천시 공식 군장병 할인업소 목록","지자체 공식 자료","https://www.ddc.go.kr/ddc/contents.do?key=1570","2026-09-06","동두천시 공식 목록에서 상호·주소·전화·개별 할인 일치"
"174","으뜸코다리냉면","경기도 동두천시 생연로170-2, 1층(생연동)","공식 최신 근거 확인","세부","10%","군 장병","업소별 할인율·적용 품목·중복 할인 여부는 방문 전 문의","동두천시 공식 군장병 할인업소 목록","지자체 공식 자료","https://www.ddc.go.kr/ddc/contents.do?key=1570","2026-09-06","동두천시 공식 목록에서 상호·주소·전화·개별 할인 일치"
"175","일미담","경기도 동두천시 동광로73, 1층(생연동)","공식 최신 근거 확인","세부","5%","군 장병","업소별 할인율·적용 품목·중복 할인 여부는 방문 전 문의","동두천시 공식 군장병 할인업소 목록","지자체 공식 자료","https://www.ddc.go.kr/ddc/contents.do?key=1570","2026-09-06","동두천시 공식 목록에서 상호·주소·전화·개별 할인 일치"
"176","장단콩터","경기도 동두천시 생연로119-1, 1층(생연동)","공식 최신 근거 확인","세부","10%","군 장병","업소별 할인율·적용 품목·중복 할인 여부는 방문 전 문의","동두천시 공식 군장병 할인업소 목록","지자체 공식 자료","https://www.ddc.go.kr/ddc/contents.do?key=1570","2026-09-06","동두천시 공식 목록에서 상호·주소·전화·개별 할인 일치"
"177","좋은날식당","경기도 동두천시 중앙로265번길 23(생연동)","공식 최신 근거 확인","세부","15%","군 장병","업소별 할인율·적용 품목·중복 할인 여부는 방문 전 문의","동두천시 공식 군장병 할인업소 목록","지자체 공식 자료","https://www.ddc.go.kr/ddc/contents.do?key=1570","2026-09-06","동두천시 공식 목록에서 상호·주소·전화·개별 할인 일치"
"178","처가집(부대찌개)","경기도 동두천시 어수로91-3(생연동)","공식 최신 근거 확인","세부","10%","군 장병","업소별 할인율·적용 품목·중복 할인 여부는 방문 전 문의","동두천시 공식 군장병 할인업소 목록","지자체 공식 자료","https://www.ddc.go.kr/ddc/contents.do?key=1570","2026-09-06","동두천시 공식 목록에서 상호·주소·전화·개별 할인 일치"
"180","촌가","경기도 동두천시 중앙로273번길 30, 1층(생연동)","공식 최신 근거 확인","세부","10%","군 장병","업소별 할인율·적용 품목·중복 할인 여부는 방문 전 문의","동두천시 공식 군장병 할인업소 목록","지자체 공식 자료","https://www.ddc.go.kr/ddc/contents.do?key=1570","2026-09-06","동두천시 공식 목록에서 상호·주소·전화·개별 할인 일치"
"181","통큰부대찌개","경기도 동두천시 생연로39-60(지행동)","공식 최신 근거 확인","세부","10%","군 장병","업소별 할인율·적용 품목·중복 할인 여부는 방문 전 문의","동두천시 공식 군장병 할인업소 목록","지자체 공식 자료","https://www.ddc.go.kr/ddc/contents.do?key=1570","2026-09-06","동두천시 공식 목록에서 상호·주소·전화·개별 할인 일치"
"182","특허받은 마늘콩짜장","경기도 동두천시 평화로 2351(생연동)","공식 최신 근거 확인","세부","10%","군 장병","업소별 할인율·적용 품목·중복 할인 여부는 방문 전 문의","동두천시 공식 군장병 할인업소 목록","지자체 공식 자료","https://www.ddc.go.kr/ddc/contents.do?key=1570","2026-09-06","동두천시 공식 목록에서 상호·주소·전화·개별 할인 일치"
"186","황주생고기","경기도 동두천시 생연로142(생연동)","공식 최신 근거 확인","세부","3%","군 장병","업소별 할인율·적용 품목·중복 할인 여부는 방문 전 문의","동두천시 공식 군장병 할인업소 목록","지자체 공식 자료","https://www.ddc.go.kr/ddc/contents.do?key=1570","2026-09-06","동두천시 공식 목록에서 상호·주소·전화·개별 할인 일치"
"187","롯데리아 동두천점","경기도 동두천시 중앙로270(생연동)","공식 최신 근거 확인","세부","10%","군 장병","업소별 할인율·적용 품목·중복 할인 여부는 방문 전 문의","동두천시 공식 군장병 할인업소 목록","지자체 공식 자료","https://www.ddc.go.kr/ddc/contents.do?key=1570","2026-09-06","동두천시 공식 목록에서 상호·주소·전화·개별 할인 일치"
"188","빨간풍차제과점","경기도 동두천시 동광로78번길 4(생연동)","공식 최신 근거 확인","세부","5%","군 장병","업소별 할인율·적용 품목·중복 할인 여부는 방문 전 문의","동두천시 공식 군장병 할인업소 목록","지자체 공식 자료","https://www.ddc.go.kr/ddc/contents.do?key=1570","2026-09-06","동두천시 공식 목록에서 상호·주소·전화·개별 할인 일치"
"190","청년다방","경기도 동두천시 평화로2261번길 9-6(지행동)","공식 최신 근거 확인","세부","5%","군 장병","업소별 할인율·적용 품목·중복 할인 여부는 방문 전 문의","동두천시 공식 군장병 할인업소 목록","지자체 공식 자료","https://www.ddc.go.kr/ddc/contents.do?key=1570","2026-09-06","동두천시 공식 목록에서 상호·주소·전화·개별 할인 일치"
"191","커피&유","경기도 동두천시 정장로17번길 20, 1층(생연동)","공식 최신 근거 확인","세부","10%","군 장병","업소별 할인율·적용 품목·중복 할인 여부는 방문 전 문의","동두천시 공식 군장병 할인업소 목록","지자체 공식 자료","https://www.ddc.go.kr/ddc/contents.do?key=1570","2026-09-06","동두천시 공식 목록에서 상호·주소·전화·개별 할인 일치"
"192","나포리미용실","파주시 문산읍 문향로56번길 19","공식 최신 근거 확인","공통","군 장병·사회복무요원 대상 10% 이상 할인 또는 상응 서비스","관내 주둔 군 장병·사회복무요원","업소별 적용 품목·조건은 방문 전 확인","파주시 공식 군장병 할인업소 목록 및 운영 안내","지자체 공식 자료","https://www.paju.go.kr/www/www_02/health/health_03/health_03_09/health_03_09_01.jsp | https://www.paju.go.kr/user/soldier/BD_discountStoreList.do?q_ctgCd=1004","2026-09-06","파주시 공식 참여업소 목록 일치, 공식 공통 할인 정책 적용"
"193","라헬헤어","파주시 문산읍 문향로75번길 19-12 1층 일부","공식 최신 근거 확인","공통","군 장병·사회복무요원 대상 10% 이상 할인 또는 상응 서비스","관내 주둔 군 장병·사회복무요원","업소별 적용 품목·조건은 방문 전 확인","파주시 공식 군장병 할인업소 목록 및 운영 안내","지자체 공식 자료","https://www.paju.go.kr/www/www_02/health/health_03/health_03_09/health_03_09_01.jsp | https://www.paju.go.kr/user/soldier/BD_discountStoreList.do?q_ctgCd=1004","2026-09-06","파주시 공식 참여업소 목록 일치, 공식 공통 할인 정책 적용"
"194","박준 뷰티랩","파주시 문산읍 방촌로 1719","공식 최신 근거 확인","공통","군 장병·사회복무요원 대상 10% 이상 할인 또는 상응 서비스","관내 주둔 군 장병·사회복무요원","업소별 적용 품목·조건은 방문 전 확인","파주시 공식 군장병 할인업소 목록 및 운영 안내","지자체 공식 자료","https://www.paju.go.kr/www/www_02/health/health_03/health_03_09/health_03_09_01.jsp | https://www.paju.go.kr/user/soldier/BD_discountStoreList.do?q_ctgCd=1004","2026-09-06","파주시 공식 참여업소 목록 일치, 공식 공통 할인 정책 적용"
"195","샴푸의요정","파주시 문산읍 문향로 60-1","공식 최신 근거 확인","공통","군 장병·사회복무요원 대상 10% 이상 할인 또는 상응 서비스","관내 주둔 군 장병·사회복무요원","업소별 적용 품목·조건은 방문 전 확인","파주시 공식 군장병 할인업소 목록 및 운영 안내","지자체 공식 자료","https://www.paju.go.kr/www/www_02/health/health_03/health_03_09/health_03_09_01.jsp | https://www.paju.go.kr/user/soldier/BD_discountStoreList.do?q_ctgCd=1004","2026-09-06","파주시 공식 참여업소 목록 일치, 공식 공통 할인 정책 적용"
"196","씨케이미용실(CK 헤어)","파주시 문산읍 당동2로 11-5","공식 최신 근거 확인","공통","군 장병·사회복무요원 대상 10% 이상 할인 또는 상응 서비스","관내 주둔 군 장병·사회복무요원","업소별 적용 품목·조건은 방문 전 확인","파주시 공식 군장병 할인업소 목록 및 운영 안내","지자체 공식 자료","https://www.paju.go.kr/www/www_02/health/health_03/health_03_09/health_03_09_01.jsp | https://www.paju.go.kr/user/soldier/BD_discountStoreList.do?q_ctgCd=1004","2026-09-06","파주시 공식 참여업소 목록 일치, 공식 공통 할인 정책 적용"
"197","에이바헤어 문산당동점","파주시 문산읍 방촌로 1719-62","공식 최신 근거 확인","공통","군 장병·사회복무요원 대상 10% 이상 할인 또는 상응 서비스","관내 주둔 군 장병·사회복무요원","업소별 적용 품목·조건은 방문 전 확인","파주시 공식 군장병 할인업소 목록 및 운영 안내","지자체 공식 자료","https://www.paju.go.kr/www/www_02/health/health_03/health_03_09/health_03_09_01.jsp | https://www.paju.go.kr/user/soldier/BD_discountStoreList.do?q_ctgCd=1004","2026-09-06","파주시 공식 참여업소 목록 일치, 공식 공통 할인 정책 적용"
"198","헤어갤러리","파주시 문산읍 문산로26번길 2","공식 최신 근거 확인","공통","군 장병·사회복무요원 대상 10% 이상 할인 또는 상응 서비스","관내 주둔 군 장병·사회복무요원","업소별 적용 품목·조건은 방문 전 확인","파주시 공식 군장병 할인업소 목록 및 운영 안내","지자체 공식 자료","https://www.paju.go.kr/www/www_02/health/health_03/health_03_09/health_03_09_01.jsp | https://www.paju.go.kr/user/soldier/BD_discountStoreList.do?q_ctgCd=1004","2026-09-06","파주시 공식 참여업소 목록 일치, 공식 공통 할인 정책 적용"
"199","M 모텔","파주시 문산읍 문향로 87-1","공식 최신 근거 확인","공통","군 장병·사회복무요원 대상 10% 이상 할인 또는 상응 서비스","관내 주둔 군 장병·사회복무요원","업소별 적용 품목·조건은 방문 전 확인","파주시 공식 군장병 할인업소 목록 및 운영 안내","지자체 공식 자료","https://www.paju.go.kr/www/www_02/health/health_03/health_03_09/health_03_09_01.jsp | https://www.paju.go.kr/user/soldier/BD_discountStoreList.do?q_ctgCd=1002","2026-09-06","파주시 공식 참여업소 목록 일치, 공식 공통 할인 정책 적용"
"200","로얄모텔","파주시 문산읍 문향로49번길 20","공식 최신 근거 확인","공통","군 장병·사회복무요원 대상 10% 이상 할인 또는 상응 서비스","관내 주둔 군 장병·사회복무요원","업소별 적용 품목·조건은 방문 전 확인","파주시 공식 군장병 할인업소 목록 및 운영 안내","지자체 공식 자료","https://www.paju.go.kr/www/www_02/health/health_03/health_03_09/health_03_09_01.jsp | https://www.paju.go.kr/user/soldier/BD_discountStoreList.do?q_ctgCd=1002","2026-09-06","파주시 공식 참여업소 목록 일치, 공식 공통 할인 정책 적용"
"201","모텔청화","파주시 문산읍 문향로 69-15","공식 최신 근거 확인","공통","군 장병·사회복무요원 대상 10% 이상 할인 또는 상응 서비스","관내 주둔 군 장병·사회복무요원","업소별 적용 품목·조건은 방문 전 확인","파주시 공식 군장병 할인업소 목록 및 운영 안내","지자체 공식 자료","https://www.paju.go.kr/www/www_02/health/health_03/health_03_09/health_03_09_01.jsp | https://www.paju.go.kr/user/soldier/BD_discountStoreList.do?q_ctgCd=1002","2026-09-06","파주시 공식 참여업소 목록 일치, 공식 공통 할인 정책 적용"
"202","59쌀피자","파주시 문산읍 문향로68번길 8 1층","공식 최신 근거 확인","공통","군 장병·사회복무요원 대상 10% 이상 할인 또는 상응 서비스","관내 주둔 군 장병·사회복무요원","업소별 적용 품목·조건은 방문 전 확인","파주시 공식 군장병 할인업소 목록 및 운영 안내","지자체 공식 자료","https://www.paju.go.kr/www/www_02/health/health_03/health_03_09/health_03_09_01.jsp | https://www.paju.go.kr/user/soldier/BD_discountStoreList.do?q_ctgCd=1001","2026-09-06","파주시 공식 참여업소 목록 일치, 공식 공통 할인 정책 적용"
"203","갈비도둑","파주시 문산읍 문향로39번길 8","공식 최신 근거 확인","공통","군 장병·사회복무요원 대상 10% 이상 할인 또는 상응 서비스","관내 주둔 군 장병·사회복무요원","업소별 적용 품목·조건은 방문 전 확인","파주시 공식 군장병 할인업소 목록 및 운영 안내","지자체 공식 자료","https://www.paju.go.kr/www/www_02/health/health_03/health_03_09/health_03_09_01.jsp | https://www.paju.go.kr/user/soldier/BD_discountStoreList.do?q_ctgCd=1001","2026-09-06","파주시 공식 참여업소 목록 일치, 공식 공통 할인 정책 적용"
"204","누구나홀딱반한닭 문산당동점","파주시 문산읍 당동2로 11-5","공식 최신 근거 확인","공통","군 장병·사회복무요원 대상 10% 이상 할인 또는 상응 서비스","관내 주둔 군 장병·사회복무요원","업소별 적용 품목·조건은 방문 전 확인","파주시 공식 군장병 할인업소 목록 및 운영 안내","지자체 공식 자료","https://www.paju.go.kr/www/www_02/health/health_03/health_03_09/health_03_09_01.jsp | https://www.paju.go.kr/user/soldier/BD_discountStoreList.do?q_ctgCd=1001","2026-09-06","파주시 공식 참여업소 목록 일치, 공식 공통 할인 정책 적용"
"205","두근두근","파주시 문산읍 당동2로 11-1","공식 최신 근거 확인","공통","군 장병·사회복무요원 대상 10% 이상 할인 또는 상응 서비스","관내 주둔 군 장병·사회복무요원","업소별 적용 품목·조건은 방문 전 확인","파주시 공식 군장병 할인업소 목록 및 운영 안내","지자체 공식 자료","https://www.paju.go.kr/www/www_02/health/health_03/health_03_09/health_03_09_01.jsp | https://www.paju.go.kr/user/soldier/BD_discountStoreList.do?q_ctgCd=1001","2026-09-06","파주시 공식 참여업소 목록 일치, 공식 공통 할인 정책 적용"
"206","또봉이통닭(문산점)","파주시 문산읍 봉미로 19","공식 최신 근거 확인","공통","군 장병·사회복무요원 대상 10% 이상 할인 또는 상응 서비스","관내 주둔 군 장병·사회복무요원","업소별 적용 품목·조건은 방문 전 확인","파주시 공식 군장병 할인업소 목록 및 운영 안내","지자체 공식 자료","https://www.paju.go.kr/www/www_02/health/health_03/health_03_09/health_03_09_01.jsp | https://www.paju.go.kr/user/soldier/BD_discountStoreList.do?q_ctgCd=1001","2026-09-06","파주시 공식 참여업소 목록 일치, 공식 공통 할인 정책 적용"
"207","말랭이비빔국수","파주시 문산읍 방촌로 1463","공식 최신 근거 확인","공통","군 장병·사회복무요원 대상 10% 이상 할인 또는 상응 서비스","관내 주둔 군 장병·사회복무요원","업소별 적용 품목·조건은 방문 전 확인","파주시 공식 군장병 할인업소 목록 및 운영 안내","지자체 공식 자료","https://www.paju.go.kr/www/www_02/health/health_03/health_03_09/health_03_09_01.jsp | https://www.paju.go.kr/user/soldier/BD_discountStoreList.do?q_ctgCd=1001","2026-09-06","파주시 공식 참여업소 목록 일치, 공식 공통 할인 정책 적용"
"208","바른생고기정육점 소풍정육식당","파주시 문산읍 문향로 12 1~2층","공식 최신 근거 확인","공통","군 장병·사회복무요원 대상 10% 이상 할인 또는 상응 서비스","관내 주둔 군 장병·사회복무요원","업소별 적용 품목·조건은 방문 전 확인","파주시 공식 군장병 할인업소 목록 및 운영 안내","지자체 공식 자료","https://www.paju.go.kr/www/www_02/health/health_03/health_03_09/health_03_09_01.jsp | https://www.paju.go.kr/user/soldier/BD_discountStoreList.do?q_ctgCd=1001","2026-09-06","파주시 공식 참여업소 목록 일치, 공식 공통 할인 정책 적용"
"209","박여사미락감자탕","파주시 문산읍 봉미로 9","공식 최신 근거 확인","공통","군 장병·사회복무요원 대상 10% 이상 할인 또는 상응 서비스","관내 주둔 군 장병·사회복무요원","업소별 적용 품목·조건은 방문 전 확인","파주시 공식 군장병 할인업소 목록 및 운영 안내","지자체 공식 자료","https://www.paju.go.kr/www/www_02/health/health_03/health_03_09/health_03_09_01.jsp | https://www.paju.go.kr/user/soldier/BD_discountStoreList.do?q_ctgCd=1001","2026-09-06","파주시 공식 참여업소 목록 일치, 공식 공통 할인 정책 적용"
"210","밥꼬 문산점","파주시 문산읍 문향로67번길 15 1층","공식 최신 근거 확인","공통","군 장병·사회복무요원 대상 10% 이상 할인 또는 상응 서비스","관내 주둔 군 장병·사회복무요원","업소별 적용 품목·조건은 방문 전 확인","파주시 공식 군장병 할인업소 목록 및 운영 안내","지자체 공식 자료","https://www.paju.go.kr/www/www_02/health/health_03/health_03_09/health_03_09_01.jsp | https://www.paju.go.kr/user/soldier/BD_discountStoreList.do?q_ctgCd=1001","2026-09-06","파주시 공식 참여업소 목록 일치, 공식 공통 할인 정책 적용"
"212","북촌손만두 파주문산점","파주시 문산읍 우계로 424 1층 110호","공식 최신 근거 확인","공통","군 장병·사회복무요원 대상 10% 이상 할인 또는 상응 서비스","관내 주둔 군 장병·사회복무요원","업소별 적용 품목·조건은 방문 전 확인","파주시 공식 군장병 할인업소 목록 및 운영 안내","지자체 공식 자료","https://www.paju.go.kr/www/www_02/health/health_03/health_03_09/health_03_09_01.jsp | https://www.paju.go.kr/user/soldier/BD_discountStoreList.do?q_ctgCd=1001","2026-09-06","파주시 공식 참여업소 목록 일치, 공식 공통 할인 정책 적용"
"213","삼겹살에 소주한잔","파주시 문산읍 문향로84번길 2 2층","공식 최신 근거 확인","공통","군 장병·사회복무요원 대상 10% 이상 할인 또는 상응 서비스","관내 주둔 군 장병·사회복무요원","업소별 적용 품목·조건은 방문 전 확인","파주시 공식 군장병 할인업소 목록 및 운영 안내","지자체 공식 자료","https://www.paju.go.kr/www/www_02/health/health_03/health_03_09/health_03_09_01.jsp | https://www.paju.go.kr/user/soldier/BD_discountStoreList.do?q_ctgCd=1001","2026-09-06","파주시 공식 참여업소 목록 일치, 공식 공통 할인 정책 적용"
"214","삼산회관 파주문산점","파주시 문산읍 문향로 71","공식 최신 근거 확인","공통","군 장병·사회복무요원 대상 10% 이상 할인 또는 상응 서비스","관내 주둔 군 장병·사회복무요원","업소별 적용 품목·조건은 방문 전 확인","파주시 공식 군장병 할인업소 목록 및 운영 안내","지자체 공식 자료","https://www.paju.go.kr/www/www_02/health/health_03/health_03_09/health_03_09_01.jsp | https://www.paju.go.kr/user/soldier/BD_discountStoreList.do?q_ctgCd=1001","2026-09-06","파주시 공식 참여업소 목록 일치, 공식 공통 할인 정책 적용"
"215","상원각","파주시 문산읍 문향로 35","공식 최신 근거 확인","공통","군 장병·사회복무요원 대상 10% 이상 할인 또는 상응 서비스","관내 주둔 군 장병·사회복무요원","업소별 적용 품목·조건은 방문 전 확인","파주시 공식 군장병 할인업소 목록 및 운영 안내","지자체 공식 자료","https://www.paju.go.kr/www/www_02/health/health_03/health_03_09/health_03_09_01.jsp | https://www.paju.go.kr/user/soldier/BD_discountStoreList.do?q_ctgCd=1001","2026-09-06","파주시 공식 참여업소 목록 일치, 공식 공통 할인 정책 적용"
"217","쑝쑝돈까스 문산점","파주시 문산읍 문향로67번길 10 1층","공식 최신 근거 확인","공통","군 장병·사회복무요원 대상 10% 이상 할인 또는 상응 서비스","관내 주둔 군 장병·사회복무요원","업소별 적용 품목·조건은 방문 전 확인","파주시 공식 군장병 할인업소 목록 및 운영 안내","지자체 공식 자료","https://www.paju.go.kr/www/www_02/health/health_03/health_03_09/health_03_09_01.jsp | https://www.paju.go.kr/user/soldier/BD_discountStoreList.do?q_ctgCd=1001","2026-09-06","파주시 공식 참여업소 목록 일치, 공식 공통 할인 정책 적용"
"218","아리비스트로","파주시 문산읍 당동1로 53-5","공식 최신 근거 확인","공통","군 장병·사회복무요원 대상 10% 이상 할인 또는 상응 서비스","관내 주둔 군 장병·사회복무요원","업소별 적용 품목·조건은 방문 전 확인","파주시 공식 군장병 할인업소 목록 및 운영 안내","지자체 공식 자료","https://www.paju.go.kr/www/www_02/health/health_03/health_03_09/health_03_09_01.jsp | https://www.paju.go.kr/user/soldier/BD_discountStoreList.do?q_ctgCd=1001","2026-09-06","파주시 공식 참여업소 목록 일치, 공식 공통 할인 정책 적용"
"219","아서원","파주시 문산읍 문향로49번길 20","공식 최신 근거 확인","공통","군 장병·사회복무요원 대상 10% 이상 할인 또는 상응 서비스","관내 주둔 군 장병·사회복무요원","업소별 적용 품목·조건은 방문 전 확인","파주시 공식 군장병 할인업소 목록 및 운영 안내","지자체 공식 자료","https://www.paju.go.kr/www/www_02/health/health_03/health_03_09/health_03_09_01.jsp | https://www.paju.go.kr/user/soldier/BD_discountStoreList.do?q_ctgCd=1001","2026-09-06","파주시 공식 참여업소 목록 일치, 공식 공통 할인 정책 적용"
"220","육해공떠오르는집","파주시 문산읍 문향로84번길 7-1","공식 최신 근거 확인","공통","군 장병·사회복무요원 대상 10% 이상 할인 또는 상응 서비스","관내 주둔 군 장병·사회복무요원","업소별 적용 품목·조건은 방문 전 확인","파주시 공식 군장병 할인업소 목록 및 운영 안내","지자체 공식 자료","https://www.paju.go.kr/www/www_02/health/health_03/health_03_09/health_03_09_01.jsp | https://www.paju.go.kr/user/soldier/BD_discountStoreList.do?q_ctgCd=1001","2026-09-06","파주시 공식 참여업소 목록 일치, 공식 공통 할인 정책 적용"
"221","임진강나루","파주시 문산읍 반구정로 53-51","공식 최신 근거 확인","공통","군 장병·사회복무요원 대상 10% 이상 할인 또는 상응 서비스","관내 주둔 군 장병·사회복무요원","업소별 적용 품목·조건은 방문 전 확인","파주시 공식 군장병 할인업소 목록 및 운영 안내","지자체 공식 자료","https://www.paju.go.kr/www/www_02/health/health_03/health_03_09/health_03_09_01.jsp | https://www.paju.go.kr/user/soldier/BD_discountStoreList.do?q_ctgCd=1001","2026-09-06","파주시 공식 참여업소 목록 일치, 공식 공통 할인 정책 적용"
"222","장단가든","파주시 문산읍 임진나루길 133-12","공식 최신 근거 확인","공통","군 장병·사회복무요원 대상 10% 이상 할인 또는 상응 서비스","관내 주둔 군 장병·사회복무요원","업소별 적용 품목·조건은 방문 전 확인","파주시 공식 군장병 할인업소 목록 및 운영 안내","지자체 공식 자료","https://www.paju.go.kr/www/www_02/health/health_03/health_03_09/health_03_09_01.jsp | https://www.paju.go.kr/user/soldier/BD_discountStoreList.do?q_ctgCd=1001","2026-09-06","파주시 공식 참여업소 목록 일치, 공식 공통 할인 정책 적용"
"223","장단콩전문점","파주시 문산읍 문향로 59 1층 일부","공식 최신 근거 확인","공통","군 장병·사회복무요원 대상 10% 이상 할인 또는 상응 서비스","관내 주둔 군 장병·사회복무요원","업소별 적용 품목·조건은 방문 전 확인","파주시 공식 군장병 할인업소 목록 및 운영 안내","지자체 공식 자료","https://www.paju.go.kr/www/www_02/health/health_03/health_03_09/health_03_09_01.jsp | https://www.paju.go.kr/user/soldier/BD_discountStoreList.do?q_ctgCd=1001","2026-09-06","파주시 공식 참여업소 목록 일치, 공식 공통 할인 정책 적용"
"224","(주)반구정나루터집","파주시 문산읍 반구정로85번길 13","공식 최신 근거 확인","공통","군 장병·사회복무요원 대상 10% 이상 할인 또는 상응 서비스","관내 주둔 군 장병·사회복무요원","업소별 적용 품목·조건은 방문 전 확인","파주시 공식 군장병 할인업소 목록 및 운영 안내","지자체 공식 자료","https://www.paju.go.kr/www/www_02/health/health_03/health_03_09/health_03_09_01.jsp | https://www.paju.go.kr/user/soldier/BD_discountStoreList.do?q_ctgCd=1001","2026-09-06","파주시 공식 참여업소 목록 일치, 공식 공통 할인 정책 적용"
"225","천하곱창","파주시 문산읍 문향로 81","공식 최신 근거 확인","공통","군 장병·사회복무요원 대상 10% 이상 할인 또는 상응 서비스","관내 주둔 군 장병·사회복무요원","업소별 적용 품목·조건은 방문 전 확인","파주시 공식 군장병 할인업소 목록 및 운영 안내","지자체 공식 자료","https://www.paju.go.kr/www/www_02/health/health_03/health_03_09/health_03_09_01.jsp | https://www.paju.go.kr/user/soldier/BD_discountStoreList.do?q_ctgCd=1001","2026-09-06","파주시 공식 참여업소 목록 일치, 공식 공통 할인 정책 적용"
"226","한성회관","파주시 문산읍 당동1로 44 1층","공식 최신 근거 확인","공통","군 장병·사회복무요원 대상 10% 이상 할인 또는 상응 서비스","관내 주둔 군 장병·사회복무요원","업소별 적용 품목·조건은 방문 전 확인","파주시 공식 군장병 할인업소 목록 및 운영 안내","지자체 공식 자료","https://www.paju.go.kr/www/www_02/health/health_03/health_03_09/health_03_09_01.jsp | https://www.paju.go.kr/user/soldier/BD_discountStoreList.do?q_ctgCd=1001","2026-09-06","파주시 공식 참여업소 목록 일치, 공식 공통 할인 정책 적용"
"227","커피베이스","파주시 문산읍 독산로 48","공식 최신 근거 확인","공통","군 장병·사회복무요원 대상 10% 이상 할인 또는 상응 서비스","관내 주둔 군 장병·사회복무요원","업소별 적용 품목·조건은 방문 전 확인","파주시 공식 군장병 할인업소 목록 및 운영 안내","지자체 공식 자료","https://www.paju.go.kr/www/www_02/health/health_03/health_03_09/health_03_09_01.jsp | https://www.paju.go.kr/user/soldier/BD_discountStoreList.do?q_ctgCd=1001","2026-09-06","파주시 공식 참여업소 목록 일치, 공식 공통 할인 정책 적용"
"228","한반도카페 플라츠(platz)907","파주시 문산읍 마정로 174 1층 일부","공식 최신 근거 확인","공통","군 장병·사회복무요원 대상 10% 이상 할인 또는 상응 서비스","관내 주둔 군 장병·사회복무요원","업소별 적용 품목·조건은 방문 전 확인","파주시 공식 군장병 할인업소 목록 및 운영 안내","지자체 공식 자료","https://www.paju.go.kr/www/www_02/health/health_03/health_03_09/health_03_09_01.jsp | https://www.paju.go.kr/user/soldier/BD_discountStoreList.do?q_ctgCd=1001","2026-09-06","파주시 공식 참여업소 목록 일치, 공식 공통 할인 정책 적용"
"229","느낌헤어","파주시 법원읍 사임당로 851 1층","공식 최신 근거 확인","공통","군 장병·사회복무요원 대상 10% 이상 할인 또는 상응 서비스","관내 주둔 군 장병·사회복무요원","업소별 적용 품목·조건은 방문 전 확인","파주시 공식 군장병 할인업소 목록 및 운영 안내","지자체 공식 자료","https://www.paju.go.kr/www/www_02/health/health_03/health_03_09/health_03_09_01.jsp | https://www.paju.go.kr/user/soldier/BD_discountStoreList.do?q_ctgCd=1004","2026-09-06","파주시 공식 참여업소 목록 일치, 공식 공통 할인 정책 적용"
"231","미미미용실","파주시 법원읍 술이홀로 869 1층","공식 최신 근거 확인","공통","군 장병·사회복무요원 대상 10% 이상 할인 또는 상응 서비스","관내 주둔 군 장병·사회복무요원","업소별 적용 품목·조건은 방문 전 확인","파주시 공식 군장병 할인업소 목록 및 운영 안내","지자체 공식 자료","https://www.paju.go.kr/www/www_02/health/health_03/health_03_09/health_03_09_01.jsp | https://www.paju.go.kr/user/soldier/BD_discountStoreList.do?q_ctgCd=1004","2026-09-06","파주시 공식 참여업소 목록 일치, 공식 공통 할인 정책 적용"
"232","백합미용실","파주시 법원읍 사임당로 815 1층","공식 최신 근거 확인","공통","군 장병·사회복무요원 대상 10% 이상 할인 또는 상응 서비스","관내 주둔 군 장병·사회복무요원","업소별 적용 품목·조건은 방문 전 확인","파주시 공식 군장병 할인업소 목록 및 운영 안내","지자체 공식 자료","https://www.paju.go.kr/www/www_02/health/health_03/health_03_09/health_03_09_01.jsp | https://www.paju.go.kr/user/soldier/BD_discountStoreList.do?q_ctgCd=1004","2026-09-06","파주시 공식 참여업소 목록 일치, 공식 공통 할인 정책 적용"
"233","솔리드헤어","파주시 법원읍 사임당로 832-2 1층","공식 최신 근거 확인","공통","군 장병·사회복무요원 대상 10% 이상 할인 또는 상응 서비스","관내 주둔 군 장병·사회복무요원","업소별 적용 품목·조건은 방문 전 확인","파주시 공식 군장병 할인업소 목록 및 운영 안내","지자체 공식 자료","https://www.paju.go.kr/www/www_02/health/health_03/health_03_09/health_03_09_01.jsp | https://www.paju.go.kr/user/soldier/BD_discountStoreList.do?q_ctgCd=1004","2026-09-06","파주시 공식 참여업소 목록 일치, 공식 공통 할인 정책 적용"
"234","신디헤어","파주시 법원읍 사임당로 850-2 1층","공식 최신 근거 확인","공통","군 장병·사회복무요원 대상 10% 이상 할인 또는 상응 서비스","관내 주둔 군 장병·사회복무요원","업소별 적용 품목·조건은 방문 전 확인","파주시 공식 군장병 할인업소 목록 및 운영 안내","지자체 공식 자료","https://www.paju.go.kr/www/www_02/health/health_03/health_03_09/health_03_09_01.jsp | https://www.paju.go.kr/user/soldier/BD_discountStoreList.do?q_ctgCd=1004","2026-09-06","파주시 공식 참여업소 목록 일치, 공식 공통 할인 정책 적용"
"235","엣지머리방","파주시 법원읍 사임당로 836-1 1층","공식 최신 근거 확인","공통","군 장병·사회복무요원 대상 10% 이상 할인 또는 상응 서비스","관내 주둔 군 장병·사회복무요원","업소별 적용 품목·조건은 방문 전 확인","파주시 공식 군장병 할인업소 목록 및 운영 안내","지자체 공식 자료","https://www.paju.go.kr/www/www_02/health/health_03/health_03_09/health_03_09_01.jsp | https://www.paju.go.kr/user/soldier/BD_discountStoreList.do?q_ctgCd=1004","2026-09-06","파주시 공식 참여업소 목록 일치, 공식 공통 할인 정책 적용"
"237","자유미용실","파주시 법원읍 사임당로 841-1 1층","공식 최신 근거 확인","공통","군 장병·사회복무요원 대상 10% 이상 할인 또는 상응 서비스","관내 주둔 군 장병·사회복무요원","업소별 적용 품목·조건은 방문 전 확인","파주시 공식 군장병 할인업소 목록 및 운영 안내","지자체 공식 자료","https://www.paju.go.kr/www/www_02/health/health_03/health_03_09/health_03_09_01.jsp | https://www.paju.go.kr/user/soldier/BD_discountStoreList.do?q_ctgCd=1004","2026-09-06","파주시 공식 참여업소 목록 일치, 공식 공통 할인 정책 적용"
"238","챠밍미용실","파주시 법원읍 사임당로857번길 6-1 1층","공식 최신 근거 확인","공통","군 장병·사회복무요원 대상 10% 이상 할인 또는 상응 서비스","관내 주둔 군 장병·사회복무요원","업소별 적용 품목·조건은 방문 전 확인","파주시 공식 군장병 할인업소 목록 및 운영 안내","지자체 공식 자료","https://www.paju.go.kr/www/www_02/health/health_03/health_03_09/health_03_09_01.jsp | https://www.paju.go.kr/user/soldier/BD_discountStoreList.do?q_ctgCd=1004","2026-09-06","파주시 공식 참여업소 목록 일치, 공식 공통 할인 정책 적용"
"239","BBQ파주법원점","파주시 법원읍 사임당로 821-2 1층","공식 최신 근거 확인","공통","군 장병·사회복무요원 대상 10% 이상 할인 또는 상응 서비스","관내 주둔 군 장병·사회복무요원","업소별 적용 품목·조건은 방문 전 확인","파주시 공식 군장병 할인업소 목록 및 운영 안내","지자체 공식 자료","https://www.paju.go.kr/www/www_02/health/health_03/health_03_09/health_03_09_01.jsp | https://www.paju.go.kr/user/soldier/BD_discountStoreList.do?q_ctgCd=1001","2026-09-06","파주시 공식 참여업소 목록 일치, 공식 공통 할인 정책 적용"
"240","김밥나라","파주시 법원읍 사임당로 839","공식 최신 근거 확인","공통","군 장병·사회복무요원 대상 10% 이상 할인 또는 상응 서비스","관내 주둔 군 장병·사회복무요원","업소별 적용 품목·조건은 방문 전 확인","파주시 공식 군장병 할인업소 목록 및 운영 안내","지자체 공식 자료","https://www.paju.go.kr/www/www_02/health/health_03/health_03_09/health_03_09_01.jsp | https://www.paju.go.kr/user/soldier/BD_discountStoreList.do?q_ctgCd=1001","2026-09-06","파주시 공식 참여업소 목록 일치, 공식 공통 할인 정책 적용"
"241","네네치킨","파주시 법원읍 사임당로 791","공식 최신 근거 확인","공통","군 장병·사회복무요원 대상 10% 이상 할인 또는 상응 서비스","관내 주둔 군 장병·사회복무요원","업소별 적용 품목·조건은 방문 전 확인","파주시 공식 군장병 할인업소 목록 및 운영 안내","지자체 공식 자료","https://www.paju.go.kr/www/www_02/health/health_03/health_03_09/health_03_09_01.jsp | https://www.paju.go.kr/user/soldier/BD_discountStoreList.do?q_ctgCd=1001","2026-09-06","파주시 공식 참여업소 목록 일치, 공식 공통 할인 정책 적용"
"242","능심","파주시 법원읍 애룡길 168 1층","공식 최신 근거 확인","공통","군 장병·사회복무요원 대상 10% 이상 할인 또는 상응 서비스","관내 주둔 군 장병·사회복무요원","업소별 적용 품목·조건은 방문 전 확인","파주시 공식 군장병 할인업소 목록 및 운영 안내","지자체 공식 자료","https://www.paju.go.kr/www/www_02/health/health_03/health_03_09/health_03_09_01.jsp | https://www.paju.go.kr/user/soldier/BD_discountStoreList.do?q_ctgCd=1001","2026-09-06","파주시 공식 참여업소 목록 일치, 공식 공통 할인 정책 적용"
"243","대가감자탕","파주시 법원읍 술이홀로 873 1층","공식 최신 근거 확인","공통","군 장병·사회복무요원 대상 10% 이상 할인 또는 상응 서비스","관내 주둔 군 장병·사회복무요원","업소별 적용 품목·조건은 방문 전 확인","파주시 공식 군장병 할인업소 목록 및 운영 안내","지자체 공식 자료","https://www.paju.go.kr/www/www_02/health/health_03/health_03_09/health_03_09_01.jsp | https://www.paju.go.kr/user/soldier/BD_discountStoreList.do?q_ctgCd=1001","2026-09-06","파주시 공식 참여업소 목록 일치, 공식 공통 할인 정책 적용"
"244","대덕가든","파주시 법원읍 애룡길 175 1층","공식 최신 근거 확인","공통","군 장병·사회복무요원 대상 10% 이상 할인 또는 상응 서비스","관내 주둔 군 장병·사회복무요원","업소별 적용 품목·조건은 방문 전 확인","파주시 공식 군장병 할인업소 목록 및 운영 안내","지자체 공식 자료","https://www.paju.go.kr/www/www_02/health/health_03/health_03_09/health_03_09_01.jsp | https://www.paju.go.kr/user/soldier/BD_discountStoreList.do?q_ctgCd=1001","2026-09-06","파주시 공식 참여업소 목록 일치, 공식 공통 할인 정책 적용"
"245","로얄치킨/곱창매니아","파주시 법원읍 술이홀로 890-3","공식 최신 근거 확인","공통","군 장병·사회복무요원 대상 10% 이상 할인 또는 상응 서비스","관내 주둔 군 장병·사회복무요원","업소별 적용 품목·조건은 방문 전 확인","파주시 공식 군장병 할인업소 목록 및 운영 안내","지자체 공식 자료","https://www.paju.go.kr/www/www_02/health/health_03/health_03_09/health_03_09_01.jsp | https://www.paju.go.kr/user/soldier/BD_discountStoreList.do?q_ctgCd=1001","2026-09-06","파주시 공식 참여업소 목록 일치, 공식 공통 할인 정책 적용"
"246","무진장순대국","파주시 법원읍 사임당로 816","공식 최신 근거 확인","공통","군 장병·사회복무요원 대상 10% 이상 할인 또는 상응 서비스","관내 주둔 군 장병·사회복무요원","업소별 적용 품목·조건은 방문 전 확인","파주시 공식 군장병 할인업소 목록 및 운영 안내","지자체 공식 자료","https://www.paju.go.kr/www/www_02/health/health_03/health_03_09/health_03_09_01.jsp | https://www.paju.go.kr/user/soldier/BD_discountStoreList.do?q_ctgCd=1001","2026-09-06","파주시 공식 참여업소 목록 일치, 공식 공통 할인 정책 적용"
"247","바다수퍼 해물천하 조개구이.찜","파주시 법원읍 사임당로 820","공식 최신 근거 확인","공통","군 장병·사회복무요원 대상 10% 이상 할인 또는 상응 서비스","관내 주둔 군 장병·사회복무요원","업소별 적용 품목·조건은 방문 전 확인","파주시 공식 군장병 할인업소 목록 및 운영 안내","지자체 공식 자료","https://www.paju.go.kr/www/www_02/health/health_03/health_03_09/health_03_09_01.jsp | https://www.paju.go.kr/user/soldier/BD_discountStoreList.do?q_ctgCd=1001","2026-09-06","파주시 공식 참여업소 목록 일치, 공식 공통 할인 정책 적용"
"248","버섯집 초리골","파주시 법원읍 초리골길 12","공식 최신 근거 확인","공통","군 장병·사회복무요원 대상 10% 이상 할인 또는 상응 서비스","관내 주둔 군 장병·사회복무요원","업소별 적용 품목·조건은 방문 전 확인","파주시 공식 군장병 할인업소 목록 및 운영 안내","지자체 공식 자료","https://www.paju.go.kr/www/www_02/health/health_03/health_03_09/health_03_09_01.jsp | https://www.paju.go.kr/user/soldier/BD_discountStoreList.do?q_ctgCd=1001","2026-09-06","파주시 공식 참여업소 목록 일치, 공식 공통 할인 정책 적용"
"249","솥뚜껑삼겹살","파주시 법원읍 사임당로 814","공식 최신 근거 확인","공통","군 장병·사회복무요원 대상 10% 이상 할인 또는 상응 서비스","관내 주둔 군 장병·사회복무요원","업소별 적용 품목·조건은 방문 전 확인","파주시 공식 군장병 할인업소 목록 및 운영 안내","지자체 공식 자료","https://www.paju.go.kr/www/www_02/health/health_03/health_03_09/health_03_09_01.jsp | https://www.paju.go.kr/user/soldier/BD_discountStoreList.do?q_ctgCd=1001","2026-09-06","파주시 공식 참여업소 목록 일치, 공식 공통 할인 정책 적용"
"250","숙성사돈 파주 법원리 본점","파주시 법원읍 술이홀로 888-2 1층","공식 최신 근거 확인","공통","군 장병·사회복무요원 대상 10% 이상 할인 또는 상응 서비스","관내 주둔 군 장병·사회복무요원","업소별 적용 품목·조건은 방문 전 확인","파주시 공식 군장병 할인업소 목록 및 운영 안내","지자체 공식 자료","https://www.paju.go.kr/www/www_02/health/health_03/health_03_09/health_03_09_01.jsp | https://www.paju.go.kr/user/soldier/BD_discountStoreList.do?q_ctgCd=1001","2026-09-06","파주시 공식 참여업소 목록 일치, 공식 공통 할인 정책 적용"
"251","신양꼬치&마라탕","파주시 법원읍 술이홀로 868-2 1층","공식 최신 근거 확인","공통","군 장병·사회복무요원 대상 10% 이상 할인 또는 상응 서비스","관내 주둔 군 장병·사회복무요원","업소별 적용 품목·조건은 방문 전 확인","파주시 공식 군장병 할인업소 목록 및 운영 안내","지자체 공식 자료","https://www.paju.go.kr/www/www_02/health/health_03/health_03_09/health_03_09_01.jsp | https://www.paju.go.kr/user/soldier/BD_discountStoreList.do?q_ctgCd=1001","2026-09-06","파주시 공식 참여업소 목록 일치, 공식 공통 할인 정책 적용"
"252","오태식해바라기치킨","파주시 법원읍 사임당로 844","공식 최신 근거 확인","공통","군 장병·사회복무요원 대상 10% 이상 할인 또는 상응 서비스","관내 주둔 군 장병·사회복무요원","업소별 적용 품목·조건은 방문 전 확인","파주시 공식 군장병 할인업소 목록 및 운영 안내","지자체 공식 자료","https://www.paju.go.kr/www/www_02/health/health_03/health_03_09/health_03_09_01.jsp | https://www.paju.go.kr/user/soldier/BD_discountStoreList.do?q_ctgCd=1001","2026-09-06","파주시 공식 참여업소 목록 일치, 공식 공통 할인 정책 적용"
"253","왕가네","파주시 법원읍 법원로 20","공식 최신 근거 확인","공통","군 장병·사회복무요원 대상 10% 이상 할인 또는 상응 서비스","관내 주둔 군 장병·사회복무요원","업소별 적용 품목·조건은 방문 전 확인","파주시 공식 군장병 할인업소 목록 및 운영 안내","지자체 공식 자료","https://www.paju.go.kr/www/www_02/health/health_03/health_03_09/health_03_09_01.jsp | https://www.paju.go.kr/user/soldier/BD_discountStoreList.do?q_ctgCd=1001","2026-09-06","파주시 공식 참여업소 목록 일치, 공식 공통 할인 정책 적용"
"255","종단 아구찜","파주시 법원읍 법원로 21 가동","공식 최신 근거 확인","공통","군 장병·사회복무요원 대상 10% 이상 할인 또는 상응 서비스","관내 주둔 군 장병·사회복무요원","업소별 적용 품목·조건은 방문 전 확인","파주시 공식 군장병 할인업소 목록 및 운영 안내","지자체 공식 자료","https://www.paju.go.kr/www/www_02/health/health_03/health_03_09/health_03_09_01.jsp | https://www.paju.go.kr/user/soldier/BD_discountStoreList.do?q_ctgCd=1001","2026-09-06","파주시 공식 참여업소 목록 일치, 공식 공통 할인 정책 적용"
"256","(주)함지박","파주시 법원읍 사임당로 800-8","공식 최신 근거 확인","공통","군 장병·사회복무요원 대상 10% 이상 할인 또는 상응 서비스","관내 주둔 군 장병·사회복무요원","업소별 적용 품목·조건은 방문 전 확인","파주시 공식 군장병 할인업소 목록 및 운영 안내","지자체 공식 자료","https://www.paju.go.kr/www/www_02/health/health_03/health_03_09/health_03_09_01.jsp | https://www.paju.go.kr/user/soldier/BD_discountStoreList.do?q_ctgCd=1001","2026-09-06","파주시 공식 참여업소 목록 일치, 공식 공통 할인 정책 적용"
"257","차향만당","파주시 법원읍 초리골길 70","공식 최신 근거 확인","공통","군 장병·사회복무요원 대상 10% 이상 할인 또는 상응 서비스","관내 주둔 군 장병·사회복무요원","업소별 적용 품목·조건은 방문 전 확인","파주시 공식 군장병 할인업소 목록 및 운영 안내","지자체 공식 자료","https://www.paju.go.kr/www/www_02/health/health_03/health_03_09/health_03_09_01.jsp | https://www.paju.go.kr/user/soldier/BD_discountStoreList.do?q_ctgCd=1001","2026-09-06","파주시 공식 참여업소 목록 일치, 공식 공통 할인 정책 적용"
"258","초리연","파주시 법원읍 초리골길 357-18","공식 최신 근거 확인","공통","군 장병·사회복무요원 대상 10% 이상 할인 또는 상응 서비스","관내 주둔 군 장병·사회복무요원","업소별 적용 품목·조건은 방문 전 확인","파주시 공식 군장병 할인업소 목록 및 운영 안내","지자체 공식 자료","https://www.paju.go.kr/www/www_02/health/health_03/health_03_09/health_03_09_01.jsp | https://www.paju.go.kr/user/soldier/BD_discountStoreList.do?q_ctgCd=1001","2026-09-06","파주시 공식 참여업소 목록 일치, 공식 공통 할인 정책 적용"
"259","콩마루 사임당두부","파주시 법원읍 사임당로 808-1 1층","공식 최신 근거 확인","공통","군 장병·사회복무요원 대상 10% 이상 할인 또는 상응 서비스","관내 주둔 군 장병·사회복무요원","업소별 적용 품목·조건은 방문 전 확인","파주시 공식 군장병 할인업소 목록 및 운영 안내","지자체 공식 자료","https://www.paju.go.kr/www/www_02/health/health_03/health_03_09/health_03_09_01.jsp | https://www.paju.go.kr/user/soldier/BD_discountStoreList.do?q_ctgCd=1001","2026-09-06","파주시 공식 참여업소 목록 일치, 공식 공통 할인 정책 적용"
"260","통일식당","파주시 법원읍 사임당로 842","공식 최신 근거 확인","공통","군 장병·사회복무요원 대상 10% 이상 할인 또는 상응 서비스","관내 주둔 군 장병·사회복무요원","업소별 적용 품목·조건은 방문 전 확인","파주시 공식 군장병 할인업소 목록 및 운영 안내","지자체 공식 자료","https://www.paju.go.kr/www/www_02/health/health_03/health_03_09/health_03_09_01.jsp | https://www.paju.go.kr/user/soldier/BD_discountStoreList.do?q_ctgCd=1001","2026-09-06","파주시 공식 참여업소 목록 일치, 공식 공통 할인 정책 적용"
"261","훌랄라","파주시 법원읍 사임당로 820 1층","공식 최신 근거 확인","공통","군 장병·사회복무요원 대상 10% 이상 할인 또는 상응 서비스","관내 주둔 군 장병·사회복무요원","업소별 적용 품목·조건은 방문 전 확인","파주시 공식 군장병 할인업소 목록 및 운영 안내","지자체 공식 자료","https://www.paju.go.kr/www/www_02/health/health_03/health_03_09/health_03_09_01.jsp | https://www.paju.go.kr/user/soldier/BD_discountStoreList.do?q_ctgCd=1001","2026-09-06","파주시 공식 참여업소 목록 일치, 공식 공통 할인 정책 적용"
"263","초리골 제빵소","파주시 법원읍 초리골길 77","공식 최신 근거 확인","공통","군 장병·사회복무요원 대상 10% 이상 할인 또는 상응 서비스","관내 주둔 군 장병·사회복무요원","업소별 적용 품목·조건은 방문 전 확인","파주시 공식 군장병 할인업소 목록 및 운영 안내","지자체 공식 자료","https://www.paju.go.kr/www/www_02/health/health_03/health_03_09/health_03_09_01.jsp | https://www.paju.go.kr/user/soldier/BD_discountStoreList.do?q_ctgCd=1001","2026-09-06","파주시 공식 참여업소 목록 일치, 공식 공통 할인 정책 적용"
"265","테라스커피(애룡커피테라스)","파주시 법원읍 애룡길 179 1층","공식 최신 근거 확인","공통","군 장병·사회복무요원 대상 10% 이상 할인 또는 상응 서비스","관내 주둔 군 장병·사회복무요원","업소별 적용 품목·조건은 방문 전 확인","파주시 공식 군장병 할인업소 목록 및 운영 안내","지자체 공식 자료","https://www.paju.go.kr/www/www_02/health/health_03/health_03_09/health_03_09_01.jsp | https://www.paju.go.kr/user/soldier/BD_discountStoreList.do?q_ctgCd=1001","2026-09-06","파주시 공식 참여업소 목록 일치, 공식 공통 할인 정책 적용"
"337","가마골 백숙","경기도 양주시 장흥면 북한산로 1028","공식 최신 근거 확인","세부","백숙, 삼계탕: 만두한판 서비스 제공","군 장병","상시 참여업소 목록이며 세부 할인율은 업소별 문의","양주시 공식 군장병 할인·우대 업소 목록","지자체 공식 자료","https://www.yangju.go.kr/health/selectBbsNttView.do?key=2716&bbsNo=81&nttNo=206761","2026-09-06","양주시 공식 목록에서 상호·주소·전화·메뉴·개별 할인 확인"
"339","거시기닭갈비","경기도 양주시 엄상동길 22-25","공식 최신 근거 확인","세부","닭갈비: 5% 할인","군 장병","상시 참여업소 목록이며 세부 할인율은 업소별 문의","양주시 공식 군장병 할인·우대 업소 목록","지자체 공식 자료","https://www.yangju.go.kr/health/selectBbsNttView.do?key=2716&bbsNo=81&nttNo=206761","2026-09-06","양주시 공식 목록에서 상호·주소·전화·메뉴·개별 할인 확인"
"340","고봉막국수","경기도 양주시 장흥면 권율로 88, 상가동 1층","공식 최신 근거 확인","세부","막국수: 10% 할인(주료,음료 제외)","군 장병","상시 참여업소 목록이며 세부 할인율은 업소별 문의","양주시 공식 군장병 할인·우대 업소 목록","지자체 공식 자료","https://www.yangju.go.kr/health/selectBbsNttView.do?key=2716&bbsNo=81&nttNo=206761","2026-09-06","양주시 공식 목록에서 상호·주소·전화·메뉴·개별 할인 확인"
"341","구들장생고기","경기도 양주시 엄상동길 66","공식 최신 근거 확인","세부","생고기: 5% 할인","군 장병","상시 참여업소 목록이며 세부 할인율은 업소별 문의","양주시 공식 군장병 할인·우대 업소 목록","지자체 공식 자료","https://www.yangju.go.kr/health/selectBbsNttView.do?key=2716&bbsNo=81&nttNo=206761","2026-09-06","양주시 공식 목록에서 상호·주소·전화·메뉴·개별 할인 확인"
"342","김밥나라","경기도 양주시 평화로 1426","공식 최신 근거 확인","세부","전메뉴: 10% 할인","군 장병","상시 참여업소 목록이며 세부 할인율은 업소별 문의","양주시 공식 군장병 할인·우대 업소 목록","지자체 공식 자료","https://www.yangju.go.kr/health/selectBbsNttView.do?key=2716&bbsNo=81&nttNo=206761","2026-09-06","양주시 공식 목록에서 상호·주소·전화·메뉴·개별 할인 확인"
"344","다찜(고암점)","경기도 양주시 고암길 32","공식 최신 근거 확인","세부","아구찜: 5% 할인","군 장병","상시 참여업소 목록이며 세부 할인율은 업소별 문의","양주시 공식 군장병 할인·우대 업소 목록","지자체 공식 자료","https://www.yangju.go.kr/health/selectBbsNttView.do?key=2716&bbsNo=81&nttNo=206761","2026-09-06","양주시 공식 목록에서 상호·주소·전화·메뉴·개별 할인 확인"
"345","덕정갈비","경기도 양주시 덕정길 58","공식 최신 근거 확인","세부","갈비, 식사: 5% 할인","군 장병","상시 참여업소 목록이며 세부 할인율은 업소별 문의","양주시 공식 군장병 할인·우대 업소 목록","지자체 공식 자료","https://www.yangju.go.kr/health/selectBbsNttView.do?key=2716&bbsNo=81&nttNo=206761","2026-09-06","양주시 공식 목록에서 상호·주소·전화·메뉴·개별 할인 확인"
"346","두끼떡볶이(양주고읍점)","경기도 양주시 고읍남로 36, 2층","공식 최신 근거 확인","세부","떡볶이 무한리필: 방문군인 눈꽃치즈 무료 제공","군 장병","상시 참여업소 목록이며 세부 할인율은 업소별 문의","양주시 공식 군장병 할인·우대 업소 목록","지자체 공식 자료","https://www.yangju.go.kr/health/selectBbsNttView.do?key=2716&bbsNo=81&nttNo=206761","2026-09-06","양주시 공식 목록에서 상호·주소·전화·메뉴·개별 할인 확인"
"348","등촌샤브칼국수","경기도 양주시 송랑로 64, 1층","공식 최신 근거 확인","세부","칼국수, 막국수: 10% 할인(점심런치메뉴는 제외)","군 장병","상시 참여업소 목록이며 세부 할인율은 업소별 문의","양주시 공식 군장병 할인·우대 업소 목록","지자체 공식 자료","https://www.yangju.go.kr/health/selectBbsNttView.do?key=2716&bbsNo=81&nttNo=206761","2026-09-06","양주시 공식 목록에서 상호·주소·전화·메뉴·개별 할인 확인"
"349","등촌칼국수","경기도 양주시 백석읍 고릉말로150번길 28 (1층)","공식 최신 근거 확인","세부","샤브샤브: 10% 할인","군 장병","상시 참여업소 목록이며 세부 할인율은 업소별 문의","양주시 공식 군장병 할인·우대 업소 목록","지자체 공식 자료","https://www.yangju.go.kr/health/selectBbsNttView.do?key=2716&bbsNo=81&nttNo=206761","2026-09-06","양주시 공식 목록에서 상호·주소·전화·메뉴·개별 할인 확인"
"350","만두와김밥마을","경기도 양주시 부흥로 2122","공식 최신 근거 확인","세부","분식: 20% 할인","군 장병","상시 참여업소 목록이며 세부 할인율은 업소별 문의","양주시 공식 군장병 할인·우대 업소 목록","지자체 공식 자료","https://www.yangju.go.kr/health/selectBbsNttView.do?key=2716&bbsNo=81&nttNo=206761","2026-09-06","양주시 공식 목록에서 상호·주소·전화·메뉴·개별 할인 확인"
"351","만수장","경기도 양주시 평화로 1552-1","공식 최신 근거 확인","세부","짜장,짬뽕,탕수육: 10% 할인","군 장병","상시 참여업소 목록이며 세부 할인율은 업소별 문의","양주시 공식 군장병 할인·우대 업소 목록","지자체 공식 자료","https://www.yangju.go.kr/health/selectBbsNttView.do?key=2716&bbsNo=81&nttNo=206761","2026-09-06","양주시 공식 목록에서 상호·주소·전화·메뉴·개별 할인 확인"
"352","본도시락 덕정점","경기도 양주시 독바위로 9","공식 최신 근거 확인","세부","도시락: 10% 할인(포장만)","군 장병","상시 참여업소 목록이며 세부 할인율은 업소별 문의","양주시 공식 군장병 할인·우대 업소 목록","지자체 공식 자료","https://www.yangju.go.kr/health/selectBbsNttView.do?key=2716&bbsNo=81&nttNo=206761","2026-09-06","양주시 공식 목록에서 상호·주소·전화·메뉴·개별 할인 확인"
"353","산하식당","경기도 양주시 백석읍 기산로 410","공식 최신 근거 확인","세부","한우: 10% 할인","군 장병","상시 참여업소 목록이며 세부 할인율은 업소별 문의","양주시 공식 군장병 할인·우대 업소 목록","지자체 공식 자료","https://www.yangju.go.kr/health/selectBbsNttView.do?key=2716&bbsNo=81&nttNo=206761","2026-09-06","양주시 공식 목록에서 상호·주소·전화·메뉴·개별 할인 확인"
"354","삼호산장","경기도 양주시 백석읍 기산로 435","공식 최신 근거 확인","세부","한우전문: 10% 할인","군 장병","상시 참여업소 목록이며 세부 할인율은 업소별 문의","양주시 공식 군장병 할인·우대 업소 목록","지자체 공식 자료","https://www.yangju.go.kr/health/selectBbsNttView.do?key=2716&bbsNo=81&nttNo=206761","2026-09-06","양주시 공식 목록에서 상호·주소·전화·메뉴·개별 할인 확인"
"355","소문난쭈꾸미생삼겹","경기도 양주시 엄상동길 50-16","공식 최신 근거 확인","세부","쭈꾸미: 5% 할인","군 장병","상시 참여업소 목록이며 세부 할인율은 업소별 문의","양주시 공식 군장병 할인·우대 업소 목록","지자체 공식 자료","https://www.yangju.go.kr/health/selectBbsNttView.do?key=2716&bbsNo=81&nttNo=206761","2026-09-06","양주시 공식 목록에서 상호·주소·전화·메뉴·개별 할인 확인"
"356","술들다","경기도 양주시 덕정4길 11","공식 최신 근거 확인","세부","치킨,골뱅이, 똥집튀김, 감자튀김: 1,000원 할인","군 장병","상시 참여업소 목록이며 세부 할인율은 업소별 문의","양주시 공식 군장병 할인·우대 업소 목록","지자체 공식 자료","https://www.yangju.go.kr/health/selectBbsNttView.do?key=2716&bbsNo=81&nttNo=206761","2026-09-06","양주시 공식 목록에서 상호·주소·전화·메뉴·개별 할인 확인"
"357","안다미로 샤브샤브","경기도 양주시 엄상동길 22-26","공식 최신 근거 확인","세부","샤브샤브: 5% 할인","군 장병","상시 참여업소 목록이며 세부 할인율은 업소별 문의","양주시 공식 군장병 할인·우대 업소 목록","지자체 공식 자료","https://www.yangju.go.kr/health/selectBbsNttView.do?key=2716&bbsNo=81&nttNo=206761","2026-09-06","양주시 공식 목록에서 상호·주소·전화·메뉴·개별 할인 확인"
"358","야한소갈비살","경기도 양주시 엄상동길 30-3","공식 최신 근거 확인","세부","소갈비: 5% 할인","군 장병","상시 참여업소 목록이며 세부 할인율은 업소별 문의","양주시 공식 군장병 할인·우대 업소 목록","지자체 공식 자료","https://www.yangju.go.kr/health/selectBbsNttView.do?key=2716&bbsNo=81&nttNo=206761","2026-09-06","양주시 공식 목록에서 상호·주소·전화·메뉴·개별 할인 확인"
"359","여울마당","경기도 양주시 장흥면 유원지로 318","공식 최신 근거 확인","세부","삼겹살, 닭, 오리 요리: 10% 할인(사전예약필수)","군 장병","상시 참여업소 목록이며 세부 할인율은 업소별 문의","양주시 공식 군장병 할인·우대 업소 목록","지자체 공식 자료","https://www.yangju.go.kr/health/selectBbsNttView.do?key=2716&bbsNo=81&nttNo=206761","2026-09-06","양주시 공식 목록에서 상호·주소·전화·메뉴·개별 할인 확인"
"360","이시돌선생의 약선도가","경기도 양주시 장흥면 권율로 88","공식 최신 근거 확인","세부","한정식, 보양식: 10% 할인","군 장병","상시 참여업소 목록이며 세부 할인율은 업소별 문의","양주시 공식 군장병 할인·우대 업소 목록","지자체 공식 자료","https://www.yangju.go.kr/health/selectBbsNttView.do?key=2716&bbsNo=81&nttNo=206761","2026-09-06","양주시 공식 목록에서 상호·주소·전화·메뉴·개별 할인 확인"
"362","장흥숯불갈비","경기도 양주시 화합로1361번길 32","공식 최신 근거 확인","세부","한식: 10% 할인","군 장병","상시 참여업소 목록이며 세부 할인율은 업소별 문의","양주시 공식 군장병 할인·우대 업소 목록","지자체 공식 자료","https://www.yangju.go.kr/health/selectBbsNttView.do?key=2716&bbsNo=81&nttNo=206761","2026-09-06","양주시 공식 목록에서 상호·주소·전화·메뉴·개별 할인 확인"
"363","정주산장","경기도 양주시 장흥면 호국로550번길 102-127","공식 최신 근거 확인","세부","우렁,제육쌈밥, 코다리찜 등 전메뉴: 10% 할인","군 장병","상시 참여업소 목록이며 세부 할인율은 업소별 문의","양주시 공식 군장병 할인·우대 업소 목록","지자체 공식 자료","https://www.yangju.go.kr/health/selectBbsNttView.do?key=2716&bbsNo=81&nttNo=206761","2026-09-06","양주시 공식 목록에서 상호·주소·전화·메뉴·개별 할인 확인"
"364","쪽삼","경기도 양주시 어하고개로 56, 1층","공식 최신 근거 확인","세부","삼겹살, 쪽갈비, 이베리코: 5% 할인(단품메뉴)","군 장병","상시 참여업소 목록이며 세부 할인율은 업소별 문의","양주시 공식 군장병 할인·우대 업소 목록","지자체 공식 자료","https://www.yangju.go.kr/health/selectBbsNttView.do?key=2716&bbsNo=81&nttNo=206761","2026-09-06","양주시 공식 목록에서 상호·주소·전화·메뉴·개별 할인 확인"
"365","초가마을","경기도 양주시 장흥면 권율로309번길 159","공식 최신 근거 확인","세부","닭, 오리고기 전문: 10% 할인","군 장병","상시 참여업소 목록이며 세부 할인율은 업소별 문의","양주시 공식 군장병 할인·우대 업소 목록","지자체 공식 자료","https://www.yangju.go.kr/health/selectBbsNttView.do?key=2716&bbsNo=81&nttNo=206761","2026-09-06","양주시 공식 목록에서 상호·주소·전화·메뉴·개별 할인 확인"
"367","페트라숯불구이","경기도 양주시 장흥면 일영로 601-100","공식 최신 근거 확인","세부","오리훈제: 5% 할인","군 장병","상시 참여업소 목록이며 세부 할인율은 업소별 문의","양주시 공식 군장병 할인·우대 업소 목록","지자체 공식 자료","https://www.yangju.go.kr/health/selectBbsNttView.do?key=2716&bbsNo=81&nttNo=206761","2026-09-06","양주시 공식 목록에서 상호·주소·전화·메뉴·개별 할인 확인"
"368","행복한사람들","경기도 양주시 백석읍 권율로 852","공식 최신 근거 확인","세부","돈까스 등 경양식: 20% 할인","군 장병","상시 참여업소 목록이며 세부 할인율은 업소별 문의","양주시 공식 군장병 할인·우대 업소 목록","지자체 공식 자료","https://www.yangju.go.kr/health/selectBbsNttView.do?key=2716&bbsNo=81&nttNo=206761","2026-09-06","양주시 공식 목록에서 상호·주소·전화·메뉴·개별 할인 확인"
"374","비비큐 파주운정스타필드점","파주시 경의로1240번길 14-11 (와동동)","공식 최신 근거 확인","공통","군 장병·사회복무요원 대상 10% 이상 할인 또는 상응 서비스","관내 주둔 군 장병·사회복무요원","업소별 적용 품목·조건은 방문 전 확인","파주시 공식 군장병 할인업소 목록 및 운영 안내","지자체 공식 자료","https://www.paju.go.kr/www/www_02/health/health_03/health_03_09/health_03_09_01.jsp | https://www.paju.go.kr/user/soldier/BD_discountStoreList.do?q_ctgCd=1001","2026-09-06","파주시 공식 참여업소 목록 일치, 공식 공통 할인 정책 적용"
"376","육심외할머니가든","파주시 경의로1240번길 14-11 (와동동) 204호","공식 최신 근거 확인","공통","군 장병·사회복무요원 대상 10% 이상 할인 또는 상응 서비스","관내 주둔 군 장병·사회복무요원","업소별 적용 품목·조건은 방문 전 확인","파주시 공식 군장병 할인업소 목록 및 운영 안내","지자체 공식 자료","https://www.paju.go.kr/www/www_02/health/health_03/health_03_09/health_03_09_01.jsp | https://www.paju.go.kr/user/soldier/BD_discountStoreList.do?q_ctgCd=1001","2026-09-06","파주시 공식 참여업소 목록 일치, 공식 공통 할인 정책 적용"
"377","촉촉베이커리 앤 카페","파주시 가람로21번길 47 (와동동) 1층 일부","공식 최신 근거 확인","공통","군 장병·사회복무요원 대상 10% 이상 할인 또는 상응 서비스","관내 주둔 군 장병·사회복무요원","업소별 적용 품목·조건은 방문 전 확인","파주시 공식 군장병 할인업소 목록 및 운영 안내","지자체 공식 자료","https://www.paju.go.kr/www/www_02/health/health_03/health_03_09/health_03_09_01.jsp | https://www.paju.go.kr/user/soldier/BD_discountStoreList.do?q_ctgCd=1001","2026-09-06","파주시 공식 참여업소 목록 일치, 공식 공통 할인 정책 적용"
"378","밥꼬 운정점","파주시 산내로104번길 21-3 (목동동) 1층","공식 최신 근거 확인","공통","군 장병·사회복무요원 대상 10% 이상 할인 또는 상응 서비스","관내 주둔 군 장병·사회복무요원","업소별 적용 품목·조건은 방문 전 확인","파주시 공식 군장병 할인업소 목록 및 운영 안내","지자체 공식 자료","https://www.paju.go.kr/www/www_02/health/health_03/health_03_09/health_03_09_01.jsp | https://www.paju.go.kr/user/soldier/BD_discountStoreList.do?q_ctgCd=1001","2026-09-06","파주시 공식 참여업소 목록 일치, 공식 공통 할인 정책 적용"
"379","해녀밥상","파주시 청암로17번길 25 (목동동) 204호","공식 최신 근거 확인","공통","군 장병·사회복무요원 대상 10% 이상 할인 또는 상응 서비스","관내 주둔 군 장병·사회복무요원","업소별 적용 품목·조건은 방문 전 확인","파주시 공식 군장병 할인업소 목록 및 운영 안내","지자체 공식 자료","https://www.paju.go.kr/www/www_02/health/health_03/health_03_09/health_03_09_01.jsp | https://www.paju.go.kr/user/soldier/BD_discountStoreList.do?q_ctgCd=1001","2026-09-06","파주시 공식 참여업소 목록 일치, 공식 공통 할인 정책 적용"
"380","또오리","파주시 경의로 999-1 (야당동)","공식 최신 근거 확인","공통","군 장병·사회복무요원 대상 10% 이상 할인 또는 상응 서비스","관내 주둔 군 장병·사회복무요원","업소별 적용 품목·조건은 방문 전 확인","파주시 공식 군장병 할인업소 목록 및 운영 안내","지자체 공식 자료","https://www.paju.go.kr/www/www_02/health/health_03/health_03_09/health_03_09_01.jsp | https://www.paju.go.kr/user/soldier/BD_discountStoreList.do?q_ctgCd=1001","2026-09-06","파주시 공식 참여업소 목록 일치, 공식 공통 할인 정책 적용"
"381","삼산회관 파주야당점","파주시 경의로 1030 (야당동) 1층 107호","공식 최신 근거 확인","공통","군 장병·사회복무요원 대상 10% 이상 할인 또는 상응 서비스","관내 주둔 군 장병·사회복무요원","업소별 적용 품목·조건은 방문 전 확인","파주시 공식 군장병 할인업소 목록 및 운영 안내","지자체 공식 자료","https://www.paju.go.kr/www/www_02/health/health_03/health_03_09/health_03_09_01.jsp | https://www.paju.go.kr/user/soldier/BD_discountStoreList.do?q_ctgCd=1001","2026-09-06","파주시 공식 참여업소 목록 일치, 공식 공통 할인 정책 적용"
"382","숙성사돈 운정역점","파주시 경의로1240번길 15 (와동동) 유은타워9차 101, 102호","공식 최신 근거 확인","공통","군 장병·사회복무요원 대상 10% 이상 할인 또는 상응 서비스","관내 주둔 군 장병·사회복무요원","업소별 적용 품목·조건은 방문 전 확인","파주시 공식 군장병 할인업소 목록 및 운영 안내","지자체 공식 자료","https://www.paju.go.kr/www/www_02/health/health_03/health_03_09/health_03_09_01.jsp | https://www.paju.go.kr/user/soldier/BD_discountStoreList.do?q_ctgCd=1001","2026-09-06","파주시 공식 참여업소 목록 일치, 공식 공통 할인 정책 적용"
"383","양복점 파주야당점","파주시 소리천로8번길 36 (야당동) 106~107호","공식 최신 근거 확인","공통","군 장병·사회복무요원 대상 10% 이상 할인 또는 상응 서비스","관내 주둔 군 장병·사회복무요원","업소별 적용 품목·조건은 방문 전 확인","파주시 공식 군장병 할인업소 목록 및 운영 안내","지자체 공식 자료","https://www.paju.go.kr/www/www_02/health/health_03/health_03_09/health_03_09_01.jsp | https://www.paju.go.kr/user/soldier/BD_discountStoreList.do?q_ctgCd=1001","2026-09-06","파주시 공식 참여업소 목록 일치, 공식 공통 할인 정책 적용"
"384","브런치빈 파주점","파주시 경의로 1090 (야당동) 802,803호","공식 최신 근거 확인","공통","군 장병·사회복무요원 대상 10% 이상 할인 또는 상응 서비스","관내 주둔 군 장병·사회복무요원","업소별 적용 품목·조건은 방문 전 확인","파주시 공식 군장병 할인업소 목록 및 운영 안내","지자체 공식 자료","https://www.paju.go.kr/www/www_02/health/health_03/health_03_09/health_03_09_01.jsp | https://www.paju.go.kr/user/soldier/BD_discountStoreList.do?q_ctgCd=1001","2026-09-06","파주시 공식 참여업소 목록 일치, 공식 공통 할인 정책 적용"
"385","말랭이국수","파주시 월롱면 통일로 725 1층 일부","공식 최신 근거 확인","공통","군 장병·사회복무요원 대상 10% 이상 할인 또는 상응 서비스","관내 주둔 군 장병·사회복무요원","업소별 적용 품목·조건은 방문 전 확인","파주시 공식 군장병 할인업소 목록 및 운영 안내","지자체 공식 자료","https://www.paju.go.kr/www/www_02/health/health_03/health_03_09/health_03_09_01.jsp | https://www.paju.go.kr/user/soldier/BD_discountStoreList.do?q_ctgCd=1001","2026-09-06","파주시 공식 참여업소 목록 일치, 공식 공통 할인 정책 적용"
"391","예원헤어크레앙스","파주시 적성면 솥뒤로 16","공식 최신 근거 확인","공통","군 장병·사회복무요원 대상 10% 이상 할인 또는 상응 서비스","관내 주둔 군 장병·사회복무요원","업소별 적용 품목·조건은 방문 전 확인","파주시 공식 군장병 할인업소 목록 및 운영 안내","지자체 공식 자료","https://www.paju.go.kr/www/www_02/health/health_03/health_03_09/health_03_09_01.jsp | https://www.paju.go.kr/user/soldier/BD_discountStoreList.do?q_ctgCd=1004","2026-09-06","파주시 공식 참여업소 목록 일치, 공식 공통 할인 정책 적용"
"392","승원장","파주시 적성면 칠중5길 8","공식 최신 근거 확인","공통","군 장병·사회복무요원 대상 10% 이상 할인 또는 상응 서비스","관내 주둔 군 장병·사회복무요원","업소별 적용 품목·조건은 방문 전 확인","파주시 공식 군장병 할인업소 목록 및 운영 안내","지자체 공식 자료","https://www.paju.go.kr/www/www_02/health/health_03/health_03_09/health_03_09_01.jsp | https://www.paju.go.kr/user/soldier/BD_discountStoreList.do?q_ctgCd=1002","2026-09-06","파주시 공식 참여업소 목록 일치, 공식 공통 할인 정책 적용"
"393","감악산한우마을구이식당","파주시 적성면 솥뒤로 38-1","공식 최신 근거 확인","공통","군 장병·사회복무요원 대상 10% 이상 할인 또는 상응 서비스","관내 주둔 군 장병·사회복무요원","업소별 적용 품목·조건은 방문 전 확인","파주시 공식 군장병 할인업소 목록 및 운영 안내","지자체 공식 자료","https://www.paju.go.kr/www/www_02/health/health_03/health_03_09/health_03_09_01.jsp | https://www.paju.go.kr/user/soldier/BD_discountStoreList.do?q_ctgCd=1001","2026-09-06","파주시 공식 참여업소 목록 일치, 공식 공통 할인 정책 적용"
"394","그때그집","파주시 적성면 솥뒤로 15","공식 최신 근거 확인","공통","군 장병·사회복무요원 대상 10% 이상 할인 또는 상응 서비스","관내 주둔 군 장병·사회복무요원","업소별 적용 품목·조건은 방문 전 확인","파주시 공식 군장병 할인업소 목록 및 운영 안내","지자체 공식 자료","https://www.paju.go.kr/www/www_02/health/health_03/health_03_09/health_03_09_01.jsp | https://www.paju.go.kr/user/soldier/BD_discountStoreList.do?q_ctgCd=1001","2026-09-06","파주시 공식 참여업소 목록 일치, 공식 공통 할인 정책 적용"
"395","능이백숙오리닭칼국수","파주시 적성면 칠중2길 144","공식 최신 근거 확인","공통","군 장병·사회복무요원 대상 10% 이상 할인 또는 상응 서비스","관내 주둔 군 장병·사회복무요원","업소별 적용 품목·조건은 방문 전 확인","파주시 공식 군장병 할인업소 목록 및 운영 안내","지자체 공식 자료","https://www.paju.go.kr/www/www_02/health/health_03/health_03_09/health_03_09_01.jsp | https://www.paju.go.kr/user/soldier/BD_discountStoreList.do?q_ctgCd=1001","2026-09-06","파주시 공식 참여업소 목록 일치, 공식 공통 할인 정책 적용"
"396","두지리강촌매운탕","파주시 적성면 술이홀로2316번길 31","공식 최신 근거 확인","공통","군 장병·사회복무요원 대상 10% 이상 할인 또는 상응 서비스","관내 주둔 군 장병·사회복무요원","업소별 적용 품목·조건은 방문 전 확인","파주시 공식 군장병 할인업소 목록 및 운영 안내","지자체 공식 자료","https://www.paju.go.kr/www/www_02/health/health_03/health_03_09/health_03_09_01.jsp | https://www.paju.go.kr/user/soldier/BD_discountStoreList.do?q_ctgCd=1001","2026-09-06","파주시 공식 참여업소 목록 일치, 공식 공통 할인 정책 적용"
"397","두지리별장매운탕","파주시 적성면 술이홀로2316번길 18","공식 최신 근거 확인","공통","군 장병·사회복무요원 대상 10% 이상 할인 또는 상응 서비스","관내 주둔 군 장병·사회복무요원","업소별 적용 품목·조건은 방문 전 확인","파주시 공식 군장병 할인업소 목록 및 운영 안내","지자체 공식 자료","https://www.paju.go.kr/www/www_02/health/health_03/health_03_09/health_03_09_01.jsp | https://www.paju.go.kr/user/soldier/BD_discountStoreList.do?q_ctgCd=1001","2026-09-06","파주시 공식 참여업소 목록 일치, 공식 공통 할인 정책 적용"
"398","명랑핫도그 적성점","파주시 적성면 청송로 1022 1층","공식 최신 근거 확인","공통","군 장병·사회복무요원 대상 10% 이상 할인 또는 상응 서비스","관내 주둔 군 장병·사회복무요원","업소별 적용 품목·조건은 방문 전 확인","파주시 공식 군장병 할인업소 목록 및 운영 안내","지자체 공식 자료","https://www.paju.go.kr/www/www_02/health/health_03/health_03_09/health_03_09_01.jsp | https://www.paju.go.kr/user/soldier/BD_discountStoreList.do?q_ctgCd=1001","2026-09-06","파주시 공식 참여업소 목록 일치, 공식 공통 할인 정책 적용"
"399","산아래","파주시 적성면 감악산로1241번길 56","공식 최신 근거 확인","공통","군 장병·사회복무요원 대상 10% 이상 할인 또는 상응 서비스","관내 주둔 군 장병·사회복무요원","업소별 적용 품목·조건은 방문 전 확인","파주시 공식 군장병 할인업소 목록 및 운영 안내","지자체 공식 자료","https://www.paju.go.kr/www/www_02/health/health_03/health_03_09/health_03_09_01.jsp | https://www.paju.go.kr/user/soldier/BD_discountStoreList.do?q_ctgCd=1001","2026-09-06","파주시 공식 참여업소 목록 일치, 공식 공통 할인 정책 적용"
"400","용화반점","파주시 적성면 솥뒤로 28 1층","공식 최신 근거 확인","공통","군 장병·사회복무요원 대상 10% 이상 할인 또는 상응 서비스","관내 주둔 군 장병·사회복무요원","업소별 적용 품목·조건은 방문 전 확인","파주시 공식 군장병 할인업소 목록 및 운영 안내","지자체 공식 자료","https://www.paju.go.kr/www/www_02/health/health_03/health_03_09/health_03_09_01.jsp | https://www.paju.go.kr/user/soldier/BD_discountStoreList.do?q_ctgCd=1001","2026-09-06","파주시 공식 참여업소 목록 일치, 공식 공통 할인 정책 적용"
"401","원조두지리매운탕 1호점","파주시 적성면 술이홀로2316번길 45","공식 최신 근거 확인","공통","군 장병·사회복무요원 대상 10% 이상 할인 또는 상응 서비스","관내 주둔 군 장병·사회복무요원","업소별 적용 품목·조건은 방문 전 확인","파주시 공식 군장병 할인업소 목록 및 운영 안내","지자체 공식 자료","https://www.paju.go.kr/www/www_02/health/health_03/health_03_09/health_03_09_01.jsp | https://www.paju.go.kr/user/soldier/BD_discountStoreList.do?q_ctgCd=1001","2026-09-06","파주시 공식 참여업소 목록 일치, 공식 공통 할인 정책 적용"
"402","유진참치","파주시 적성면 감악산로 1226","공식 최신 근거 확인","공통","군 장병·사회복무요원 대상 10% 이상 할인 또는 상응 서비스","관내 주둔 군 장병·사회복무요원","업소별 적용 품목·조건은 방문 전 확인","파주시 공식 군장병 할인업소 목록 및 운영 안내","지자체 공식 자료","https://www.paju.go.kr/www/www_02/health/health_03/health_03_09/health_03_09_01.jsp | https://www.paju.go.kr/user/soldier/BD_discountStoreList.do?q_ctgCd=1001","2026-09-06","파주시 공식 참여업소 목록 일치, 공식 공통 할인 정책 적용"
"403","임진강매운탕","파주시 적성면 술이홀로2316번길 39","공식 최신 근거 확인","공통","군 장병·사회복무요원 대상 10% 이상 할인 또는 상응 서비스","관내 주둔 군 장병·사회복무요원","업소별 적용 품목·조건은 방문 전 확인","파주시 공식 군장병 할인업소 목록 및 운영 안내","지자체 공식 자료","https://www.paju.go.kr/www/www_02/health/health_03/health_03_09/health_03_09_01.jsp | https://www.paju.go.kr/user/soldier/BD_discountStoreList.do?q_ctgCd=1001","2026-09-06","파주시 공식 참여업소 목록 일치, 공식 공통 할인 정책 적용"
"404","임진강 인천식당 한우마을","파주시 적성면 솥뒤로37번길 4","공식 최신 근거 확인","공통","군 장병·사회복무요원 대상 10% 이상 할인 또는 상응 서비스","관내 주둔 군 장병·사회복무요원","업소별 적용 품목·조건은 방문 전 확인","파주시 공식 군장병 할인업소 목록 및 운영 안내","지자체 공식 자료","https://www.paju.go.kr/www/www_02/health/health_03/health_03_09/health_03_09_01.jsp | https://www.paju.go.kr/user/soldier/BD_discountStoreList.do?q_ctgCd=1001","2026-09-06","파주시 공식 참여업소 목록 일치, 공식 공통 할인 정책 적용"
"405","장단콩퇴골두부","파주시 적성면 칠중3길 145","공식 최신 근거 확인","공통","군 장병·사회복무요원 대상 10% 이상 할인 또는 상응 서비스","관내 주둔 군 장병·사회복무요원","업소별 적용 품목·조건은 방문 전 확인","파주시 공식 군장병 할인업소 목록 및 운영 안내","지자체 공식 자료","https://www.paju.go.kr/www/www_02/health/health_03/health_03_09/health_03_09_01.jsp | https://www.paju.go.kr/user/soldier/BD_discountStoreList.do?q_ctgCd=1001","2026-09-06","파주시 공식 참여업소 목록 일치, 공식 공통 할인 정책 적용"
"406","장수인삼족발보쌈","파주시 적성면 칠중3길 15 1층","공식 최신 근거 확인","공통","군 장병·사회복무요원 대상 10% 이상 할인 또는 상응 서비스","관내 주둔 군 장병·사회복무요원","업소별 적용 품목·조건은 방문 전 확인","파주시 공식 군장병 할인업소 목록 및 운영 안내","지자체 공식 자료","https://www.paju.go.kr/www/www_02/health/health_03/health_03_09/health_03_09_01.jsp | https://www.paju.go.kr/user/soldier/BD_discountStoreList.do?q_ctgCd=1001","2026-09-06","파주시 공식 참여업소 목록 일치, 공식 공통 할인 정책 적용"
"407","짱미엔","파주시 적성면 솥뒤로 14-1","공식 최신 근거 확인","공통","군 장병·사회복무요원 대상 10% 이상 할인 또는 상응 서비스","관내 주둔 군 장병·사회복무요원","업소별 적용 품목·조건은 방문 전 확인","파주시 공식 군장병 할인업소 목록 및 운영 안내","지자체 공식 자료","https://www.paju.go.kr/www/www_02/health/health_03/health_03_09/health_03_09_01.jsp | https://www.paju.go.kr/user/soldier/BD_discountStoreList.do?q_ctgCd=1001","2026-09-06","파주시 공식 참여업소 목록 일치, 공식 공통 할인 정책 적용"
"408","탕수육","파주시 적성면 청송로 1061 1층","공식 최신 근거 확인","공통","군 장병·사회복무요원 대상 10% 이상 할인 또는 상응 서비스","관내 주둔 군 장병·사회복무요원","업소별 적용 품목·조건은 방문 전 확인","파주시 공식 군장병 할인업소 목록 및 운영 안내","지자체 공식 자료","https://www.paju.go.kr/www/www_02/health/health_03/health_03_09/health_03_09_01.jsp | https://www.paju.go.kr/user/soldier/BD_discountStoreList.do?q_ctgCd=1001","2026-09-06","파주시 공식 참여업소 목록 일치, 공식 공통 할인 정책 적용"
"409","파주연천축협 정육식당","파주시 적성면 솥뒤로 32-2","공식 최신 근거 확인","공통","군 장병·사회복무요원 대상 10% 이상 할인 또는 상응 서비스","관내 주둔 군 장병·사회복무요원","업소별 적용 품목·조건은 방문 전 확인","파주시 공식 군장병 할인업소 목록 및 운영 안내","지자체 공식 자료","https://www.paju.go.kr/www/www_02/health/health_03/health_03_09/health_03_09_01.jsp | https://www.paju.go.kr/user/soldier/BD_discountStoreList.do?q_ctgCd=1001","2026-09-06","파주시 공식 참여업소 목록 일치, 공식 공통 할인 정책 적용"
"410","현대식당","파주시 적성면 청송로 1039","공식 최신 근거 확인","공통","군 장병·사회복무요원 대상 10% 이상 할인 또는 상응 서비스","관내 주둔 군 장병·사회복무요원","업소별 적용 품목·조건은 방문 전 확인","파주시 공식 군장병 할인업소 목록 및 운영 안내","지자체 공식 자료","https://www.paju.go.kr/www/www_02/health/health_03/health_03_09/health_03_09_01.jsp | https://www.paju.go.kr/user/soldier/BD_discountStoreList.do?q_ctgCd=1001","2026-09-06","파주시 공식 참여업소 목록 일치, 공식 공통 할인 정책 적용"
"411","화정족발 적성점","파주시 적성면 청송로 1027","공식 최신 근거 확인","공통","군 장병·사회복무요원 대상 10% 이상 할인 또는 상응 서비스","관내 주둔 군 장병·사회복무요원","업소별 적용 품목·조건은 방문 전 확인","파주시 공식 군장병 할인업소 목록 및 운영 안내","지자체 공식 자료","https://www.paju.go.kr/www/www_02/health/health_03/health_03_09/health_03_09_01.jsp | https://www.paju.go.kr/user/soldier/BD_discountStoreList.do?q_ctgCd=1001","2026-09-06","파주시 공식 참여업소 목록 일치, 공식 공통 할인 정책 적용"
"413","상원포크","파주시 조리읍 봉천로 63","공식 최신 근거 확인","공통","군 장병·사회복무요원 대상 10% 이상 할인 또는 상응 서비스","관내 주둔 군 장병·사회복무요원","업소별 적용 품목·조건은 방문 전 확인","파주시 공식 군장병 할인업소 목록 및 운영 안내","지자체 공식 자료","https://www.paju.go.kr/www/www_02/health/health_03/health_03_09/health_03_09_01.jsp | https://www.paju.go.kr/user/soldier/BD_discountStoreList.do?q_ctgCd=1001","2026-09-06","파주시 공식 참여업소 목록 일치, 공식 공통 할인 정책 적용"
"414","샤브올데이 파주봉일천점","파주시 조리읍 통일로 292 1층","공식 최신 근거 확인","공통","군 장병·사회복무요원 대상 10% 이상 할인 또는 상응 서비스","관내 주둔 군 장병·사회복무요원","업소별 적용 품목·조건은 방문 전 확인","파주시 공식 군장병 할인업소 목록 및 운영 안내","지자체 공식 자료","https://www.paju.go.kr/www/www_02/health/health_03/health_03_09/health_03_09_01.jsp | https://www.paju.go.kr/user/soldier/BD_discountStoreList.do?q_ctgCd=1001","2026-09-06","파주시 공식 참여업소 목록 일치, 공식 공통 할인 정책 적용"
"415","굿타임","파주시 탄현면 새오리로161번길 53-34","공식 최신 근거 확인","공통","군 장병·사회복무요원 대상 10% 이상 할인 또는 상응 서비스","관내 주둔 군 장병·사회복무요원","업소별 적용 품목·조건은 방문 전 확인","파주시 공식 군장병 할인업소 목록 및 운영 안내","지자체 공식 자료","https://www.paju.go.kr/www/www_02/health/health_03/health_03_09/health_03_09_01.jsp | https://www.paju.go.kr/user/soldier/BD_discountStoreList.do?q_ctgCd=1002","2026-09-06","파주시 공식 참여업소 목록 일치, 공식 공통 할인 정책 적용"
"416","벨리타","파주시 탄현면 새오리로161번길 53-28","공식 최신 근거 확인","공통","군 장병·사회복무요원 대상 10% 이상 할인 또는 상응 서비스","관내 주둔 군 장병·사회복무요원","업소별 적용 품목·조건은 방문 전 확인","파주시 공식 군장병 할인업소 목록 및 운영 안내","지자체 공식 자료","https://www.paju.go.kr/www/www_02/health/health_03/health_03_09/health_03_09_01.jsp | https://www.paju.go.kr/user/soldier/BD_discountStoreList.do?q_ctgCd=1002","2026-09-06","파주시 공식 참여업소 목록 일치, 공식 공통 할인 정책 적용"
"418","피카소","파주시 탄현면 성동로 34","공식 최신 근거 확인","공통","군 장병·사회복무요원 대상 10% 이상 할인 또는 상응 서비스","관내 주둔 군 장병·사회복무요원","업소별 적용 품목·조건은 방문 전 확인","파주시 공식 군장병 할인업소 목록 및 운영 안내","지자체 공식 자료","https://www.paju.go.kr/www/www_02/health/health_03/health_03_09/health_03_09_01.jsp | https://www.paju.go.kr/user/soldier/BD_discountStoreList.do?q_ctgCd=1002","2026-09-06","파주시 공식 참여업소 목록 일치, 공식 공통 할인 정책 적용"
"419","헤이리풀빌라워라밸호스텔","파주시 탄현면 샘철길 38-12","공식 최신 근거 확인","공통","군 장병·사회복무요원 대상 10% 이상 할인 또는 상응 서비스","관내 주둔 군 장병·사회복무요원","업소별 적용 품목·조건은 방문 전 확인","파주시 공식 군장병 할인업소 목록 및 운영 안내","지자체 공식 자료","https://www.paju.go.kr/www/www_02/health/health_03/health_03_09/health_03_09_01.jsp | https://www.paju.go.kr/user/soldier/BD_discountStoreList.do?q_ctgCd=1002","2026-09-06","파주시 공식 참여업소 목록 일치, 공식 공통 할인 정책 적용"
"420","호텔위즈","파주시 탄현면 성동로 20-45","공식 최신 근거 확인","공통","군 장병·사회복무요원 대상 10% 이상 할인 또는 상응 서비스","관내 주둔 군 장병·사회복무요원","업소별 적용 품목·조건은 방문 전 확인","파주시 공식 군장병 할인업소 목록 및 운영 안내","지자체 공식 자료","https://www.paju.go.kr/www/www_02/health/health_03/health_03_09/health_03_09_01.jsp | https://www.paju.go.kr/user/soldier/BD_discountStoreList.do?q_ctgCd=1002","2026-09-06","파주시 공식 참여업소 목록 일치, 공식 공통 할인 정책 적용"
"421","DMZ장단콩두부마을","파주시 탄현면 평화로 902","공식 최신 근거 확인","공통","군 장병·사회복무요원 대상 10% 이상 할인 또는 상응 서비스","관내 주둔 군 장병·사회복무요원","업소별 적용 품목·조건은 방문 전 확인","파주시 공식 군장병 할인업소 목록 및 운영 안내","지자체 공식 자료","https://www.paju.go.kr/www/www_02/health/health_03/health_03_09/health_03_09_01.jsp | https://www.paju.go.kr/user/soldier/BD_discountStoreList.do?q_ctgCd=1001","2026-09-06","파주시 공식 참여업소 목록 일치, 공식 공통 할인 정책 적용"
"422","더위즈(The WIZ)","파주시 탄현면 성동로 20-45","공식 최신 근거 확인","공통","군 장병·사회복무요원 대상 10% 이상 할인 또는 상응 서비스","관내 주둔 군 장병·사회복무요원","업소별 적용 품목·조건은 방문 전 확인","파주시 공식 군장병 할인업소 목록 및 운영 안내","지자체 공식 자료","https://www.paju.go.kr/www/www_02/health/health_03/health_03_09/health_03_09_01.jsp | https://www.paju.go.kr/user/soldier/BD_discountStoreList.do?q_ctgCd=1001","2026-09-06","파주시 공식 참여업소 목록 일치, 공식 공통 할인 정책 적용"
"423","물고기자리","파주시 탄현면 헤이리마을길 48-48","공식 최신 근거 확인","공통","군 장병·사회복무요원 대상 10% 이상 할인 또는 상응 서비스","관내 주둔 군 장병·사회복무요원","업소별 적용 품목·조건은 방문 전 확인","파주시 공식 군장병 할인업소 목록 및 운영 안내","지자체 공식 자료","https://www.paju.go.kr/www/www_02/health/health_03/health_03_09/health_03_09_01.jsp | https://www.paju.go.kr/user/soldier/BD_discountStoreList.do?q_ctgCd=1001","2026-09-06","파주시 공식 참여업소 목록 일치, 공식 공통 할인 정책 적용"
"424","베로키오","파주시 탄현면 새오리로 74","공식 최신 근거 확인","공통","군 장병·사회복무요원 대상 10% 이상 할인 또는 상응 서비스","관내 주둔 군 장병·사회복무요원","업소별 적용 품목·조건은 방문 전 확인","파주시 공식 군장병 할인업소 목록 및 운영 안내","지자체 공식 자료","https://www.paju.go.kr/www/www_02/health/health_03/health_03_09/health_03_09_01.jsp | https://www.paju.go.kr/user/soldier/BD_discountStoreList.do?q_ctgCd=1001","2026-09-06","파주시 공식 참여업소 목록 일치, 공식 공통 할인 정책 적용"
"425","복드림한우고기","파주시 탄현면 새오리로 48","공식 최신 근거 확인","공통","군 장병·사회복무요원 대상 10% 이상 할인 또는 상응 서비스","관내 주둔 군 장병·사회복무요원","업소별 적용 품목·조건은 방문 전 확인","파주시 공식 군장병 할인업소 목록 및 운영 안내","지자체 공식 자료","https://www.paju.go.kr/www/www_02/health/health_03/health_03_09/health_03_09_01.jsp | https://www.paju.go.kr/user/soldier/BD_discountStoreList.do?q_ctgCd=1001","2026-09-06","파주시 공식 참여업소 목록 일치, 공식 공통 할인 정책 적용"
"426","어화둥둥","파주시 탄현면 새오리로 113-46","공식 최신 근거 확인","공통","군 장병·사회복무요원 대상 10% 이상 할인 또는 상응 서비스","관내 주둔 군 장병·사회복무요원","업소별 적용 품목·조건은 방문 전 확인","파주시 공식 군장병 할인업소 목록 및 운영 안내","지자체 공식 자료","https://www.paju.go.kr/www/www_02/health/health_03/health_03_09/health_03_09_01.jsp | https://www.paju.go.kr/user/soldier/BD_discountStoreList.do?q_ctgCd=1001","2026-09-06","파주시 공식 참여업소 목록 일치, 공식 공통 할인 정책 적용"
"427","옛날시골밥상","파주시 탄현면 새오리로 10","공식 최신 근거 확인","공통","군 장병·사회복무요원 대상 10% 이상 할인 또는 상응 서비스","관내 주둔 군 장병·사회복무요원","업소별 적용 품목·조건은 방문 전 확인","파주시 공식 군장병 할인업소 목록 및 운영 안내","지자체 공식 자료","https://www.paju.go.kr/www/www_02/health/health_03/health_03_09/health_03_09_01.jsp | https://www.paju.go.kr/user/soldier/BD_discountStoreList.do?q_ctgCd=1001","2026-09-06","파주시 공식 참여업소 목록 일치, 공식 공통 할인 정책 적용"
"428","오두산막국수 통일로직영점","파주시 탄현면 성동로 17","공식 최신 근거 확인","공통","군 장병·사회복무요원 대상 10% 이상 할인 또는 상응 서비스","관내 주둔 군 장병·사회복무요원","업소별 적용 품목·조건은 방문 전 확인","파주시 공식 군장병 할인업소 목록 및 운영 안내","지자체 공식 자료","https://www.paju.go.kr/www/www_02/health/health_03/health_03_09/health_03_09_01.jsp | https://www.paju.go.kr/user/soldier/BD_discountStoreList.do?q_ctgCd=1001","2026-09-06","파주시 공식 참여업소 목록 일치, 공식 공통 할인 정책 적용"
"429","용궁칼국수","파주시 탄현면 새오리로 59-52","공식 최신 근거 확인","공통","군 장병·사회복무요원 대상 10% 이상 할인 또는 상응 서비스","관내 주둔 군 장병·사회복무요원","업소별 적용 품목·조건은 방문 전 확인","파주시 공식 군장병 할인업소 목록 및 운영 안내","지자체 공식 자료","https://www.paju.go.kr/www/www_02/health/health_03/health_03_09/health_03_09_01.jsp | https://www.paju.go.kr/user/soldier/BD_discountStoreList.do?q_ctgCd=1001","2026-09-06","파주시 공식 참여업소 목록 일치, 공식 공통 할인 정책 적용"
"430","전라도갈치찜전문점","파주시 탄현면 매봉길 12","공식 최신 근거 확인","공통","군 장병·사회복무요원 대상 10% 이상 할인 또는 상응 서비스","관내 주둔 군 장병·사회복무요원","업소별 적용 품목·조건은 방문 전 확인","파주시 공식 군장병 할인업소 목록 및 운영 안내","지자체 공식 자료","https://www.paju.go.kr/www/www_02/health/health_03/health_03_09/health_03_09_01.jsp | https://www.paju.go.kr/user/soldier/BD_discountStoreList.do?q_ctgCd=1001","2026-09-06","파주시 공식 참여업소 목록 일치, 공식 공통 할인 정책 적용"
"431","전망대 누룽지 백숙","파주시 탄현면 새오리로 215-36","공식 최신 근거 확인","공통","군 장병·사회복무요원 대상 10% 이상 할인 또는 상응 서비스","관내 주둔 군 장병·사회복무요원","업소별 적용 품목·조건은 방문 전 확인","파주시 공식 군장병 할인업소 목록 및 운영 안내","지자체 공식 자료","https://www.paju.go.kr/www/www_02/health/health_03/health_03_09/health_03_09_01.jsp | https://www.paju.go.kr/user/soldier/BD_discountStoreList.do?q_ctgCd=1001","2026-09-06","파주시 공식 참여업소 목록 일치, 공식 공통 할인 정책 적용"
"432","짹짹곳간","파주시 탄현면 새오리로339번길 79-48 2층","공식 최신 근거 확인","공통","군 장병·사회복무요원 대상 10% 이상 할인 또는 상응 서비스","관내 주둔 군 장병·사회복무요원","업소별 적용 품목·조건은 방문 전 확인","파주시 공식 군장병 할인업소 목록 및 운영 안내","지자체 공식 자료","https://www.paju.go.kr/www/www_02/health/health_03/health_03_09/health_03_09_01.jsp | https://www.paju.go.kr/user/soldier/BD_discountStoreList.do?q_ctgCd=1001","2026-09-06","파주시 공식 참여업소 목록 일치, 공식 공통 할인 정책 적용"
"433","청송마루","파주시 탄현면 방촌로 1071","공식 최신 근거 확인","공통","군 장병·사회복무요원 대상 10% 이상 할인 또는 상응 서비스","관내 주둔 군 장병·사회복무요원","업소별 적용 품목·조건은 방문 전 확인","파주시 공식 군장병 할인업소 목록 및 운영 안내","지자체 공식 자료","https://www.paju.go.kr/www/www_02/health/health_03/health_03_09/health_03_09_01.jsp | https://www.paju.go.kr/user/soldier/BD_discountStoreList.do?q_ctgCd=1001","2026-09-06","파주시 공식 참여업소 목록 일치, 공식 공통 할인 정책 적용"
"434","초원","파주시 탄현면 엘씨디로241번길 50-2 B102호","공식 최신 근거 확인","공통","군 장병·사회복무요원 대상 10% 이상 할인 또는 상응 서비스","관내 주둔 군 장병·사회복무요원","업소별 적용 품목·조건은 방문 전 확인","파주시 공식 군장병 할인업소 목록 및 운영 안내","지자체 공식 자료","https://www.paju.go.kr/www/www_02/health/health_03/health_03_09/health_03_09_01.jsp | https://www.paju.go.kr/user/soldier/BD_discountStoreList.do?q_ctgCd=1001","2026-09-06","파주시 공식 참여업소 목록 일치, 공식 공통 할인 정책 적용"
"435","최고야짬뽕","파주시 탄현면 필승로 490","공식 최신 근거 확인","공통","군 장병·사회복무요원 대상 10% 이상 할인 또는 상응 서비스","관내 주둔 군 장병·사회복무요원","업소별 적용 품목·조건은 방문 전 확인","파주시 공식 군장병 할인업소 목록 및 운영 안내","지자체 공식 자료","https://www.paju.go.kr/www/www_02/health/health_03/health_03_09/health_03_09_01.jsp | https://www.paju.go.kr/user/soldier/BD_discountStoreList.do?q_ctgCd=1001","2026-09-06","파주시 공식 참여업소 목록 일치, 공식 공통 할인 정책 적용"
"436","평양만두","파주시 탄현면 새오리로 193","공식 최신 근거 확인","공통","군 장병·사회복무요원 대상 10% 이상 할인 또는 상응 서비스","관내 주둔 군 장병·사회복무요원","업소별 적용 품목·조건은 방문 전 확인","파주시 공식 군장병 할인업소 목록 및 운영 안내","지자체 공식 자료","https://www.paju.go.kr/www/www_02/health/health_03/health_03_09/health_03_09_01.jsp | https://www.paju.go.kr/user/soldier/BD_discountStoreList.do?q_ctgCd=1001","2026-09-06","파주시 공식 참여업소 목록 일치, 공식 공통 할인 정책 적용"
"437","해민도예","파주시 탄현면 새오리로 209-19","공식 최신 근거 확인","공통","군 장병·사회복무요원 대상 10% 이상 할인 또는 상응 서비스","관내 주둔 군 장병·사회복무요원","업소별 적용 품목·조건은 방문 전 확인","파주시 공식 군장병 할인업소 목록 및 운영 안내","지자체 공식 자료","https://www.paju.go.kr/www/www_02/health/health_03/health_03_09/health_03_09_01.jsp | https://www.paju.go.kr/user/soldier/BD_discountStoreList.do?q_ctgCd=1001","2026-09-06","파주시 공식 참여업소 목록 일치, 공식 공통 할인 정책 적용"
"438","흔적","파주시 탄현면 새오리로 59-20","공식 최신 근거 확인","공통","군 장병·사회복무요원 대상 10% 이상 할인 또는 상응 서비스","관내 주둔 군 장병·사회복무요원","업소별 적용 품목·조건은 방문 전 확인","파주시 공식 군장병 할인업소 목록 및 운영 안내","지자체 공식 자료","https://www.paju.go.kr/www/www_02/health/health_03/health_03_09/health_03_09_01.jsp | https://www.paju.go.kr/user/soldier/BD_discountStoreList.do?q_ctgCd=1001","2026-09-06","파주시 공식 참여업소 목록 일치, 공식 공통 할인 정책 적용"
"439","디엠지라운지(DMZ LOUNGE)","파주시 탄현면 새오리로161번길 90","공식 최신 근거 확인","공통","군 장병·사회복무요원 대상 10% 이상 할인 또는 상응 서비스","관내 주둔 군 장병·사회복무요원","업소별 적용 품목·조건은 방문 전 확인","파주시 공식 군장병 할인업소 목록 및 운영 안내","지자체 공식 자료","https://www.paju.go.kr/www/www_02/health/health_03/health_03_09/health_03_09_01.jsp | https://www.paju.go.kr/user/soldier/BD_discountStoreList.do?q_ctgCd=1001","2026-09-06","파주시 공식 참여업소 목록 일치, 공식 공통 할인 정책 적용"
"442","6000컷트","파주시 파주읍 술이홀로 470","공식 최신 근거 확인","공통","군 장병·사회복무요원 대상 10% 이상 할인 또는 상응 서비스","관내 주둔 군 장병·사회복무요원","업소별 적용 품목·조건은 방문 전 확인","파주시 공식 군장병 할인업소 목록 및 운영 안내","지자체 공식 자료","https://www.paju.go.kr/www/www_02/health/health_03/health_03_09/health_03_09_01.jsp | https://www.paju.go.kr/user/soldier/BD_discountStoreList.do?q_ctgCd=1004","2026-09-06","파주시 공식 참여업소 목록 일치, 공식 공통 할인 정책 적용"
"443","로즈헤어샾","파주시 파주읍 파발로 4","공식 최신 근거 확인","공통","군 장병·사회복무요원 대상 10% 이상 할인 또는 상응 서비스","관내 주둔 군 장병·사회복무요원","업소별 적용 품목·조건은 방문 전 확인","파주시 공식 군장병 할인업소 목록 및 운영 안내","지자체 공식 자료","https://www.paju.go.kr/www/www_02/health/health_03/health_03_09/health_03_09_01.jsp | https://www.paju.go.kr/user/soldier/BD_discountStoreList.do?q_ctgCd=1004","2026-09-06","파주시 공식 참여업소 목록 일치, 공식 공통 할인 정책 적용"
"444","남해바다","파주시 파주읍 시장거리길 59-7","공식 최신 근거 확인","공통","군 장병·사회복무요원 대상 10% 이상 할인 또는 상응 서비스","관내 주둔 군 장병·사회복무요원","업소별 적용 품목·조건은 방문 전 확인","파주시 공식 군장병 할인업소 목록 및 운영 안내","지자체 공식 자료","https://www.paju.go.kr/www/www_02/health/health_03/health_03_09/health_03_09_01.jsp | https://www.paju.go.kr/user/soldier/BD_discountStoreList.do?q_ctgCd=1001","2026-09-06","파주시 공식 참여업소 목록 일치, 공식 공통 할인 정책 적용"
"446","바리루스","파주시 파주읍 봉서산로 245 2층 일부호","공식 최신 근거 확인","공통","군 장병·사회복무요원 대상 10% 이상 할인 또는 상응 서비스","관내 주둔 군 장병·사회복무요원","업소별 적용 품목·조건은 방문 전 확인","파주시 공식 군장병 할인업소 목록 및 운영 안내","지자체 공식 자료","https://www.paju.go.kr/www/www_02/health/health_03/health_03_09/health_03_09_01.jsp | https://www.paju.go.kr/user/soldier/BD_discountStoreList.do?q_ctgCd=1001","2026-09-06","파주시 공식 참여업소 목록 일치, 공식 공통 할인 정책 적용"
"447","봉황가","파주시 파주읍 우계로 35-1","공식 최신 근거 확인","공통","군 장병·사회복무요원 대상 10% 이상 할인 또는 상응 서비스","관내 주둔 군 장병·사회복무요원","업소별 적용 품목·조건은 방문 전 확인","파주시 공식 군장병 할인업소 목록 및 운영 안내","지자체 공식 자료","https://www.paju.go.kr/www/www_02/health/health_03/health_03_09/health_03_09_01.jsp | https://www.paju.go.kr/user/soldier/BD_discountStoreList.do?q_ctgCd=1001","2026-09-06","파주시 공식 참여업소 목록 일치, 공식 공통 할인 정책 적용"
"448","소풍N","파주시 파주읍 우계로 24","공식 최신 근거 확인","공통","군 장병·사회복무요원 대상 10% 이상 할인 또는 상응 서비스","관내 주둔 군 장병·사회복무요원","업소별 적용 품목·조건은 방문 전 확인","파주시 공식 군장병 할인업소 목록 및 운영 안내","지자체 공식 자료","https://www.paju.go.kr/www/www_02/health/health_03/health_03_09/health_03_09_01.jsp | https://www.paju.go.kr/user/soldier/BD_discountStoreList.do?q_ctgCd=1001","2026-09-06","파주시 공식 참여업소 목록 일치, 공식 공통 할인 정책 적용"
"449","웅이네 의정부부대찌개","파주시 파주읍 파발로 9","공식 최신 근거 확인","공통","군 장병·사회복무요원 대상 10% 이상 할인 또는 상응 서비스","관내 주둔 군 장병·사회복무요원","업소별 적용 품목·조건은 방문 전 확인","파주시 공식 군장병 할인업소 목록 및 운영 안내","지자체 공식 자료","https://www.paju.go.kr/www/www_02/health/health_03/health_03_09/health_03_09_01.jsp | https://www.paju.go.kr/user/soldier/BD_discountStoreList.do?q_ctgCd=1001","2026-09-06","파주시 공식 참여업소 목록 일치, 공식 공통 할인 정책 적용"
"450","이조맛집","파주시 파주읍 술이홀로 392","공식 최신 근거 확인","공통","군 장병·사회복무요원 대상 10% 이상 할인 또는 상응 서비스","관내 주둔 군 장병·사회복무요원","업소별 적용 품목·조건은 방문 전 확인","파주시 공식 군장병 할인업소 목록 및 운영 안내","지자체 공식 자료","https://www.paju.go.kr/www/www_02/health/health_03/health_03_09/health_03_09_01.jsp | https://www.paju.go.kr/user/soldier/BD_discountStoreList.do?q_ctgCd=1001","2026-09-06","파주시 공식 참여업소 목록 일치, 공식 공통 할인 정책 적용"
"451","짜장마을","파주시 파주읍 술이홀로 463","공식 최신 근거 확인","공통","군 장병·사회복무요원 대상 10% 이상 할인 또는 상응 서비스","관내 주둔 군 장병·사회복무요원","업소별 적용 품목·조건은 방문 전 확인","파주시 공식 군장병 할인업소 목록 및 운영 안내","지자체 공식 자료","https://www.paju.go.kr/www/www_02/health/health_03/health_03_09/health_03_09_01.jsp | https://www.paju.go.kr/user/soldier/BD_discountStoreList.do?q_ctgCd=1001","2026-09-06","파주시 공식 참여업소 목록 일치, 공식 공통 할인 정책 적용"
"452","조아의 하루 주내점","파주시 파주읍 우계로 6 101호","공식 최신 근거 확인","공통","군 장병·사회복무요원 대상 10% 이상 할인 또는 상응 서비스","관내 주둔 군 장병·사회복무요원","업소별 적용 품목·조건은 방문 전 확인","파주시 공식 군장병 할인업소 목록 및 운영 안내","지자체 공식 자료","https://www.paju.go.kr/www/www_02/health/health_03/health_03_09/health_03_09_01.jsp | https://www.paju.go.kr/user/soldier/BD_discountStoreList.do?q_ctgCd=1001","2026-09-06","파주시 공식 참여업소 목록 일치, 공식 공통 할인 정책 적용"
"453","아비숑","파주시 파평면 화석정로126번길 122-35","공식 최신 근거 확인","공통","군 장병·사회복무요원 대상 10% 이상 할인 또는 상응 서비스","관내 주둔 군 장병·사회복무요원","업소별 적용 품목·조건은 방문 전 확인","파주시 공식 군장병 할인업소 목록 및 운영 안내","지자체 공식 자료","https://www.paju.go.kr/www/www_02/health/health_03/health_03_09/health_03_09_01.jsp | https://www.paju.go.kr/user/soldier/BD_discountStoreList.do?q_ctgCd=1002","2026-09-06","파주시 공식 참여업소 목록 일치, 공식 공통 할인 정책 적용"
"454","포시즌","파주시 파평면 화석정로126번길 144-20","공식 최신 근거 확인","공통","군 장병·사회복무요원 대상 10% 이상 할인 또는 상응 서비스","관내 주둔 군 장병·사회복무요원","업소별 적용 품목·조건은 방문 전 확인","파주시 공식 군장병 할인업소 목록 및 운영 안내","지자체 공식 자료","https://www.paju.go.kr/www/www_02/health/health_03/health_03_09/health_03_09_01.jsp | https://www.paju.go.kr/user/soldier/BD_discountStoreList.do?q_ctgCd=1002","2026-09-06","파주시 공식 참여업소 목록 일치, 공식 공통 할인 정책 적용"
"455","샘내 손두부","파주시 파평면 청송로 551-7","공식 최신 근거 확인","공통","군 장병·사회복무요원 대상 10% 이상 할인 또는 상응 서비스","관내 주둔 군 장병·사회복무요원","업소별 적용 품목·조건은 방문 전 확인","파주시 공식 군장병 할인업소 목록 및 운영 안내","지자체 공식 자료","https://www.paju.go.kr/www/www_02/health/health_03/health_03_09/health_03_09_01.jsp | https://www.paju.go.kr/user/soldier/BD_discountStoreList.do?q_ctgCd=1001","2026-09-06","파주시 공식 참여업소 목록 일치, 공식 공통 할인 정책 적용"
"456","임꺽정 한우마을","파주시 파평면 화석정로 104","공식 최신 근거 확인","공통","군 장병·사회복무요원 대상 10% 이상 할인 또는 상응 서비스","관내 주둔 군 장병·사회복무요원","업소별 적용 품목·조건은 방문 전 확인","파주시 공식 군장병 할인업소 목록 및 운영 안내","지자체 공식 자료","https://www.paju.go.kr/www/www_02/health/health_03/health_03_09/health_03_09_01.jsp | https://www.paju.go.kr/user/soldier/BD_discountStoreList.do?q_ctgCd=1001","2026-09-06","파주시 공식 참여업소 목록 일치, 공식 공통 할인 정책 적용"
"457","임진강수라상","파주시 파평면 화석정로 101","공식 최신 근거 확인","공통","군 장병·사회복무요원 대상 10% 이상 할인 또는 상응 서비스","관내 주둔 군 장병·사회복무요원","업소별 적용 품목·조건은 방문 전 확인","파주시 공식 군장병 할인업소 목록 및 운영 안내","지자체 공식 자료","https://www.paju.go.kr/www/www_02/health/health_03/health_03_09/health_03_09_01.jsp | https://www.paju.go.kr/user/soldier/BD_discountStoreList.do?q_ctgCd=1001","2026-09-06","파주시 공식 참여업소 목록 일치, 공식 공통 할인 정책 적용"
"458","한우리매운탕","파주시 파평면 장승배기로 173-8","공식 최신 근거 확인","공통","군 장병·사회복무요원 대상 10% 이상 할인 또는 상응 서비스","관내 주둔 군 장병·사회복무요원","업소별 적용 품목·조건은 방문 전 확인","파주시 공식 군장병 할인업소 목록 및 운영 안내","지자체 공식 자료","https://www.paju.go.kr/www/www_02/health/health_03/health_03_09/health_03_09_01.jsp | https://www.paju.go.kr/user/soldier/BD_discountStoreList.do?q_ctgCd=1001","2026-09-06","파주시 공식 참여업소 목록 일치, 공식 공통 할인 정책 적용"
"459","앵무새카페","파주시 파평면 파평산로363번길 32-9","공식 최신 근거 확인","공통","군 장병·사회복무요원 대상 10% 이상 할인 또는 상응 서비스","관내 주둔 군 장병·사회복무요원","업소별 적용 품목·조건은 방문 전 확인","파주시 공식 군장병 할인업소 목록 및 운영 안내","지자체 공식 자료","https://www.paju.go.kr/www/www_02/health/health_03/health_03_09/health_03_09_01.jsp | https://www.paju.go.kr/user/soldier/BD_discountStoreList.do?q_ctgCd=1001","2026-09-06","파주시 공식 참여업소 목록 일치, 공식 공통 할인 정책 적용"
