"정본CSV행번호","업소명","소재지도로명주소","기존전화번호","기존할인정보","공식업소명","공식주소","공식전화번호","공식출처URL","상호주소일치","전화일치","혜택상세검증","판정","검토결정","정본반영여부"
"74","게이트호텔","파주시 광탄면 보광로 505","031-947-2888","10%할인","게이트호텔","파주시 광탄면 보광로 505","031-947-2888","https://www.paju.go.kr/user/soldier/BD_discountStoreList.do?q_ctgCd=1002","True","True","참여 목록은 일치하나 개별 할인 조건 미기재","공식 참여업소 일치 후보","미검토","아니오"
"75","두둑한한판","파주시 광탄면 보광로 646","031-949-7646","10%할인","두둑한한판","파주시 광탄면 보광로 646","031-949-7646","https://www.paju.go.kr/user/soldier/BD_discountStoreList.do?q_ctgCd=1001","True","True","참여 목록은 일치하나 개별 할인 조건 미기재","공식 참여업소 일치 후보","미검토","아니오"
"76","레드브릿지","파주시 광탄면 기산로 329","070-8880-5555","10%할인","레드브릿지","파주시 광탄면 기산로 329","070-8880-5555","https://www.paju.go.kr/user/soldier/BD_discountStoreList.do?q_ctgCd=1001","True","True","참여 목록은 일치하나 개별 할인 조건 미기재","공식 참여업소 일치 후보","미검토","아니오"
"77","숙성사돈 파주광탄점","파주시 광탄면 큰여울길 8-1","070-7817-7818","10%이상 서비스제공","숙성사돈 파주광탄점","파주시 광탄면 큰여울길 8-1","070-7817-7818","https://www.paju.go.kr/user/soldier/BD_discountStoreList.do?q_ctgCd=1001","True","True","참여 목록은 일치하나 개별 할인 조건 미기재","공식 참여업소 일치 후보","미검토","아니오"
"78","신나는 등갈비 엔 닭발","파주시 광탄면 혜음로 1117-1 1층","031-943-3545","5%할인","신나는 등갈비 엔 닭발","파주시 광탄면 혜음로 1117-1 1층","031-943-3545","https://www.paju.go.kr/user/soldier/BD_discountStoreList.do?q_ctgCd=1001","True","True","참여 목록은 일치하나 개별 할인 조건 미기재","공식 참여업소 일치 후보","미검토","아니오"
"79","엘리스오븐","파주시 광탄면 기산로 195 1,2층","031-942-1432","5%할인","엘리스오븐","파주시 광탄면 기산로 195 1,2층","031-942-1432","https://www.paju.go.kr/user/soldier/BD_discountStoreList.do?q_ctgCd=1001","True","True","참여 목록은 일치하나 개별 할인 조건 미기재","공식 참여업소 일치 후보","미검토","아니오"
"80","장단콩두부전문점","파주시 광탄면 큰여울길 35 1층 일부","031-941-1989","10%할인","장단콩두부전문점","파주시 광탄면 큰여울길 35 1층 일부","031-941-1989","https://www.paju.go.kr/user/soldier/BD_discountStoreList.do?q_ctgCd=1001","True","True","참여 목록은 일치하나 개별 할인 조건 미기재","공식 참여업소 일치 후보","미검토","아니오"
"81","풍미진해장국 광탄직영점","파주시 광탄면 부흥로 30 B동 1층 전체","031-945-1211","음료수 제공","풍미진해장국 광탄직영점","파주시 광탄면 부흥로 30 B동 1층 전체","031-945-1211","https://www.paju.go.kr/user/soldier/BD_discountStoreList.do?q_ctgCd=1001","True","True","참여 목록은 일치하나 개별 할인 조건 미기재","공식 참여업소 일치 후보","미검토","아니오"
"82","조아의 하루","파주시 광탄면 혜음로 1191 1~2층","031-944-1191","10% 이상 할인 또는 그에 상응하는 서비스(업소별 상세는 사전 확인)","조아의 하루","파주시 광탄면 혜음로 1191 1~2층","031-944-1191","https://www.paju.go.kr/user/soldier/BD_discountStoreList.do?q_ctgCd=1001","True","True","참여 목록은 일치하나 개별 할인 조건 미기재","공식 참여업소 일치 후보","미검토","아니오"
"83","카페바스","파주시 광탄면 왕수물길 4 광천목욕탕 1층 일부","0507-1329-3073","20%할인","카페바스","파주시 광탄면 왕수물길 4 광천목욕탕 1층 일부","0507-1329-3073","https://www.paju.go.kr/user/soldier/BD_discountStoreList.do?q_ctgCd=1001","True","True","참여 목록은 일치하나 개별 할인 조건 미기재","공식 참여업소 일치 후보","미검토","아니오"
"84","민바리매운탕","파주시 쌀뚜기길 44-42 (문발동)","031-949-8266","5%할인","민바리매운탕","파주시 쌀뚜기길 44-42 (문발동)","031-949-8266","https://www.paju.go.kr/user/soldier/BD_discountStoreList.do?q_ctgCd=1001","True","True","참여 목록은 일치하나 개별 할인 조건 미기재","공식 참여업소 일치 후보","미검토","아니오"
"85","여명양평해장국","파주시 지목로 65 (신촌동)","031-946-8001","10%할인","여명양평해장국","파주시 지목로 65 (신촌동)","031-946-8001","https://www.paju.go.kr/user/soldier/BD_discountStoreList.do?q_ctgCd=1001","True","True","참여 목록은 일치하나 개별 할인 조건 미기재","공식 참여업소 일치 후보","미검토","아니오"
"86","해울한정식","파주시 지목로 65 (신촌동)","031-949-9939","10%할인","해울한정식","파주시 지목로 65 (신촌동)","031-949-9939","https://www.paju.go.kr/user/soldier/BD_discountStoreList.do?q_ctgCd=1001","True","True","참여 목록은 일치하나 개별 할인 조건 미기재","공식 참여업소 일치 후보","미검토","아니오"
"87","아레볼","파주시 소라지로 309-12 (송촌동)","031-949-5678","10%할인","아레볼","파주시 소라지로 309-12 (송촌동)","031-949-5678","https://www.paju.go.kr/user/soldier/BD_discountStoreList.do?q_ctgCd=1001","True","True","참여 목록은 일치하나 개별 할인 조건 미기재","공식 참여업소 일치 후보","미검토","아니오"
"97","금헤어","파주시 금정4길 16 (금촌동)","031-944-5695","10%할인","금헤어","파주시 금정4길 16 (금촌동)","031-944-5695","https://www.paju.go.kr/user/soldier/BD_discountStoreList.do?q_ctgCd=1004","True","True","참여 목록은 일치하나 개별 할인 조건 미기재","공식 참여업소 일치 후보","미검토","아니오"
"98","이브 헤어샵","파주시 금정14길 35 (아동동)","031-941-1235","20%할인","이브 헤어샵","파주시 금정14길 35 (아동동)","031-941-1235","https://www.paju.go.kr/user/soldier/BD_discountStoreList.do?q_ctgCd=1004","True","True","참여 목록은 일치하나 개별 할인 조건 미기재","공식 참여업소 일치 후보","미검토","아니오"
"99","이정호 모델헤어","파주시 중앙로 318-1 (금촌동)","031-948-9439","10%이상 할인(컷트 17000원→15000원)","이정호 모델헤어","파주시 중앙로 318-1 (금촌동)","031-948-9439","https://www.paju.go.kr/user/soldier/BD_discountStoreList.do?q_ctgCd=1004","True","True","참여 목록은 일치하나 개별 할인 조건 미기재","공식 참여업소 일치 후보","미검토","아니오"
"100","헤어그린","파주시 새꽃로 208 (아동동)","031-943-6825","10%할인","헤어그린","파주시 새꽃로 208 (아동동)","031-943-6825","https://www.paju.go.kr/user/soldier/BD_discountStoreList.do?q_ctgCd=1004","True","True","참여 목록은 일치하나 개별 할인 조건 미기재","공식 참여업소 일치 후보","미검토","아니오"
"101","성심모텔","파주시 아동로 4-3 (금촌동)","031-949-8644","10%할인","성심모텔","파주시 아동로 4-3 (금촌동)","031-949-8644","https://www.paju.go.kr/user/soldier/BD_discountStoreList.do?q_ctgCd=1002","True","True","참여 목록은 일치하나 개별 할인 조건 미기재","공식 참여업소 일치 후보","미검토","아니오"
"102","테마모텔","파주시 중앙로 272 (금촌동)","031-944-5986","10%할인","테마모텔","파주시 중앙로 272 (금촌동)","031-944-5986","https://www.paju.go.kr/user/soldier/BD_discountStoreList.do?q_ctgCd=1002","True","True","참여 목록은 일치하나 개별 할인 조건 미기재","공식 참여업소 일치 후보","미검토","아니오"
"103","덕성원","파주시 명동길 43 (금촌동)","031-941-2226","음료수 제공 또는 5%할인","덕성원","파주시 명동길 43 (금촌동)","031-941-2226","https://www.paju.go.kr/user/soldier/BD_discountStoreList.do?q_ctgCd=1001","True","True","참여 목록은 일치하나 개별 할인 조건 미기재","공식 참여업소 일치 후보","미검토","아니오"
"104","미몽 파주금촌점","파주시 동산8길 39 (금촌동)","031-937-8212","10%할인","미몽 파주금촌점","파주시 동산8길 39 (금촌동)","031-937-8212","https://www.paju.go.kr/user/soldier/BD_discountStoreList.do?q_ctgCd=1001","True","True","참여 목록은 일치하나 개별 할인 조건 미기재","공식 참여업소 일치 후보","미검토","아니오"
"105","바삭옛날통닭","파주시 새꽃로 25 (금촌동) 103호","031-942-9949","10% 이상 할인 또는 그에 상응하는 서비스(업소별 상세는 사전 확인)","바삭옛날통닭","파주시 새꽃로 25 (금촌동) 103호","031-942-9949","https://www.paju.go.kr/user/soldier/BD_discountStoreList.do?q_ctgCd=1001","True","True","참여 목록은 일치하나 개별 할인 조건 미기재","공식 참여업소 일치 후보","미검토","아니오"
"106","소담촌","파주시 후곡로 19 (금촌동) 3층 전부","031-944-8698","음료수 제공","소담촌","파주시 후곡로 19 (금촌동) 3층 전부","031-944-8698","https://www.paju.go.kr/user/soldier/BD_discountStoreList.do?q_ctgCd=1001","True","True","참여 목록은 일치하나 개별 할인 조건 미기재","공식 참여업소 일치 후보","미검토","아니오"
"107","여명 양평해장국","파주시 번영로 36 (금촌동)","031-946-8001","10%할인","여명 양평해장국","파주시 번영로 36 (금촌동)","031-946-8001","https://www.paju.go.kr/user/soldier/BD_discountStoreList.do?q_ctgCd=1001","True","True","참여 목록은 일치하나 개별 할인 조건 미기재","공식 참여업소 일치 후보","미검토","아니오"
"108","왔다삼겹살","파주시 원앙길 26 (금촌동)","031-944-9254","음료수 제공","왔다삼겹살","파주시 원앙길 26 (금촌동)","031-944-9254","https://www.paju.go.kr/user/soldier/BD_discountStoreList.do?q_ctgCd=1001","True","True","참여 목록은 일치하나 개별 할인 조건 미기재","공식 참여업소 일치 후보","미검토","아니오"
"109","이승옥 냉 돈돼지","파주시 평화로 8 (금촌동)","","10%할인","이승옥 냉 돈돼지","파주시 평화로 8 (금촌동)","-","https://www.paju.go.kr/user/soldier/BD_discountStoreList.do?q_ctgCd=1001","True","False","참여 목록은 일치하나 개별 할인 조건 미기재","상세정보 재확인 필요","미검토","아니오"
"110","중국성","파주시 아동로 13 (금촌동)","031-946-7983","1000원 할인","중국성","파주시 아동로 13 (금촌동)","031-946-7983","https://www.paju.go.kr/user/soldier/BD_discountStoreList.do?q_ctgCd=1001","True","True","참여 목록은 일치하나 개별 할인 조건 미기재","공식 참여업소 일치 후보","미검토","아니오"
"111","커피에반하다(금촌역점)","파주시 새꽃로 200 (금촌동) 1층","031-945-4145","마카롱 제공","커피에반하다(금촌역점)","파주시 새꽃로 200 (금촌동) 1층","031-945-4145","https://www.paju.go.kr/user/soldier/BD_discountStoreList.do?q_ctgCd=1001","True","True","참여 목록은 일치하나 개별 할인 조건 미기재","공식 참여업소 일치 후보","미검토","아니오"
"112","미술관속 족발집","파주시 한마음1길 43 (금촌동) 2층","031-949-2345","10%할인","미술관속 족발집","파주시 한마음1길 43 (금촌동) 2층","031-949-2345","https://www.paju.go.kr/user/soldier/BD_discountStoreList.do?q_ctgCd=1001","True","True","참여 목록은 일치하나 개별 할인 조건 미기재","공식 참여업소 일치 후보","미검토","아니오"
"113","소스와 꼬꼬","파주시 한마음1길 40 (금촌동)","031-948-5527","5%할인","소스와 꼬꼬","파주시 한마음1길 40 (금촌동)","031-948-5527","https://www.paju.go.kr/user/soldier/BD_discountStoreList.do?q_ctgCd=1001","True","True","참여 목록은 일치하나 개별 할인 조건 미기재","공식 참여업소 일치 후보","미검토","아니오"
"114","할머니가래떡볶이(금촌점)","파주시 한마음1길 9 (금촌동) 광성프라자 105호","031-944-9920","음료수 제공","할머니가래떡볶이(금촌점)","파주시 한마음1길 9 (금촌동) 광성프라자 105호","031-944-9920","https://www.paju.go.kr/user/soldier/BD_discountStoreList.do?q_ctgCd=1001","True","True","참여 목록은 일치하나 개별 할인 조건 미기재","공식 참여업소 일치 후보","미검토","아니오"
"115","일품양평해장국 파주검산점","파주시 평화로 330 (검산동)","031-944-4866","10%할인","일품양평해장국 파주검산점","파주시 평화로 330 (검산동)","031-944-4866","https://www.paju.go.kr/user/soldier/BD_discountStoreList.do?q_ctgCd=1001","True","True","참여 목록은 일치하나 개별 할인 조건 미기재","공식 참여업소 일치 후보","미검토","아니오"
"116","파주새말육심","파주시 정담길 41 (아동동) 1층","031-946-8895","10% 이상 할인 또는 그에 상응하는 서비스(업소별 상세는 사전 확인)","파주새말육심","파주시 정담길 41 (아동동) 1층","031-946-8895","https://www.paju.go.kr/user/soldier/BD_discountStoreList.do?q_ctgCd=1001","True","True","참여 목록은 일치하나 개별 할인 조건 미기재","공식 참여업소 일치 후보","미검토","아니오"
"192","나포리미용실","파주시 문산읍 문향로56번길 19","031-952-3868","20%할인","나포리미용실","파주시 문산읍 문향로56번길 19","031-952-3868","https://www.paju.go.kr/user/soldier/BD_discountStoreList.do?q_ctgCd=1004","True","True","참여 목록은 일치하나 개별 할인 조건 미기재","공식 참여업소 일치 후보","미검토","아니오"
"193","라헬헤어","파주시 문산읍 문향로75번길 19-12 1층 일부","070-4006-0357","15%할인","라헬헤어","파주시 문산읍 문향로75번길 19-12 1층 일부","070-4006-0357","https://www.paju.go.kr/user/soldier/BD_discountStoreList.do?q_ctgCd=1004","True","True","참여 목록은 일치하나 개별 할인 조건 미기재","공식 참여업소 일치 후보","미검토","아니오"
"194","박준 뷰티랩","파주시 문산읍 방촌로 1719","031-954-0454","10%할인","박준 뷰티랩","파주시 문산읍 방촌로 1719","031-954-0454","https://www.paju.go.kr/user/soldier/BD_discountStoreList.do?q_ctgCd=1004","True","True","참여 목록은 일치하나 개별 할인 조건 미기재","공식 참여업소 일치 후보","미검토","아니오"
"195","샴푸의요정","파주시 문산읍 문향로 60-1","031-953-6639","10%할인","샴푸의요정","파주시 문산읍 문향로 60-1","031-953-6639","https://www.paju.go.kr/user/soldier/BD_discountStoreList.do?q_ctgCd=1004","True","True","참여 목록은 일치하나 개별 할인 조건 미기재","공식 참여업소 일치 후보","미검토","아니오"
"196","씨케이미용실(CK 헤어)","파주시 문산읍 당동2로 11-5","070-4240-1112","20%할인","씨케이미용실(CK 헤어)","파주시 문산읍 당동2로 11-5","070-4240-1112","https://www.paju.go.kr/user/soldier/BD_discountStoreList.do?q_ctgCd=1004","True","True","참여 목록은 일치하나 개별 할인 조건 미기재","공식 참여업소 일치 후보","미검토","아니오"
"197","에이바헤어 문산당동점","파주시 문산읍 방촌로 1719-62","031-954-0503","10%할인","에이바헤어 문산당동점","파주시 문산읍 방촌로 1719-62","031-954-0503","https://www.paju.go.kr/user/soldier/BD_discountStoreList.do?q_ctgCd=1004","True","True","참여 목록은 일치하나 개별 할인 조건 미기재","공식 참여업소 일치 후보","미검토","아니오"
"198","헤어갤러리","파주시 문산읍 문산로26번길 2","031-954-3060","20%할인","헤어갤러리","파주시 문산읍 문산로26번길 2","031-954-3060","https://www.paju.go.kr/user/soldier/BD_discountStoreList.do?q_ctgCd=1004","True","True","참여 목록은 일치하나 개별 할인 조건 미기재","공식 참여업소 일치 후보","미검토","아니오"
"199","M 모텔","파주시 문산읍 문향로 87-1","031-953-3263","10%할인","M 모텔","파주시 문산읍 문향로 87-1","031-953-3263","https://www.paju.go.kr/user/soldier/BD_discountStoreList.do?q_ctgCd=1002","True","True","참여 목록은 일치하나 개별 할인 조건 미기재","공식 참여업소 일치 후보","미검토","아니오"
"200","로얄모텔","파주시 문산읍 문향로49번길 20","031-953-6667","20%할인","로얄모텔","파주시 문산읍 문향로49번길 20","031-953-6667","https://www.paju.go.kr/user/soldier/BD_discountStoreList.do?q_ctgCd=1002","True","True","참여 목록은 일치하나 개별 할인 조건 미기재","공식 참여업소 일치 후보","미검토","아니오"
"201","모텔청화","파주시 문산읍 문향로 69-15","031-952-2626","25%할인","모텔청화","파주시 문산읍 문향로 69-15","031-952-2626","https://www.paju.go.kr/user/soldier/BD_discountStoreList.do?q_ctgCd=1002","True","True","참여 목록은 일치하나 개별 할인 조건 미기재","공식 참여업소 일치 후보","미검토","아니오"
"202","59쌀피자","파주시 문산읍 문향로68번길 8 1층","031-952-5909","음료수500ml 제공+주문 시 사이즈 업","59쌀피자","파주시 문산읍 문향로68번길 8 1층","031-952-5909","https://www.paju.go.kr/user/soldier/BD_discountStoreList.do?q_ctgCd=1001","True","True","참여 목록은 일치하나 개별 할인 조건 미기재","공식 참여업소 일치 후보","미검토","아니오"
"203","갈비도둑","파주시 문산읍 문향로39번길 8","031-952-9296","고기주문시 음료+공기밥+주류 서비스","갈비도둑","파주시 문산읍 문향로39번길 8","031-952-9296","https://www.paju.go.kr/user/soldier/BD_discountStoreList.do?q_ctgCd=1001","True","True","참여 목록은 일치하나 개별 할인 조건 미기재","공식 참여업소 일치 후보","미검토","아니오"
"204","누구나홀딱반한닭 문산당동점","파주시 문산읍 당동2로 11-5","031-942-7617","5~10%할인","누구나홀딱반한닭 문산당동점","파주시 문산읍 당동2로 11-5","031-942-7617","https://www.paju.go.kr/user/soldier/BD_discountStoreList.do?q_ctgCd=1001","True","True","참여 목록은 일치하나 개별 할인 조건 미기재","공식 참여업소 일치 후보","미검토","아니오"
"205","두근두근","파주시 문산읍 당동2로 11-1","031-953-3396","10%할인","두근두근","파주시 문산읍 당동2로 11-1","031-953-3396","https://www.paju.go.kr/user/soldier/BD_discountStoreList.do?q_ctgCd=1001","True","True","참여 목록은 일치하나 개별 할인 조건 미기재","공식 참여업소 일치 후보","미검토","아니오"
"206","또봉이통닭(문산점)","파주시 문산읍 봉미로 19","031-948-5511","음료수 제공","또봉이통닭(문산점)","파주시 문산읍 봉미로 19","031-948-5511","https://www.paju.go.kr/user/soldier/BD_discountStoreList.do?q_ctgCd=1001","True","True","참여 목록은 일치하나 개별 할인 조건 미기재","공식 참여업소 일치 후보","미검토","아니오"
"207","말랭이비빔국수","파주시 문산읍 방촌로 1463","031-952-2898","음료수 제공","말랭이비빔국수","파주시 문산읍 방촌로 1463","031-952-2898","https://www.paju.go.kr/user/soldier/BD_discountStoreList.do?q_ctgCd=1001","True","True","참여 목록은 일치하나 개별 할인 조건 미기재","공식 참여업소 일치 후보","미검토","아니오"
"208","바른생고기정육점 소풍정육식당","파주시 문산읍 문향로 12 1~2층","031-953-2140","테이블당 5000원 할인+계란찜+찌개 제공","바른생고기정육점 소풍정육식당","파주시 문산읍 문향로 12 1~2층","031-953-2140","https://www.paju.go.kr/user/soldier/BD_discountStoreList.do?q_ctgCd=1001","True","True","참여 목록은 일치하나 개별 할인 조건 미기재","공식 참여업소 일치 후보","미검토","아니오"
"209","박여사미락감자탕","파주시 문산읍 봉미로 9","031-954-1210","음료수제공(또는 라면사리+공기밥 제공)","박여사미락감자탕","파주시 문산읍 봉미로 9","031-954-1210","https://www.paju.go.kr/user/soldier/BD_discountStoreList.do?q_ctgCd=1001","True","True","참여 목록은 일치하나 개별 할인 조건 미기재","공식 참여업소 일치 후보","미검토","아니오"
"210","밥꼬 문산점","파주시 문산읍 문향로67번길 15 1층","031-953-2088","소주 무제한","밥꼬 문산점","파주시 문산읍 문향로67번길 15 1층","031-953-2088","https://www.paju.go.kr/user/soldier/BD_discountStoreList.do?q_ctgCd=1001","True","True","참여 목록은 일치하나 개별 할인 조건 미기재","공식 참여업소 일치 후보","미검토","아니오"
"211","별하(BYULHA)","파주시 문산읍 방촌로 1744 (파주힐스테이트1차) 에이상가동 지하1층 104호","","5%할인","별하(BYULHA)","파주시 문산읍 방촌로 1744 (파주힐스테이트1차) 에이상가동 지하1층 104호","-","https://www.paju.go.kr/user/soldier/BD_discountStoreList.do?q_ctgCd=1001","True","False","참여 목록은 일치하나 개별 할인 조건 미기재","상세정보 재확인 필요","미검토","아니오"
"212","북촌손만두 파주문산점","파주시 문산읍 우계로 424 1층 110호","031-953-5988","20000원 이상 2000원 할인+20000원 이하 1000원 할인","북촌손만두 파주문산점","파주시 문산읍 우계로 424 1층 110호","031-953-5988","https://www.paju.go.kr/user/soldier/BD_discountStoreList.do?q_ctgCd=1001","True","True","참여 목록은 일치하나 개별 할인 조건 미기재","공식 참여업소 일치 후보","미검토","아니오"
"213","삼겹살에 소주한잔","파주시 문산읍 문향로84번길 2 2층","031-953-0068","1인분당 1000원 할인","삼겹살에 소주한잔","파주시 문산읍 문향로84번길 2 2층","031-953-0068","https://www.paju.go.kr/user/soldier/BD_discountStoreList.do?q_ctgCd=1001","True","True","참여 목록은 일치하나 개별 할인 조건 미기재","공식 참여업소 일치 후보","미검토","아니오"
"214","삼산회관 파주문산점","파주시 문산읍 문향로 71","031-959-5609","10% 할인","삼산회관 파주문산점","파주시 문산읍 문향로 71","031-959-5609","https://www.paju.go.kr/user/soldier/BD_discountStoreList.do?q_ctgCd=1001","True","True","참여 목록은 일치하나 개별 할인 조건 미기재","공식 참여업소 일치 후보","미검토","아니오"
"215","상원각","파주시 문산읍 문향로 35","031-952-7303","5%할인","상원각","파주시 문산읍 문향로 35","031-952-7303","https://www.paju.go.kr/user/soldier/BD_discountStoreList.do?q_ctgCd=1001","True","True","참여 목록은 일치하나 개별 할인 조건 미기재","공식 참여업소 일치 후보","미검토","아니오"
"216","숯불에닭 문산점","파주시 문산읍 문산로40번길 41 상가 118호, 119호","031-953-3660","사이드 메뉴 서비스","숯불에닭 문산점","파주시 문산읍 문산로40번길 41 상가 118호, 119호","-","https://www.paju.go.kr/user/soldier/BD_discountStoreList.do?q_ctgCd=1001","True","False","참여 목록은 일치하나 개별 할인 조건 미기재","상세정보 재확인 필요","미검토","아니오"
"217","쑝쑝돈까스 문산점","파주시 문산읍 문향로67번길 10 1층","031-953-0339","공기밥 제공","쑝쑝돈까스 문산점","파주시 문산읍 문향로67번길 10 1층","031-953-0339","https://www.paju.go.kr/user/soldier/BD_discountStoreList.do?q_ctgCd=1001","True","True","참여 목록은 일치하나 개별 할인 조건 미기재","공식 참여업소 일치 후보","미검토","아니오"
"218","아리비스트로","파주시 문산읍 당동1로 53-5","0507-1390-5354","10% 할인","아리비스트로","파주시 문산읍 당동1로 53-5","0507-1390-5354","https://www.paju.go.kr/user/soldier/BD_discountStoreList.do?q_ctgCd=1001","True","True","참여 목록은 일치하나 개별 할인 조건 미기재","공식 참여업소 일치 후보","미검토","아니오"
"219","아서원","파주시 문산읍 문향로49번길 20","031-952-6635","음료수+공기밥 제공","아서원","파주시 문산읍 문향로49번길 20","031-952-6635","https://www.paju.go.kr/user/soldier/BD_discountStoreList.do?q_ctgCd=1001","True","True","참여 목록은 일치하나 개별 할인 조건 미기재","공식 참여업소 일치 후보","미검토","아니오"
"220","육해공떠오르는집","파주시 문산읍 문향로84번길 7-1","031-954-9200","10% 할인","육해공떠오르는집","파주시 문산읍 문향로84번길 7-1","031-954-9200","https://www.paju.go.kr/user/soldier/BD_discountStoreList.do?q_ctgCd=1001","True","True","참여 목록은 일치하나 개별 할인 조건 미기재","공식 참여업소 일치 후보","미검토","아니오"
"221","임진강나루","파주시 문산읍 반구정로 53-51","031-954-9898","10%할인","임진강나루","파주시 문산읍 반구정로 53-51","031-954-9898","https://www.paju.go.kr/user/soldier/BD_discountStoreList.do?q_ctgCd=1001","True","True","참여 목록은 일치하나 개별 할인 조건 미기재","공식 참여업소 일치 후보","미검토","아니오"
"222","장단가든","파주시 문산읍 임진나루길 133-12","031-954-1559","5%할인","장단가든","파주시 문산읍 임진나루길 133-12","031-954-1559","https://www.paju.go.kr/user/soldier/BD_discountStoreList.do?q_ctgCd=1001","True","True","참여 목록은 일치하나 개별 할인 조건 미기재","공식 참여업소 일치 후보","미검토","아니오"
"223","장단콩전문점","파주시 문산읍 문향로 59 1층 일부","031-953-1953","10%할인","장단콩전문점","파주시 문산읍 문향로 59 1층 일부","031-953-1953","https://www.paju.go.kr/user/soldier/BD_discountStoreList.do?q_ctgCd=1001","True","True","참여 목록은 일치하나 개별 할인 조건 미기재","공식 참여업소 일치 후보","미검토","아니오"
"224","(주)반구정나루터집","파주시 문산읍 반구정로85번길 13","031-952-3472","10%할인","(주)반구정나루터집","파주시 문산읍 반구정로85번길 13","031-952-3472","https://www.paju.go.kr/user/soldier/BD_discountStoreList.do?q_ctgCd=1001","True","True","참여 목록은 일치하나 개별 할인 조건 미기재","공식 참여업소 일치 후보","미검토","아니오"
"225","천하곱창","파주시 문산읍 문향로 81","031-952-8188","10%할인","천하곱창","파주시 문산읍 문향로 81","031-952-8188","https://www.paju.go.kr/user/soldier/BD_discountStoreList.do?q_ctgCd=1001","True","True","참여 목록은 일치하나 개별 할인 조건 미기재","공식 참여업소 일치 후보","미검토","아니오"
"226","한성회관","파주시 문산읍 당동1로 44 1층","031-953-3392","3인 이상시 소주 3000원","한성회관","파주시 문산읍 당동1로 44 1층","031-953-3392","https://www.paju.go.kr/user/soldier/BD_discountStoreList.do?q_ctgCd=1001","True","True","참여 목록은 일치하나 개별 할인 조건 미기재","공식 참여업소 일치 후보","미검토","아니오"
"227","커피베이스","파주시 문산읍 독산로 48","031-954-0468","10%할인","커피베이스","파주시 문산읍 독산로 48","031-954-0468","https://www.paju.go.kr/user/soldier/BD_discountStoreList.do?q_ctgCd=1001","True","True","참여 목록은 일치하나 개별 할인 조건 미기재","공식 참여업소 일치 후보","미검토","아니오"
"228","한반도카페 플라츠(platz)907","파주시 문산읍 마정로 174 1층 일부","031-937-8218","커피류 10%할인","한반도카페 플라츠(platz)907","파주시 문산읍 마정로 174 1층 일부","031-937-8218","https://www.paju.go.kr/user/soldier/BD_discountStoreList.do?q_ctgCd=1001","True","True","참여 목록은 일치하나 개별 할인 조건 미기재","공식 참여업소 일치 후보","미검토","아니오"
"229","느낌헤어","파주시 법원읍 사임당로 851 1층","031-958-9972","10% 할인","느낌헤어","파주시 법원읍 사임당로 851 1층","031-958-9972","https://www.paju.go.kr/user/soldier/BD_discountStoreList.do?q_ctgCd=1004","True","True","참여 목록은 일치하나 개별 할인 조건 미기재","공식 참여업소 일치 후보","미검토","아니오"
"230","더벅머리","파주시 법원읍 사임당로 864 1층","","10% 할인","더벅머리","파주시 법원읍 사임당로 864 1층","-","https://www.paju.go.kr/user/soldier/BD_discountStoreList.do?q_ctgCd=1004","True","False","참여 목록은 일치하나 개별 할인 조건 미기재","상세정보 재확인 필요","미검토","아니오"
"231","미미미용실","파주시 법원읍 술이홀로 869 1층","031-958-2393","10% 할인","미미미용실","파주시 법원읍 술이홀로 869 1층","031-958-2393","https://www.paju.go.kr/user/soldier/BD_discountStoreList.do?q_ctgCd=1004","True","True","참여 목록은 일치하나 개별 할인 조건 미기재","공식 참여업소 일치 후보","미검토","아니오"
"232","백합미용실","파주시 법원읍 사임당로 815 1층","031-959-3722","10% 할인","백합미용실","파주시 법원읍 사임당로 815 1층","031-959-3722","https://www.paju.go.kr/user/soldier/BD_discountStoreList.do?q_ctgCd=1004","True","True","참여 목록은 일치하나 개별 할인 조건 미기재","공식 참여업소 일치 후보","미검토","아니오"
"233","솔리드헤어","파주시 법원읍 사임당로 832-2 1층","031-958-8294","10% 할인","솔리드헤어","파주시 법원읍 사임당로 832-2 1층","031-958-8294","https://www.paju.go.kr/user/soldier/BD_discountStoreList.do?q_ctgCd=1004","True","True","참여 목록은 일치하나 개별 할인 조건 미기재","공식 참여업소 일치 후보","미검토","아니오"
"234","신디헤어","파주시 법원읍 사임당로 850-2 1층","031-959-1414","10% 할인","신디헤어","파주시 법원읍 사임당로 850-2 1층","031-959-1414","https://www.paju.go.kr/user/soldier/BD_discountStoreList.do?q_ctgCd=1004","True","True","참여 목록은 일치하나 개별 할인 조건 미기재","공식 참여업소 일치 후보","미검토","아니오"
"235","엣지머리방","파주시 법원읍 사임당로 836-1 1층","031-959-9137","10% 할인","엣지머리방","파주시 법원읍 사임당로 836-1 1층","031-959-9137","https://www.paju.go.kr/user/soldier/BD_discountStoreList.do?q_ctgCd=1004","True","True","참여 목록은 일치하나 개별 할인 조건 미기재","공식 참여업소 일치 후보","미검토","아니오"
"236","이혜숙헤어","파주시 법원읍 사임당로 839 1층","","10% 할인","이혜숙헤어","파주시 법원읍 사임당로 839 1층","-","https://www.paju.go.kr/user/soldier/BD_discountStoreList.do?q_ctgCd=1004","True","False","참여 목록은 일치하나 개별 할인 조건 미기재","상세정보 재확인 필요","미검토","아니오"
"237","자유미용실","파주시 법원읍 사임당로 841-1 1층","031-958-5559","10% 할인","자유미용실","파주시 법원읍 사임당로 841-1 1층","031-958-5559","https://www.paju.go.kr/user/soldier/BD_discountStoreList.do?q_ctgCd=1004","True","True","참여 목록은 일치하나 개별 할인 조건 미기재","공식 참여업소 일치 후보","미검토","아니오"
"238","챠밍미용실","파주시 법원읍 사임당로857번길 6-1 1층","031-959-5341","10% 할인","챠밍미용실","파주시 법원읍 사임당로857번길 6-1 1층","031-959-5341","https://www.paju.go.kr/user/soldier/BD_discountStoreList.do?q_ctgCd=1004","True","True","참여 목록은 일치하나 개별 할인 조건 미기재","공식 참여업소 일치 후보","미검토","아니오"
"239","BBQ파주법원점","파주시 법원읍 사임당로 821-2 1층","031-958-5515","10%이상 서비스제공","BBQ파주법원점","파주시 법원읍 사임당로 821-2 1층","031-958-5515","https://www.paju.go.kr/user/soldier/BD_discountStoreList.do?q_ctgCd=1001","True","True","참여 목록은 일치하나 개별 할인 조건 미기재","공식 참여업소 일치 후보","미검토","아니오"
"240","김밥나라","파주시 법원읍 사임당로 839","031-959-0526","음료수 제공 또는 공기밥 무료","김밥나라","파주시 법원읍 사임당로 839","031-959-0526","https://www.paju.go.kr/user/soldier/BD_discountStoreList.do?q_ctgCd=1001","True","True","참여 목록은 일치하나 개별 할인 조건 미기재","공식 참여업소 일치 후보","미검토","아니오"
"241","네네치킨","파주시 법원읍 사임당로 791","031-959-1017","음료수 또는 치즈볼 제공","네네치킨","파주시 법원읍 사임당로 791","031-959-1017","https://www.paju.go.kr/user/soldier/BD_discountStoreList.do?q_ctgCd=1001","True","True","참여 목록은 일치하나 개별 할인 조건 미기재","공식 참여업소 일치 후보","미검토","아니오"
"242","능심","파주시 법원읍 애룡길 168 1층","0507-1393-8253","10% 할인","능심","파주시 법원읍 애룡길 168 1층","0507-1393-8253","https://www.paju.go.kr/user/soldier/BD_discountStoreList.do?q_ctgCd=1001","True","True","참여 목록은 일치하나 개별 할인 조건 미기재","공식 참여업소 일치 후보","미검토","아니오"
"243","대가감자탕","파주시 법원읍 술이홀로 873 1층","031-959-9285","음료수 제공","대가감자탕","파주시 법원읍 술이홀로 873 1층","031-959-9285","https://www.paju.go.kr/user/soldier/BD_discountStoreList.do?q_ctgCd=1001","True","True","참여 목록은 일치하나 개별 할인 조건 미기재","공식 참여업소 일치 후보","미검토","아니오"
"244","대덕가든","파주시 법원읍 애룡길 175 1층","031-959-7788","10% 할인","대덕가든","파주시 법원읍 애룡길 175 1층","031-959-7788","https://www.paju.go.kr/user/soldier/BD_discountStoreList.do?q_ctgCd=1001","True","True","참여 목록은 일치하나 개별 할인 조건 미기재","공식 참여업소 일치 후보","미검토","아니오"
"245","로얄치킨/곱창매니아","파주시 법원읍 술이홀로 890-3","031-958-4214","음료수 제공 또는 10%할인","로얄치킨/곱창매니아","파주시 법원읍 술이홀로 890-3","031-958-4214","https://www.paju.go.kr/user/soldier/BD_discountStoreList.do?q_ctgCd=1001","True","True","참여 목록은 일치하나 개별 할인 조건 미기재","공식 참여업소 일치 후보","미검토","아니오"
"246","무진장순대국","파주시 법원읍 사임당로 816","031-958-8446","음료수 제공","무진장순대국","파주시 법원읍 사임당로 816","031-958-8446","https://www.paju.go.kr/user/soldier/BD_discountStoreList.do?q_ctgCd=1001","True","True","참여 목록은 일치하나 개별 할인 조건 미기재","공식 참여업소 일치 후보","미검토","아니오"
"247","바다수퍼 해물천하 조개구이.찜","파주시 법원읍 사임당로 820","031-958-5277","음료수 제공","바다수퍼 해물천하 조개구이.찜","파주시 법원읍 사임당로 820","031-958-5277","https://www.paju.go.kr/user/soldier/BD_discountStoreList.do?q_ctgCd=1001","True","True","참여 목록은 일치하나 개별 할인 조건 미기재","공식 참여업소 일치 후보","미검토","아니오"
"248","버섯집 초리골","파주시 법원읍 초리골길 12","031-958-6200","공기밥 제공","버섯집 초리골","파주시 법원읍 초리골길 12","031-958-6200","https://www.paju.go.kr/user/soldier/BD_discountStoreList.do?q_ctgCd=1001","True","True","참여 목록은 일치하나 개별 할인 조건 미기재","공식 참여업소 일치 후보","미검토","아니오"
"249","솥뚜껑삼겹살","파주시 법원읍 사임당로 814","031-958-1971","10% 이상 할인 또는 그에 상응하는 서비스(업소별 상세는 사전 확인)","솥뚜껑삼겹살","파주시 법원읍 사임당로 814","031-958-1971","https://www.paju.go.kr/user/soldier/BD_discountStoreList.do?q_ctgCd=1001","True","True","참여 목록은 일치하나 개별 할인 조건 미기재","공식 참여업소 일치 후보","미검토","아니오"
"250","숙성사돈 파주 법원리 본점","파주시 법원읍 술이홀로 888-2 1층","031-958-1253","음료수 제공+10%할인","숙성사돈 파주 법원리 본점","파주시 법원읍 술이홀로 888-2 1층","031-958-1253","https://www.paju.go.kr/user/soldier/BD_discountStoreList.do?q_ctgCd=1001","True","True","참여 목록은 일치하나 개별 할인 조건 미기재","공식 참여업소 일치 후보","미검토","아니오"
"251","신양꼬치&마라탕","파주시 법원읍 술이홀로 868-2 1층","0507-1306-0792","10% 할인","신양꼬치&마라탕","파주시 법원읍 술이홀로 868-2 1층","0507-1306-0792","https://www.paju.go.kr/user/soldier/BD_discountStoreList.do?q_ctgCd=1001","True","True","참여 목록은 일치하나 개별 할인 조건 미기재","공식 참여업소 일치 후보","미검토","아니오"
"252","오태식해바라기치킨","파주시 법원읍 사임당로 844","031-958-1180","5%할인","오태식해바라기치킨","파주시 법원읍 사임당로 844","031-958-1180","https://www.paju.go.kr/user/soldier/BD_discountStoreList.do?q_ctgCd=1001","True","True","참여 목록은 일치하나 개별 할인 조건 미기재","공식 참여업소 일치 후보","미검토","아니오"
"253","왕가네","파주시 법원읍 법원로 20","070-4084-2788","음료수 제공 또는 10%할인","왕가네","파주시 법원읍 법원로 20","070-4084-2788","https://www.paju.go.kr/user/soldier/BD_discountStoreList.do?q_ctgCd=1001","True","True","참여 목록은 일치하나 개별 할인 조건 미기재","공식 참여업소 일치 후보","미검토","아니오"
"254","장단콩콩사임당두부 3호점","파주시 법원읍 애룡길 179-6 1층","","10% 할인","장단콩콩사임당두부 3호점","파주시 법원읍 애룡길 179-6 1층","-","https://www.paju.go.kr/user/soldier/BD_discountStoreList.do?q_ctgCd=1001","True","False","참여 목록은 일치하나 개별 할인 조건 미기재","상세정보 재확인 필요","미검토","아니오"
"255","종단 아구찜","파주시 법원읍 법원로 21 가동","031-959-2333","공기밥 또는 음료수 제공","종단 아구찜","파주시 법원읍 법원로 21 가동","031-959-2333","https://www.paju.go.kr/user/soldier/BD_discountStoreList.do?q_ctgCd=1001","True","True","참여 목록은 일치하나 개별 할인 조건 미기재","공식 참여업소 일치 후보","미검토","아니오"
"256","(주)함지박","파주시 법원읍 사임당로 800-8","031-958-9295","음료수 제공","(주)함지박","파주시 법원읍 사임당로 800-8","031-958-9295","https://www.paju.go.kr/user/soldier/BD_discountStoreList.do?q_ctgCd=1001","True","True","참여 목록은 일치하나 개별 할인 조건 미기재","공식 참여업소 일치 후보","미검토","아니오"
"257","차향만당","파주시 법원읍 초리골길 70","031-958-3320","10%할인","차향만당","파주시 법원읍 초리골길 70","031-958-3320","https://www.paju.go.kr/user/soldier/BD_discountStoreList.do?q_ctgCd=1001","True","True","참여 목록은 일치하나 개별 할인 조건 미기재","공식 참여업소 일치 후보","미검토","아니오"
"258","초리연","파주시 법원읍 초리골길 357-18","031-959-2179","10~15%할인","초리연","파주시 법원읍 초리골길 357-18","031-959-2179","https://www.paju.go.kr/user/soldier/BD_discountStoreList.do?q_ctgCd=1001","True","True","참여 목록은 일치하나 개별 할인 조건 미기재","공식 참여업소 일치 후보","미검토","아니오"
"259","콩마루 사임당두부","파주시 법원읍 사임당로 808-1 1층","031-935-0609","10%이상 서비스제공","콩마루 사임당두부","파주시 법원읍 사임당로 808-1 1층","031-935-0609","https://www.paju.go.kr/user/soldier/BD_discountStoreList.do?q_ctgCd=1001","True","True","참여 목록은 일치하나 개별 할인 조건 미기재","공식 참여업소 일치 후보","미검토","아니오"
"260","통일식당","파주시 법원읍 사임당로 842","031-958-5353","10%할인","통일식당","파주시 법원읍 사임당로 842","031-958-5353","https://www.paju.go.kr/user/soldier/BD_discountStoreList.do?q_ctgCd=1001","True","True","참여 목록은 일치하나 개별 할인 조건 미기재","공식 참여업소 일치 후보","미검토","아니오"
"261","훌랄라","파주시 법원읍 사임당로 820 1층","031-959-1182","10% 할인","훌랄라","파주시 법원읍 사임당로 820 1층","031-959-1182","https://www.paju.go.kr/user/soldier/BD_discountStoreList.do?q_ctgCd=1001","True","True","참여 목록은 일치하나 개별 할인 조건 미기재","공식 참여업소 일치 후보","미검토","아니오"
"262","7042 카페","파주시 법원읍 사임당로770번길 27 1층","","10% 할인","7042 카페","파주시 법원읍 사임당로770번길 27 1층","-","https://www.paju.go.kr/user/soldier/BD_discountStoreList.do?q_ctgCd=1001","True","False","참여 목록은 일치하나 개별 할인 조건 미기재","상세정보 재확인 필요","미검토","아니오"
"263","초리골 제빵소","파주시 법원읍 초리골길 77","031-958-9522","20%할인","초리골 제빵소","파주시 법원읍 초리골길 77","031-958-9522","https://www.paju.go.kr/user/soldier/BD_discountStoreList.do?q_ctgCd=1001","True","True","참여 목록은 일치하나 개별 할인 조건 미기재","공식 참여업소 일치 후보","미검토","아니오"
"264","커피먹고가세","파주시 법원읍 애룡길 179-11 1층","","10% 할인","커피먹고가세","파주시 법원읍 애룡길 179-11 1층","-","https://www.paju.go.kr/user/soldier/BD_discountStoreList.do?q_ctgCd=1001","True","False","참여 목록은 일치하나 개별 할인 조건 미기재","상세정보 재확인 필요","미검토","아니오"
"265","테라스커피(애룡커피테라스)","파주시 법원읍 애룡길 179 1층","0507-1396-3680","10% 할인","테라스커피(애룡커피테라스)","파주시 법원읍 애룡길 179 1층","0507-1396-3680","https://www.paju.go.kr/user/soldier/BD_discountStoreList.do?q_ctgCd=1001","True","True","참여 목록은 일치하나 개별 할인 조건 미기재","공식 참여업소 일치 후보","미검토","아니오"
"374","비비큐 파주운정스타필드점","파주시 경의로1240번길 14-11 (와동동)","0507-1478-5077","10% 할인","비비큐 파주운정스타필드점","파주시 경의로1240번길 14-11 (와동동)","0507-1478-5077","https://www.paju.go.kr/user/soldier/BD_discountStoreList.do?q_ctgCd=1001","True","True","참여 목록은 일치하나 개별 할인 조건 미기재","공식 참여업소 일치 후보","미검토","아니오"
"375","삼산회관 파주운정가람마을점","파주시 가람로51번길 16-30 (와동동) 102호","","10% 할인","삼산회관 파주운정가람마을점","파주시 가람로51번길 16-30 (와동동) 102호","-","https://www.paju.go.kr/user/soldier/BD_discountStoreList.do?q_ctgCd=1001","True","False","참여 목록은 일치하나 개별 할인 조건 미기재","상세정보 재확인 필요","미검토","아니오"
"376","육심외할머니가든","파주시 경의로1240번길 14-11 (와동동) 204호","070-7710-9292","10% 이상 할인 또는 그에 상응하는 서비스(업소별 상세는 사전 확인)","육심외할머니가든","파주시 경의로1240번길 14-11 (와동동) 204호","070-7710-9292","https://www.paju.go.kr/user/soldier/BD_discountStoreList.do?q_ctgCd=1001","True","True","참여 목록은 일치하나 개별 할인 조건 미기재","공식 참여업소 일치 후보","미검토","아니오"
"377","촉촉베이커리 앤 카페","파주시 가람로21번길 47 (와동동) 1층 일부","031-913-0110","10%할인","촉촉베이커리 앤 카페","파주시 가람로21번길 47 (와동동) 1층 일부","031-913-0110","https://www.paju.go.kr/user/soldier/BD_discountStoreList.do?q_ctgCd=1001","True","True","참여 목록은 일치하나 개별 할인 조건 미기재","공식 참여업소 일치 후보","미검토","아니오"
"378","밥꼬 운정점","파주시 산내로104번길 21-3 (목동동) 1층","031-946-0096","소주 무료","밥꼬 운정점","파주시 산내로104번길 21-3 (목동동) 1층","031-946-0096","https://www.paju.go.kr/user/soldier/BD_discountStoreList.do?q_ctgCd=1001","True","True","참여 목록은 일치하나 개별 할인 조건 미기재","공식 참여업소 일치 후보","미검토","아니오"
"379","해녀밥상","파주시 청암로17번길 25 (목동동) 204호","070-8987-8899","10%할인","해녀밥상","파주시 청암로17번길 25 (목동동) 204호","070-8987-8899","https://www.paju.go.kr/user/soldier/BD_discountStoreList.do?q_ctgCd=1001","True","True","참여 목록은 일치하나 개별 할인 조건 미기재","공식 참여업소 일치 후보","미검토","아니오"
"380","또오리","파주시 경의로 999-1 (야당동)","031-942-5295","10%할인","또오리","파주시 경의로 999-1 (야당동)","031-942-5295","https://www.paju.go.kr/user/soldier/BD_discountStoreList.do?q_ctgCd=1001","True","True","참여 목록은 일치하나 개별 할인 조건 미기재","공식 참여업소 일치 후보","미검토","아니오"
"381","삼산회관 파주야당점","파주시 경의로 1030 (야당동) 1층 107호","031-943-6265","메인메뉴 10% 할인","삼산회관 파주야당점","파주시 경의로 1030 (야당동) 1층 107호","031-943-6265","https://www.paju.go.kr/user/soldier/BD_discountStoreList.do?q_ctgCd=1001","True","True","참여 목록은 일치하나 개별 할인 조건 미기재","공식 참여업소 일치 후보","미검토","아니오"
"382","숙성사돈 운정역점","파주시 경의로1240번길 15 (와동동) 유은타워9차 101, 102호","031-941-1254","테이블당 음료제공+5%할인","숙성사돈 운정역점","파주시 경의로1240번길 15 (와동동) 유은타워9차 101, 102호","031-941-1254","https://www.paju.go.kr/user/soldier/BD_discountStoreList.do?q_ctgCd=1001","True","True","참여 목록은 일치하나 개별 할인 조건 미기재","공식 참여업소 일치 후보","미검토","아니오"
"383","양복점 파주야당점","파주시 소리천로8번길 36 (야당동) 106~107호","0507-1378-2394","10% 할인","양복점 파주야당점","파주시 소리천로8번길 36 (야당동) 106~107호","0507-1378-2394","https://www.paju.go.kr/user/soldier/BD_discountStoreList.do?q_ctgCd=1001","True","True","참여 목록은 일치하나 개별 할인 조건 미기재","공식 참여업소 일치 후보","미검토","아니오"
"384","브런치빈 파주점","파주시 경의로 1090 (야당동) 802,803호","031-949-0803","사이드 메뉴 제공","브런치빈 파주점","파주시 경의로 1090 (야당동) 802,803호","031-949-0803","https://www.paju.go.kr/user/soldier/BD_discountStoreList.do?q_ctgCd=1001","True","True","참여 목록은 일치하나 개별 할인 조건 미기재","공식 참여업소 일치 후보","미검토","아니오"
"385","말랭이국수","파주시 월롱면 통일로 725 1층 일부","031-945-7772","음료수 제공","말랭이국수","파주시 월롱면 통일로 725 1층 일부","031-945-7772","https://www.paju.go.kr/user/soldier/BD_discountStoreList.do?q_ctgCd=1001","True","True","참여 목록은 일치하나 개별 할인 조건 미기재","공식 참여업소 일치 후보","미검토","아니오"
"391","예원헤어크레앙스","파주시 적성면 솥뒤로 16","031-959-8877","10%할인","예원헤어크레앙스","파주시 적성면 솥뒤로 16","031-959-8877","https://www.paju.go.kr/user/soldier/BD_discountStoreList.do?q_ctgCd=1004","True","True","참여 목록은 일치하나 개별 할인 조건 미기재","공식 참여업소 일치 후보","미검토","아니오"
"392","승원장","파주시 적성면 칠중5길 8","031-959-4347","10%할인","승원장","파주시 적성면 칠중5길 8","031-959-4347","https://www.paju.go.kr/user/soldier/BD_discountStoreList.do?q_ctgCd=1002","True","True","참여 목록은 일치하나 개별 할인 조건 미기재","공식 참여업소 일치 후보","미검토","아니오"
"393","감악산한우마을구이식당","파주시 적성면 솥뒤로 38-1","031-959-4992","카드 5%할인+현금 10%할인","감악산한우마을구이식당","파주시 적성면 솥뒤로 38-1","031-959-4992","https://www.paju.go.kr/user/soldier/BD_discountStoreList.do?q_ctgCd=1001","True","True","참여 목록은 일치하나 개별 할인 조건 미기재","공식 참여업소 일치 후보","미검토","아니오"
"394","그때그집","파주시 적성면 솥뒤로 15","031-958-8246","5%할인","그때그집","파주시 적성면 솥뒤로 15","031-958-8246","https://www.paju.go.kr/user/soldier/BD_discountStoreList.do?q_ctgCd=1001","True","True","참여 목록은 일치하나 개별 할인 조건 미기재","공식 참여업소 일치 후보","미검토","아니오"
"395","능이백숙오리닭칼국수","파주시 적성면 칠중2길 144","031-959-3487","찰밥 또는 국수 제공","능이백숙오리닭칼국수","파주시 적성면 칠중2길 144","031-959-3487","https://www.paju.go.kr/user/soldier/BD_discountStoreList.do?q_ctgCd=1001","True","True","참여 목록은 일치하나 개별 할인 조건 미기재","공식 참여업소 일치 후보","미검토","아니오"
"396","두지리강촌매운탕","파주시 적성면 술이홀로2316번길 31","031-959-3858","5%할인","두지리강촌매운탕","파주시 적성면 술이홀로2316번길 31","031-959-3858","https://www.paju.go.kr/user/soldier/BD_discountStoreList.do?q_ctgCd=1001","True","True","참여 목록은 일치하나 개별 할인 조건 미기재","공식 참여업소 일치 후보","미검토","아니오"
"397","두지리별장매운탕","파주시 적성면 술이홀로2316번길 18","031-959-3865","5~10%할인","두지리별장매운탕","파주시 적성면 술이홀로2316번길 18","031-959-3865","https://www.paju.go.kr/user/soldier/BD_discountStoreList.do?q_ctgCd=1001","True","True","참여 목록은 일치하나 개별 할인 조건 미기재","공식 참여업소 일치 후보","미검토","아니오"
"398","명랑핫도그 적성점","파주시 적성면 청송로 1022 1층","031-958-5558","10%할인","명랑핫도그 적성점","파주시 적성면 청송로 1022 1층","031-958-5558","https://www.paju.go.kr/user/soldier/BD_discountStoreList.do?q_ctgCd=1001","True","True","참여 목록은 일치하나 개별 할인 조건 미기재","공식 참여업소 일치 후보","미검토","아니오"
"399","산아래","파주시 적성면 감악산로1241번길 56","031-959-0818","음료수 제공","산아래","파주시 적성면 감악산로1241번길 56","031-959-0818","https://www.paju.go.kr/user/soldier/BD_discountStoreList.do?q_ctgCd=1001","True","True","참여 목록은 일치하나 개별 할인 조건 미기재","공식 참여업소 일치 후보","미검토","아니오"
"400","용화반점","파주시 적성면 솥뒤로 28 1층","031-959-4055","배달 시 음료수+만두 제공","용화반점","파주시 적성면 솥뒤로 28 1층","031-959-4055","https://www.paju.go.kr/user/soldier/BD_discountStoreList.do?q_ctgCd=1001","True","True","참여 목록은 일치하나 개별 할인 조건 미기재","공식 참여업소 일치 후보","미검토","아니오"
"401","원조두지리매운탕 1호점","파주시 적성면 술이홀로2316번길 45","031-959-5377","10%할인","원조두지리매운탕 1호점","파주시 적성면 술이홀로2316번길 45","031-959-5377","https://www.paju.go.kr/user/soldier/BD_discountStoreList.do?q_ctgCd=1001","True","True","참여 목록은 일치하나 개별 할인 조건 미기재","공식 참여업소 일치 후보","미검토","아니오"
"402","유진참치","파주시 적성면 감악산로 1226","031-959-3309","음료수 제공","유진참치","파주시 적성면 감악산로 1226","031-959-3309","https://www.paju.go.kr/user/soldier/BD_discountStoreList.do?q_ctgCd=1001","True","True","참여 목록은 일치하나 개별 할인 조건 미기재","공식 참여업소 일치 후보","미검토","아니오"
"403","임진강매운탕","파주시 적성면 술이홀로2316번길 39","031-959-3859","5%할인","임진강매운탕","파주시 적성면 술이홀로2316번길 39","031-959-3859","https://www.paju.go.kr/user/soldier/BD_discountStoreList.do?q_ctgCd=1001","True","True","참여 목록은 일치하나 개별 할인 조건 미기재","공식 참여업소 일치 후보","미검토","아니오"
"404","임진강 인천식당 한우마을","파주시 적성면 솥뒤로37번길 4","031-959-3665","공기밥+음료수 제공","임진강 인천식당 한우마을","파주시 적성면 솥뒤로37번길 4","031-959-3665","https://www.paju.go.kr/user/soldier/BD_discountStoreList.do?q_ctgCd=1001","True","True","참여 목록은 일치하나 개별 할인 조건 미기재","공식 참여업소 일치 후보","미검토","아니오"
"405","장단콩퇴골두부","파주시 적성면 칠중3길 145","031-959-4023","5~10%할인","장단콩퇴골두부","파주시 적성면 칠중3길 145","031-959-4023","https://www.paju.go.kr/user/soldier/BD_discountStoreList.do?q_ctgCd=1001","True","True","참여 목록은 일치하나 개별 할인 조건 미기재","공식 참여업소 일치 후보","미검토","아니오"
"406","장수인삼족발보쌈","파주시 적성면 칠중3길 15 1층","031-958-4091","5%할인","장수인삼족발보쌈","파주시 적성면 칠중3길 15 1층","031-958-4091","https://www.paju.go.kr/user/soldier/BD_discountStoreList.do?q_ctgCd=1001","True","True","참여 목록은 일치하나 개별 할인 조건 미기재","공식 참여업소 일치 후보","미검토","아니오"
"407","짱미엔","파주시 적성면 솥뒤로 14-1","031-958-2670","음료수+군만두 제공+곱빼기","짱미엔","파주시 적성면 솥뒤로 14-1","031-958-2670","https://www.paju.go.kr/user/soldier/BD_discountStoreList.do?q_ctgCd=1001","True","True","참여 목록은 일치하나 개별 할인 조건 미기재","공식 참여업소 일치 후보","미검토","아니오"
"408","탕수육","파주시 적성면 청송로 1061 1층","031-959-3569","곱빼기(2000원 할인) 또는 음료수 제공","탕수육","파주시 적성면 청송로 1061 1층","031-959-3569","https://www.paju.go.kr/user/soldier/BD_discountStoreList.do?q_ctgCd=1001","True","True","참여 목록은 일치하나 개별 할인 조건 미기재","공식 참여업소 일치 후보","미검토","아니오"
"409","파주연천축협 정육식당","파주시 적성면 솥뒤로 32-2","031-958-6898","음료수 제공+20%할인","파주연천축협 정육식당","파주시 적성면 솥뒤로 32-2","031-958-6898","https://www.paju.go.kr/user/soldier/BD_discountStoreList.do?q_ctgCd=1001","True","True","참여 목록은 일치하나 개별 할인 조건 미기재","공식 참여업소 일치 후보","미검토","아니오"
"410","현대식당","파주시 적성면 청송로 1039","031-959-3953","음료수 제공","현대식당","파주시 적성면 청송로 1039","031-959-3953","https://www.paju.go.kr/user/soldier/BD_discountStoreList.do?q_ctgCd=1001","True","True","참여 목록은 일치하나 개별 할인 조건 미기재","공식 참여업소 일치 후보","미검토","아니오"
"411","화정족발 적성점","파주시 적성면 청송로 1027","031-958-1127","음료수 제공","화정족발 적성점","파주시 적성면 청송로 1027","031-958-1127","https://www.paju.go.kr/user/soldier/BD_discountStoreList.do?q_ctgCd=1001","True","True","참여 목록은 일치하나 개별 할인 조건 미기재","공식 참여업소 일치 후보","미검토","아니오"
"412","애플트리","파주시 적성면 국사로 293","","10%할인","애플트리","파주시 적성면 국사로 293","-","https://www.paju.go.kr/user/soldier/BD_discountStoreList.do?q_ctgCd=1001","True","False","참여 목록은 일치하나 개별 할인 조건 미기재","상세정보 재확인 필요","미검토","아니오"
"413","상원포크","파주시 조리읍 봉천로 63","031-949-5100","10%할인","상원포크","파주시 조리읍 봉천로 63","031-949-5100","https://www.paju.go.kr/user/soldier/BD_discountStoreList.do?q_ctgCd=1001","True","True","참여 목록은 일치하나 개별 할인 조건 미기재","공식 참여업소 일치 후보","미검토","아니오"
"414","샤브올데이 파주봉일천점","파주시 조리읍 통일로 292 1층","031-942-0310","10%할인","샤브올데이 파주봉일천점","파주시 조리읍 통일로 292 1층","031-942-0310","https://www.paju.go.kr/user/soldier/BD_discountStoreList.do?q_ctgCd=1001","True","True","참여 목록은 일치하나 개별 할인 조건 미기재","공식 참여업소 일치 후보","미검토","아니오"
"415","굿타임","파주시 탄현면 새오리로161번길 53-34","031-942-6858","10%이상 할인(숙박요금 70000→60000원)","굿타임","파주시 탄현면 새오리로161번길 53-34","031-942-6858","https://www.paju.go.kr/user/soldier/BD_discountStoreList.do?q_ctgCd=1002","True","True","참여 목록은 일치하나 개별 할인 조건 미기재","공식 참여업소 일치 후보","미검토","아니오"
"416","벨리타","파주시 탄현면 새오리로161번길 53-28","031-942-5858","10%이상 할인(숙박요금 70000→60000원)","벨리타","파주시 탄현면 새오리로161번길 53-28","031-942-5858","https://www.paju.go.kr/user/soldier/BD_discountStoreList.do?q_ctgCd=1002","True","True","참여 목록은 일치하나 개별 할인 조건 미기재","공식 참여업소 일치 후보","미검토","아니오"
"417","파주풀빌라워라밸호스텔","파주시 탄현면 엘지로 709","","10%할인","파주풀빌라워라밸호스텔","파주시 탄현면 엘지로 709","-","https://www.paju.go.kr/user/soldier/BD_discountStoreList.do?q_ctgCd=1002","True","False","참여 목록은 일치하나 개별 할인 조건 미기재","상세정보 재확인 필요","미검토","아니오"
"418","피카소","파주시 탄현면 성동로 34","031-947-5512","20%할인","피카소","파주시 탄현면 성동로 34","031-947-5512","https://www.paju.go.kr/user/soldier/BD_discountStoreList.do?q_ctgCd=1002","True","True","참여 목록은 일치하나 개별 할인 조건 미기재","공식 참여업소 일치 후보","미검토","아니오"
"419","헤이리풀빌라워라밸호스텔","파주시 탄현면 샘철길 38-12","031-949-7602","10%할인","헤이리풀빌라워라밸호스텔","파주시 탄현면 샘철길 38-12","031-949-7602","https://www.paju.go.kr/user/soldier/BD_discountStoreList.do?q_ctgCd=1002","True","True","참여 목록은 일치하나 개별 할인 조건 미기재","공식 참여업소 일치 후보","미검토","아니오"
"420","호텔위즈","파주시 탄현면 성동로 20-45","031-949-9046","10%할인","호텔위즈","파주시 탄현면 성동로 20-45","031-949-9046","https://www.paju.go.kr/user/soldier/BD_discountStoreList.do?q_ctgCd=1002","True","True","참여 목록은 일치하나 개별 할인 조건 미기재","공식 참여업소 일치 후보","미검토","아니오"
"421","DMZ장단콩두부마을","파주시 탄현면 평화로 902","031-957-9820","10%할인","DMZ장단콩두부마을","파주시 탄현면 평화로 902","031-957-9820","https://www.paju.go.kr/user/soldier/BD_discountStoreList.do?q_ctgCd=1001","True","True","참여 목록은 일치하나 개별 할인 조건 미기재","공식 참여업소 일치 후보","미검토","아니오"
"422","더위즈(The WIZ)","파주시 탄현면 성동로 20-45","031-944-7779","20~30%할인","더위즈(The WIZ)","파주시 탄현면 성동로 20-45","031-944-7779","https://www.paju.go.kr/user/soldier/BD_discountStoreList.do?q_ctgCd=1001","True","True","참여 목록은 일치하나 개별 할인 조건 미기재","공식 참여업소 일치 후보","미검토","아니오"
"423","물고기자리","파주시 탄현면 헤이리마을길 48-48","031-941-2695","10% 할인","물고기자리","파주시 탄현면 헤이리마을길 48-48","031-941-2695","https://www.paju.go.kr/user/soldier/BD_discountStoreList.do?q_ctgCd=1001","True","True","참여 목록은 일치하나 개별 할인 조건 미기재","공식 참여업소 일치 후보","미검토","아니오"
"424","베로키오","파주시 탄현면 새오리로 74","031-945-3071","10%할인","베로키오","파주시 탄현면 새오리로 74","031-945-3071","https://www.paju.go.kr/user/soldier/BD_discountStoreList.do?q_ctgCd=1001","True","True","참여 목록은 일치하나 개별 할인 조건 미기재","공식 참여업소 일치 후보","미검토","아니오"
"425","복드림한우고기","파주시 탄현면 새오리로 48","031-944-8060","5%할인","복드림한우고기","파주시 탄현면 새오리로 48","031-944-8060","https://www.paju.go.kr/user/soldier/BD_discountStoreList.do?q_ctgCd=1001","True","True","참여 목록은 일치하나 개별 할인 조건 미기재","공식 참여업소 일치 후보","미검토","아니오"
"426","어화둥둥","파주시 탄현면 새오리로 113-46","031-945-1128","10%할인","어화둥둥","파주시 탄현면 새오리로 113-46","031-945-1128","https://www.paju.go.kr/user/soldier/BD_discountStoreList.do?q_ctgCd=1001","True","True","참여 목록은 일치하나 개별 할인 조건 미기재","공식 참여업소 일치 후보","미검토","아니오"
"427","옛날시골밥상","파주시 탄현면 새오리로 10","031-945-5957","음료수 제공","옛날시골밥상","파주시 탄현면 새오리로 10","031-945-5957","https://www.paju.go.kr/user/soldier/BD_discountStoreList.do?q_ctgCd=1001","True","True","참여 목록은 일치하나 개별 할인 조건 미기재","공식 참여업소 일치 후보","미검토","아니오"
"428","오두산막국수 통일로직영점","파주시 탄현면 성동로 17","031-945-3370","10%할인","오두산막국수 통일로직영점","파주시 탄현면 성동로 17","031-945-3370","https://www.paju.go.kr/user/soldier/BD_discountStoreList.do?q_ctgCd=1001","True","True","참여 목록은 일치하나 개별 할인 조건 미기재","공식 참여업소 일치 후보","미검토","아니오"
"429","용궁칼국수","파주시 탄현면 새오리로 59-52","031-948-5527","10%할인","용궁칼국수","파주시 탄현면 새오리로 59-52","031-948-5527","https://www.paju.go.kr/user/soldier/BD_discountStoreList.do?q_ctgCd=1001","True","True","참여 목록은 일치하나 개별 할인 조건 미기재","공식 참여업소 일치 후보","미검토","아니오"
"430","전라도갈치찜전문점","파주시 탄현면 매봉길 12","031-949-7771","3%할인","전라도갈치찜전문점","파주시 탄현면 매봉길 12","031-949-7771","https://www.paju.go.kr/user/soldier/BD_discountStoreList.do?q_ctgCd=1001","True","True","참여 목록은 일치하나 개별 할인 조건 미기재","공식 참여업소 일치 후보","미검토","아니오"
"431","전망대 누룽지 백숙","파주시 탄현면 새오리로 215-36","031-942-9696","5%할인","전망대 누룽지 백숙","파주시 탄현면 새오리로 215-36","031-942-9696","https://www.paju.go.kr/user/soldier/BD_discountStoreList.do?q_ctgCd=1001","True","True","참여 목록은 일치하나 개별 할인 조건 미기재","공식 참여업소 일치 후보","미검토","아니오"
"432","짹짹곳간","파주시 탄현면 새오리로339번길 79-48 2층","0507-1364-8187","10%할인","짹짹곳간","파주시 탄현면 새오리로339번길 79-48 2층","0507-1364-8187","https://www.paju.go.kr/user/soldier/BD_discountStoreList.do?q_ctgCd=1001","True","True","참여 목록은 일치하나 개별 할인 조건 미기재","공식 참여업소 일치 후보","미검토","아니오"
"433","청송마루","파주시 탄현면 방촌로 1071","031-949-6143","10%할인","청송마루","파주시 탄현면 방촌로 1071","031-949-6143","https://www.paju.go.kr/user/soldier/BD_discountStoreList.do?q_ctgCd=1001","True","True","참여 목록은 일치하나 개별 할인 조건 미기재","공식 참여업소 일치 후보","미검토","아니오"
"434","초원","파주시 탄현면 엘씨디로241번길 50-2 B102호","031-8071-3405","10%할인","초원","파주시 탄현면 엘씨디로241번길 50-2 B102호","031-8071-3405","https://www.paju.go.kr/user/soldier/BD_discountStoreList.do?q_ctgCd=1001","True","True","참여 목록은 일치하나 개별 할인 조건 미기재","공식 참여업소 일치 후보","미검토","아니오"
"435","최고야짬뽕","파주시 탄현면 필승로 490","031-957-9819","10%할인","최고야짬뽕","파주시 탄현면 필승로 490","031-957-9819","https://www.paju.go.kr/user/soldier/BD_discountStoreList.do?q_ctgCd=1001","True","True","참여 목록은 일치하나 개별 할인 조건 미기재","공식 참여업소 일치 후보","미검토","아니오"
"436","평양만두","파주시 탄현면 새오리로 193","031-945-9452","10%할인","평양만두","파주시 탄현면 새오리로 193","031-945-9452","https://www.paju.go.kr/user/soldier/BD_discountStoreList.do?q_ctgCd=1001","True","True","참여 목록은 일치하나 개별 할인 조건 미기재","공식 참여업소 일치 후보","미검토","아니오"
"437","해민도예","파주시 탄현면 새오리로 209-19","031-942-3221","10%할인","해민도예","파주시 탄현면 새오리로 209-19","031-942-3221","https://www.paju.go.kr/user/soldier/BD_discountStoreList.do?q_ctgCd=1001","True","True","참여 목록은 일치하나 개별 할인 조건 미기재","공식 참여업소 일치 후보","미검토","아니오"
"438","흔적","파주시 탄현면 새오리로 59-20","031-948-8585","20%할인","흔적","파주시 탄현면 새오리로 59-20","031-948-8585","https://www.paju.go.kr/user/soldier/BD_discountStoreList.do?q_ctgCd=1001","True","True","참여 목록은 일치하나 개별 할인 조건 미기재","공식 참여업소 일치 후보","미검토","아니오"
"439","디엠지라운지(DMZ LOUNGE)","파주시 탄현면 새오리로161번길 90","031-959-2353","10% 이상 할인 또는 그에 상응하는 서비스(업소별 상세는 사전 확인)","디엠지라운지(DMZ LOUNGE)","파주시 탄현면 새오리로161번길 90","031-959-2353","https://www.paju.go.kr/user/soldier/BD_discountStoreList.do?q_ctgCd=1001","True","True","참여 목록은 일치하나 개별 할인 조건 미기재","공식 참여업소 일치 후보","미검토","아니오"
"442","6000컷트","파주시 파주읍 술이홀로 470","031-952-6254","10%할인","6000컷트","파주시 파주읍 술이홀로 470","031-952-6254","https://www.paju.go.kr/user/soldier/BD_discountStoreList.do?q_ctgCd=1004","True","True","참여 목록은 일치하나 개별 할인 조건 미기재","공식 참여업소 일치 후보","미검토","아니오"
"443","로즈헤어샾","파주시 파주읍 파발로 4","031-953-8128","12%할인","로즈헤어샾","파주시 파주읍 파발로 4","031-953-8128","https://www.paju.go.kr/user/soldier/BD_discountStoreList.do?q_ctgCd=1004","True","True","참여 목록은 일치하나 개별 할인 조건 미기재","공식 참여업소 일치 후보","미검토","아니오"
"444","남해바다","파주시 파주읍 시장거리길 59-7","031-952-9282","10%할인","남해바다","파주시 파주읍 시장거리길 59-7","031-952-9282","https://www.paju.go.kr/user/soldier/BD_discountStoreList.do?q_ctgCd=1001","True","True","참여 목록은 일치하나 개별 할인 조건 미기재","공식 참여업소 일치 후보","미검토","아니오"
"445","뚱이네","파주시 파주읍 교육길 45-32 나동 102호","","콜라+공기밥 제공+모든 메뉴 곱빼기","뚱이네","파주시 파주읍 교육길 45-32 나동 102호","-","https://www.paju.go.kr/user/soldier/BD_discountStoreList.do?q_ctgCd=1001","True","False","참여 목록은 일치하나 개별 할인 조건 미기재","상세정보 재확인 필요","미검토","아니오"
"446","바리루스","파주시 파주읍 봉서산로 245 2층 일부호","031-953-0060","10% 할인","바리루스","파주시 파주읍 봉서산로 245 2층 일부호","031-953-0060","https://www.paju.go.kr/user/soldier/BD_discountStoreList.do?q_ctgCd=1001","True","True","참여 목록은 일치하나 개별 할인 조건 미기재","공식 참여업소 일치 후보","미검토","아니오"
"447","봉황가","파주시 파주읍 우계로 35-1","031-953-5354","결제금액 10% 할인+음료수 제공","봉황가","파주시 파주읍 우계로 35-1","031-953-5354","https://www.paju.go.kr/user/soldier/BD_discountStoreList.do?q_ctgCd=1001","True","True","참여 목록은 일치하나 개별 할인 조건 미기재","공식 참여업소 일치 후보","미검토","아니오"
"448","소풍N","파주시 파주읍 우계로 24","070-7725-0224","10%할인","소풍N","파주시 파주읍 우계로 24","070-7725-0224","https://www.paju.go.kr/user/soldier/BD_discountStoreList.do?q_ctgCd=1001","True","True","참여 목록은 일치하나 개별 할인 조건 미기재","공식 참여업소 일치 후보","미검토","아니오"
"449","웅이네 의정부부대찌개","파주시 파주읍 파발로 9","031-954-0431","음료수 제공","웅이네 의정부부대찌개","파주시 파주읍 파발로 9","031-954-0431","https://www.paju.go.kr/user/soldier/BD_discountStoreList.do?q_ctgCd=1001","True","True","참여 목록은 일치하나 개별 할인 조건 미기재","공식 참여업소 일치 후보","미검토","아니오"
"450","이조맛집","파주시 파주읍 술이홀로 392","031-953-3330","5%할인","이조맛집","파주시 파주읍 술이홀로 392","031-953-3330","https://www.paju.go.kr/user/soldier/BD_discountStoreList.do?q_ctgCd=1001","True","True","참여 목록은 일치하나 개별 할인 조건 미기재","공식 참여업소 일치 후보","미검토","아니오"
"451","짜장마을","파주시 파주읍 술이홀로 463","031-952-7744","짜장 5000원","짜장마을","파주시 파주읍 술이홀로 463","031-952-7744","https://www.paju.go.kr/user/soldier/BD_discountStoreList.do?q_ctgCd=1001","True","True","참여 목록은 일치하나 개별 할인 조건 미기재","공식 참여업소 일치 후보","미검토","아니오"
"452","조아의 하루 주내점","파주시 파주읍 우계로 6 101호","031-952-5492","10% 이상 할인 또는 그에 상응하는 서비스(업소별 상세는 사전 확인)","조아의 하루 주내점","파주시 파주읍 우계로 6 101호","031-952-5492","https://www.paju.go.kr/user/soldier/BD_discountStoreList.do?q_ctgCd=1001","True","True","참여 목록은 일치하나 개별 할인 조건 미기재","공식 참여업소 일치 후보","미검토","아니오"
"453","아비숑","파주시 파평면 화석정로126번길 122-35","031-954-7470","10%할인","아비숑","파주시 파평면 화석정로126번길 122-35","031-954-7470","https://www.paju.go.kr/user/soldier/BD_discountStoreList.do?q_ctgCd=1002","True","True","참여 목록은 일치하나 개별 할인 조건 미기재","공식 참여업소 일치 후보","미검토","아니오"
"454","포시즌","파주시 파평면 화석정로126번길 144-20","031-954-0021","10%할인","포시즌","파주시 파평면 화석정로126번길 144-20","031-954-0021","https://www.paju.go.kr/user/soldier/BD_discountStoreList.do?q_ctgCd=1002","True","True","참여 목록은 일치하나 개별 할인 조건 미기재","공식 참여업소 일치 후보","미검토","아니오"
"455","샘내 손두부","파주시 파평면 청송로 551-7","031-958-4222","10%할인","샘내 손두부","파주시 파평면 청송로 551-7","031-958-4222","https://www.paju.go.kr/user/soldier/BD_discountStoreList.do?q_ctgCd=1001","True","True","참여 목록은 일치하나 개별 할인 조건 미기재","공식 참여업소 일치 후보","미검토","아니오"
"456","임꺽정 한우마을","파주시 파평면 화석정로 104","031-954-3999","음료수 제공","임꺽정 한우마을","파주시 파평면 화석정로 104","031-954-3999","https://www.paju.go.kr/user/soldier/BD_discountStoreList.do?q_ctgCd=1001","True","True","참여 목록은 일치하나 개별 할인 조건 미기재","공식 참여업소 일치 후보","미검토","아니오"
"457","임진강수라상","파주시 파평면 화석정로 101","031-952-9960","10%할인","임진강수라상","파주시 파평면 화석정로 101","031-952-9960","https://www.paju.go.kr/user/soldier/BD_discountStoreList.do?q_ctgCd=1001","True","True","참여 목록은 일치하나 개별 할인 조건 미기재","공식 참여업소 일치 후보","미검토","아니오"
"458","한우리매운탕","파주시 파평면 장승배기로 173-8","031-945-2238","10%할인","한우리매운탕","파주시 파평면 장승배기로 173-8","031-945-2238","https://www.paju.go.kr/user/soldier/BD_discountStoreList.do?q_ctgCd=1001","True","True","참여 목록은 일치하나 개별 할인 조건 미기재","공식 참여업소 일치 후보","미검토","아니오"
"459","앵무새카페","파주시 파평면 파평산로363번길 32-9","031-952-2002","20%할인","앵무새카페","파주시 파평면 파평산로363번길 32-9","031-952-2002","https://www.paju.go.kr/user/soldier/BD_discountStoreList.do?q_ctgCd=1001","True","True","참여 목록은 일치하나 개별 할인 조건 미기재","공식 참여업소 일치 후보","미검토","아니오"
