"정본CSV행번호","감사정본행번호","업소명","소재지도로명주소","소재지지번주소","현재위도","현재경도","현재좌표검증상태","감사제안위도","감사제안경도","POI상호","POI도로명주소","POI지번주소","좌표출처","좌표출처URL","권장좌표검증상태","감사판정","검토결정","정본반영여부","검토메모"
"2","2","레드폴바버샵 강남신사점","서울특별시 강남구 논현로151길 41, 2층 201호","서울특별시 강남구 신사동 561","37.5195936","127.0248338","확인 완료","37.5195978","127.0248202","<b>레드폴바버샵 강남신사점</b>","서울특별시 강남구 논현로151길 41 2층 201호","서울특별시 강남구 신사동 561 2층 201호","네이버 지도","https://map.naver.com/p/search/%EB%A0%88%EB%93%9C%ED%8F%B4%EB%B0%94%EB%B2%84%EC%83%B5%20%EA%B0%95%EB%82%A8%EC%8B%A0%EC%82%AC%EC%A0%90%20%EC%84%9C%EC%9A%B8%ED%8A%B9%EB%B3%84%EC%8B%9C%20%EA%B0%95%EB%82%A8%EA%B5%AC%20%EB%85%BC%ED%98%84%EB%A1%9C151%EA%B8%B8%2041%2C%202%EC%B8%B5%20201%ED%98%B8","확인 완료","확인 후보","미검토","아니오","감사 후보이며, 사람 검토 전 정본에 자동 반영하지 않음"
"6","6","힐빌리바버샵","서울특별시 강동구 양재대로96길 26, 광남캐스빌 근생 101호","","37.5291947","127.1385431","확인 완료","37.5294117","127.1385941","<b>힐빌리바버샵</b>","서울특별시 강동구 양재대로96길 26 광남캐스빌 근생 101호","서울특별시 강동구 둔촌동 631 광남캐스빌 근생 101호","네이버 지도","https://map.naver.com/p/search/%ED%9E%90%EB%B9%8C%EB%A6%AC%EB%B0%94%EB%B2%84%EC%83%B5%20%EC%84%9C%EC%9A%B8%ED%8A%B9%EB%B3%84%EC%8B%9C%20%EA%B0%95%EB%8F%99%EA%B5%AC%20%EC%96%91%EC%9E%AC%EB%8C%80%EB%A1%9C96%EA%B8%B8%2026%2C%20%EA%B4%91%EB%82%A8%EC%BA%90%EC%8A%A4%EB%B9%8C%20%EA%B7%BC%EC%83%9D%20101%ED%98%B8","확인 완료","확인 후보","미검토","아니오","감사 후보이며, 사람 검토 전 정본에 자동 반영하지 않음"
"20","20","굿바이브바버샵","서울특별시 광진구 용마산로21길 27, 1층","","37.5634676","127.0859387","확인 완료","37.5634483","127.085885","<b>굿바이브바버샵</b>","서울특별시 광진구 용마산로21길 27 1층","서울특별시 광진구 중곡동 28-12 1층","네이버 지도","https://map.naver.com/p/search/%EA%B5%BF%EB%B0%94%EC%9D%B4%EB%B8%8C%EB%B0%94%EB%B2%84%EC%83%B5%20%EC%84%9C%EC%9A%B8%ED%8A%B9%EB%B3%84%EC%8B%9C%20%EA%B4%91%EC%A7%84%EA%B5%AC%20%EC%9A%A9%EB%A7%88%EC%82%B0%EB%A1%9C21%EA%B8%B8%2027%2C%201%EC%B8%B5","확인 완료","확인 후보","미검토","아니오","감사 후보이며, 사람 검토 전 정본에 자동 반영하지 않음"
"22","22","쵸리","서울특별시 광진구 뚝섬로51길 57, 1층","","37.5347912","127.0813715","확인 완료","37.5347807","127.0813924","<b>쵸리</b>","서울특별시 광진구 뚝섬로51길 57 1층","서울특별시 광진구 자양동 625-13 1층","네이버 지도","https://map.naver.com/p/search/%EC%B5%B8%EB%A6%AC%20%EC%84%9C%EC%9A%B8%ED%8A%B9%EB%B3%84%EC%8B%9C%20%EA%B4%91%EC%A7%84%EA%B5%AC%20%EB%9A%9D%EC%84%AC%EB%A1%9C51%EA%B8%B8%2057%2C%201%EC%B8%B5","확인 완료","확인 후보","미검토","아니오","감사 후보이며, 사람 검토 전 정본에 자동 반영하지 않음"
"34","34","허슬러즈바버샵 홍대","서울특별시 마포구 와우산로 51-6, 지하 1층","","37.5492912","126.9226741","확인 완료","37.5492912","126.9226741","<b>허슬러즈바버샵 홍대</b>","서울특별시 마포구 와우산로 51-6 지하1층","서울특별시 마포구 상수동 91-3 지하1층","네이버 지도","https://map.naver.com/p/search/%ED%97%88%EC%8A%AC%EB%9F%AC%EC%A6%88%EB%B0%94%EB%B2%84%EC%83%B5%20%ED%99%8D%EB%8C%80%20%EC%84%9C%EC%9A%B8%ED%8A%B9%EB%B3%84%EC%8B%9C%20%EB%A7%88%ED%8F%AC%EA%B5%AC%20%EC%99%80%EC%9A%B0%EC%82%B0%EB%A1%9C%2051-6%2C%20%EC%A7%80%ED%95%98%201%EC%B8%B5","확인 완료","확인 후보","미검토","아니오","감사 후보이며, 사람 검토 전 정본에 자동 반영하지 않음"
"62","62","송화","경기도 고양시 덕양구수역이길25(성사동)","","37.6638412","126.8503272","재확인 필요","37.6638785","126.8503","<b>송화</b>","경기도 고양시 덕양구 수역이길 25 (성사동)","경기도 고양시 덕양구 성사동 579-1","네이버 지도","https://map.naver.com/p/search/%EC%86%A1%ED%99%94%20%EA%B2%BD%EA%B8%B0%EB%8F%84%20%EA%B3%A0%EC%96%91%EC%8B%9C%20%EB%8D%95%EC%96%91%EA%B5%AC%EC%88%98%EC%97%AD%EC%9D%B4%EA%B8%B825%28%EC%84%B1%EC%82%AC%EB%8F%99%29","확인 완료","확인 후보","미검토","아니오","감사 후보이며, 사람 검토 전 정본에 자동 반영하지 않음"
"308","308","스컬스바버샵","경기도 시흥시 서울대학로264번길 12, 208동 1층 B-112호","","37.3683075","126.7249125","확인 완료","37.3679343","126.7257847","<b>스컬스바버샵</b>","경기도 시흥시 서울대학로264번길 12 208동 1층 B-112호","경기도 시흥시 배곧동 221 208동 1층 B-112호","네이버 지도","https://map.naver.com/p/search/%EC%8A%A4%EC%BB%AC%EC%8A%A4%EB%B0%94%EB%B2%84%EC%83%B5%20%EA%B2%BD%EA%B8%B0%EB%8F%84%20%EC%8B%9C%ED%9D%A5%EC%8B%9C%20%EC%84%9C%EC%9A%B8%EB%8C%80%ED%95%99%EB%A1%9C264%EB%B2%88%EA%B8%B8%2012%2C%20208%EB%8F%99%201%EC%B8%B5%20B-112%ED%98%B8","확인 완료","확인 후보","미검토","아니오","감사 후보이며, 사람 검토 전 정본에 자동 반영하지 않음"
"341","341","구들장생고기","경기도 양주시 엄상동길 66","","37.8313947","127.0697859","확인 완료","37.8314259","127.069763","<b>구들장생고기</b>","경기도 양주시 엄상동길 66","경기도 양주시 고암동 148","네이버 지도","https://map.naver.com/p/search/%EA%B5%AC%EB%93%A4%EC%9E%A5%EC%83%9D%EA%B3%A0%EA%B8%B0%20%EA%B2%BD%EA%B8%B0%EB%8F%84%20%EC%96%91%EC%A3%BC%EC%8B%9C%20%EC%97%84%EC%83%81%EB%8F%99%EA%B8%B8%2066","확인 완료","확인 후보","미검토","아니오","감사 후보이며, 사람 검토 전 정본에 자동 반영하지 않음"
"351","351","만수장","경기도 양주시 평화로 1552-1","","37.8277181","127.0536242","확인 완료","37.8276625","127.0536576","<b>만수장</b>","경기도 양주시 평화로 1552-1","경기도 양주시 회정동 870-1","네이버 지도","https://map.naver.com/p/search/%EB%A7%8C%EC%88%98%EC%9E%A5%20%EA%B2%BD%EA%B8%B0%EB%8F%84%20%EC%96%91%EC%A3%BC%EC%8B%9C%20%ED%8F%89%ED%99%94%EB%A1%9C%201552-1","확인 완료","확인 후보","미검토","아니오","감사 후보이며, 사람 검토 전 정본에 자동 반영하지 않음"
"355","355","소문난쭈꾸미생삼겹","경기도 양주시 엄상동길 50-16","","37.8307191","127.0687798","확인 완료","37.8307466","127.0687841","<b>소문난쭈꾸미생삼겹</b>","경기도 양주시 엄상동길 50-16","경기도 양주시 고암동 160-1","네이버 지도","https://map.naver.com/p/search/%EC%86%8C%EB%AC%B8%EB%82%9C%EC%AD%88%EA%BE%B8%EB%AF%B8%EC%83%9D%EC%82%BC%EA%B2%B9%20%EA%B2%BD%EA%B8%B0%EB%8F%84%20%EC%96%91%EC%A3%BC%EC%8B%9C%20%EC%97%84%EC%83%81%EB%8F%99%EA%B8%B8%2050-16","확인 완료","확인 후보","미검토","아니오","감사 후보이며, 사람 검토 전 정본에 자동 반영하지 않음"
"362","362","장흥숯불갈비","경기도 양주시 화합로1361번길 32","","37.8436638","127.064042","확인 완료","37.8436292","127.0640493","<b>장흥숯불갈비</b>","경기도 양주시 화합로1361번길 32","경기도 양주시 덕정동 132-17","네이버 지도","https://map.naver.com/p/search/%EC%9E%A5%ED%9D%A5%EC%88%AF%EB%B6%88%EA%B0%88%EB%B9%84%20%EA%B2%BD%EA%B8%B0%EB%8F%84%20%EC%96%91%EC%A3%BC%EC%8B%9C%20%ED%99%94%ED%95%A9%EB%A1%9C1361%EB%B2%88%EA%B8%B8%2032","확인 완료","확인 후보","미검토","아니오","감사 후보이며, 사람 검토 전 정본에 자동 반영하지 않음"
"363","363","정주산장","경기도 양주시 장흥면 호국로550번길 102-127","","37.7128362","126.9823694","확인 완료","37.7128723","126.9823311","<b>정주산장</b>","경기도 양주시 장흥면 호국로550번길 102-127","경기도 양주시 장흥면 울대리 541-1","네이버 지도","https://map.naver.com/p/search/%EC%A0%95%EC%A3%BC%EC%82%B0%EC%9E%A5%20%EA%B2%BD%EA%B8%B0%EB%8F%84%20%EC%96%91%EC%A3%BC%EC%8B%9C%20%EC%9E%A5%ED%9D%A5%EB%A9%B4%20%ED%98%B8%EA%B5%AD%EB%A1%9C550%EB%B2%88%EA%B8%B8%20102-127","확인 완료","확인 후보","미검토","아니오","감사 후보이며, 사람 검토 전 정본에 자동 반영하지 않음"
"365","365","초가마을","경기도 양주시 장흥면 권율로309번길 159","","37.7447145","126.9510724","확인 완료","37.7446708","126.9510398","<b>초가마을</b>","경기도 양주시 장흥면 권율로309번길 159","경기도 양주시 장흥면 석현리 328","네이버 지도","https://map.naver.com/p/search/%EC%B4%88%EA%B0%80%EB%A7%88%EC%9D%84%20%EA%B2%BD%EA%B8%B0%EB%8F%84%20%EC%96%91%EC%A3%BC%EC%8B%9C%20%EC%9E%A5%ED%9D%A5%EB%A9%B4%20%EA%B6%8C%EC%9C%A8%EB%A1%9C309%EB%B2%88%EA%B8%B8%20159","확인 완료","확인 후보","미검토","아니오","감사 후보이며, 사람 검토 전 정본에 자동 반영하지 않음"
"368","368","행복한사람들","경기도 양주시 백석읍 권율로 852","","37.7749653","126.9611821","확인 완료","37.774723","126.961398","<b>행복한사람들</b>","경기도 양주시 백석읍 권율로 852","경기도 양주시 백석읍 기산리 131-2","네이버 지도","https://map.naver.com/p/search/%ED%96%89%EB%B3%B5%ED%95%9C%EC%82%AC%EB%9E%8C%EB%93%A4%20%EA%B2%BD%EA%B8%B0%EB%8F%84%20%EC%96%91%EC%A3%BC%EC%8B%9C%20%EB%B0%B1%EC%84%9D%EC%9D%8D%20%EA%B6%8C%EC%9C%A8%EB%A1%9C%20852","확인 완료","확인 후보","미검토","아니오","감사 후보이며, 사람 검토 전 정본에 자동 반영하지 않음"
"118","118","개성연출","경기도 동두천시 정장로 31-12, 1층","","37.9047658","127.054556","확인 완료","37.9047658","127.054556","개성연출","경기도 동두천시 정장로 31-12, 1층","경기도 동두천시 생연동 650-14, 1층","네이버 지도","https://map.naver.com/p/search/%EA%B0%9C%EC%84%B1%EC%97%B0%EC%B6%9C%20%EA%B2%BD%EA%B8%B0%EB%8F%84%20%EB%8F%99%EB%91%90%EC%B2%9C%EC%8B%9C%20%EC%A0%95%EC%9E%A5%EB%A1%9C%2031-12","확인 완료","확인 후보","지도 화면 대조 완료","예","2026-09-08 NAVER 지도 POI 화면에서 상호·도로명·건물번호·1층 일치 확인"
"117","117","수민헤어","경기도 김포시 통진읍 조강로 98, 1층","","37.6929395","126.5959984","재확인 필요","37.6929431","126.5961155","수민헤어","경기도 김포시 통진읍 조강로 98, 1층","경기도 김포시 통진읍 서암리 763-3, 1층","네이버 지도","https://map.naver.com/p/search/%EC%88%98%EB%AF%BC%ED%97%A4%EC%96%B4%20%EA%B2%BD%EA%B8%B0%EB%8F%84%20%EA%B9%80%ED%8F%AC%EC%8B%9C%20%ED%86%B5%EC%A7%84%EC%9D%8D%20%EC%A1%B0%EA%B0%95%EB%A1%9C%2098","확인 완료","확인 후보","지도 화면 대조 완료","예","2026-09-08 NAVER 지도 POI 화면에서 상호·도로명·건물번호·1층 일치 확인"
"119","119","고미나 헤어모드","경기도 동두천시 동광로 75-1, 1층","","37.9089353","127.0566985","확인 완료","37.9088926","127.0567176","고미나헤어모드","경기도 동두천시 동광로 75-1, 1층","경기도 동두천시 생연동 504-1, 1층","네이버 지도","https://map.naver.com/p/search/%EA%B3%A0%EB%AF%B8%EB%82%98%20%ED%97%A4%EC%96%B4%EB%AA%A8%EB%93%9C%20%EA%B2%BD%EA%B8%B0%EB%8F%84%20%EB%8F%99%EB%91%90%EC%B2%9C%EC%8B%9C%20%EB%8F%99%EA%B4%91%EB%A1%9C%2075-1","확인 완료","확인 후보","지도 화면 대조 완료","예","2026-09-08 NAVER 지도 POI 화면에서 상호·도로명·건물번호·1층 일치 확인"
"151","151","그린파크모텔","경기도 동두천시 어수로91-10(생연동)","","37.902995","127.0530101","확인 완료","37.9030031","127.0529927","그린파크모텔","경기 동두천시 어수로 91-10","","네이버 지도","https://map.naver.com/p/search/%EA%B7%B8%EB%A6%B0%ED%8C%8C%ED%81%AC%EB%AA%A8%ED%85%94%20%EA%B2%BD%EA%B8%B0%EB%8F%84%20%EB%8F%99%EB%91%90%EC%B2%9C%EC%8B%9C%20%EC%96%B4%EC%88%98%EB%A1%9C91-10%28%EC%83%9D%EC%97%B0%EB%8F%99%29","확인 완료","확인 후보","최종 승인","예","2026-09-10 네이버 지도 상세 POI에서 상호·도로명 건물번호와 좌표를 확인함; 이번 단계에서는 canonical 및 Android seed에 반영하지 않음; 2026-09-10 2차 네이버 지도 POI 대조 통과, canonical/seed 반영 전; 2026-09-10 canonical 좌표 반영 완료"
"120","120","김희정헤어샵","경기도 동두천시 지행로65, 2층(지행동)","","37.8926766","127.0544782","확인 완료","","","","","","","https://map.naver.com/p/search/%EA%B9%80%ED%9D%AC%EC%A0%95%ED%97%A4%EC%96%B4%EC%83%B5%20%EA%B2%BD%EA%B8%B0%EB%8F%84%20%EB%8F%99%EB%91%90%EC%B2%9C%EC%8B%9C%20%EC%A7%80%ED%96%89%EB%A1%9C65%2C%202%EC%B8%B5%28%EC%A7%80%ED%96%89%EB%8F%99%29","미확인","보류","보류","아니오","2026-09-10 업소명 + 정본 주소로 네이버 지도에서 직접 특정 가능한 POI를 확인하지 못해 좌표 미반영 보류"
"159","159","넓은공간","경기도 동두천시 평화로2910번길 82(상봉암동)","","37.9456285","127.0657472","확인 완료","37.945649","127.0657249","넓은공간","경기 동두천시 평화로2910번길 82","","네이버 지도","https://map.naver.com/p/search/%EB%84%93%EC%9D%80%EA%B3%B5%EA%B0%84%20%EA%B2%BD%EA%B8%B0%EB%8F%84%20%EB%8F%99%EB%91%90%EC%B2%9C%EC%8B%9C%20%ED%8F%89%ED%99%94%EB%A1%9C2910%EB%B2%88%EA%B8%B8%2082%28%EC%83%81%EB%B4%89%EC%95%94%EB%8F%99%29","확인 완료","확인 후보","최종 승인","예","2026-09-10 네이버 지도 상세 POI에서 상호·도로명 건물번호와 좌표를 확인함; 이번 단계에서는 canonical 및 Android seed에 반영하지 않음; 2026-09-10 2차 네이버 지도 POI 대조 통과, canonical/seed 반영 전; 2026-09-10 canonical 좌표 반영 완료"
"160","160","다복식당","경기도 동두천시 생연로177(생연동)","","37.9082713","127.0527418","확인 완료","37.9082736","127.052708","다복식당","경기 동두천시 생연로 177","","네이버 지도","https://map.naver.com/p/search/%EB%8B%A4%EB%B3%B5%EC%8B%9D%EB%8B%B9%20%EA%B2%BD%EA%B8%B0%EB%8F%84%20%EB%8F%99%EB%91%90%EC%B2%9C%EC%8B%9C%20%EC%83%9D%EC%97%B0%EB%A1%9C177%28%EC%83%9D%EC%97%B0%EB%8F%99%29","확인 완료","확인 후보","최종 승인","예","2026-09-10 네이버 지도 상세 POI에서 상호·도로명 건물번호와 좌표를 확인함; 이번 단계에서는 canonical 및 Android seed에 반영하지 않음; 2026-09-10 2차 네이버 지도 POI 대조 통과, canonical/seed 반영 전; 2026-09-10 canonical 좌표 반영 완료"
"163","163","대호숯불갈비","경기도 동두천시 중앙로265번길 19(생연동)","","37.9052307","127.0526925","확인 완료","37.905229","127.0527416","대호숯불갈비","경기 동두천시 중앙로265번길 19 대호숯불갈비","","네이버 지도","https://map.naver.com/p/search/%EB%8C%80%ED%98%B8%EC%88%AF%EB%B6%88%EA%B0%88%EB%B9%84%20%EA%B2%BD%EA%B8%B0%EB%8F%84%20%EB%8F%99%EB%91%90%EC%B2%9C%EC%8B%9C%20%EC%A4%91%EC%95%99%EB%A1%9C265%EB%B2%88%EA%B8%B8%2019%28%EC%83%9D%EC%97%B0%EB%8F%99%29","확인 완료","확인 후보","최종 승인","예","2026-09-10 네이버 지도 상세 POI에서 상호·도로명 건물번호와 좌표를 확인함; 이번 단계에서는 canonical 및 Android seed에 반영하지 않음; 2026-09-10 2차 네이버 지도 POI 대조 통과, canonical/seed 반영 전; 2026-09-10 canonical 좌표 반영 완료"
"164","164","동태한그릇","경기도 동두천시 생연로155(생연동)","","37.9063421","127.0519865","확인 완료","37.9063251","127.0519957","동태한그릇","경기 동두천시 생연로 155","","네이버 지도","https://map.naver.com/p/search/%EB%8F%99%ED%83%9C%ED%95%9C%EA%B7%B8%EB%A6%87%20%EA%B2%BD%EA%B8%B0%EB%8F%84%20%EB%8F%99%EB%91%90%EC%B2%9C%EC%8B%9C%20%EC%83%9D%EC%97%B0%EB%A1%9C155%28%EC%83%9D%EC%97%B0%EB%8F%99%29","확인 완료","확인 후보","최종 승인","예","2026-09-10 네이버 지도 상세 POI에서 상호·도로명 건물번호와 좌표를 확인함; 이번 단계에서는 canonical 및 Android seed에 반영하지 않음; 2026-09-10 2차 네이버 지도 POI 대조 통과, canonical/seed 반영 전; 2026-09-10 canonical 좌표 반영 완료"
"187","187","롯데리아 동두천점","경기도 동두천시 중앙로270(생연동)","","37.9056444","127.0542716","확인 완료","37.9055758","127.0541648","롯데리아 동두천점","경기 동두천시 중앙로 270","","네이버 지도","https://map.naver.com/p/search/%EB%A1%AF%EB%8D%B0%EB%A6%AC%EC%95%84%20%EB%8F%99%EB%91%90%EC%B2%9C%EC%A0%90%20%EA%B2%BD%EA%B8%B0%EB%8F%84%20%EB%8F%99%EB%91%90%EC%B2%9C%EC%8B%9C%20%EC%A4%91%EC%95%99%EB%A1%9C270%28%EC%83%9D%EC%97%B0%EB%8F%99%29","확인 완료","확인 후보","최종 승인","예","2026-09-10 네이버 지도 상세 POI에서 상호·도로명 건물번호와 좌표를 확인함; 이번 단계에서는 canonical 및 Android seed에 반영하지 않음; 2026-09-10 2차 네이버 지도 POI 대조 통과, canonical/seed 반영 전; 2026-09-10 canonical 좌표 반영 완료"
"123","123","리안헤어 동두천지행역점","경기도 동두천시 지행로56, 205호(지행동)","","37.8920833","127.0533841","확인 완료","","","","","","","https://map.naver.com/p/search/%EB%A6%AC%EC%95%88%ED%97%A4%EC%96%B4%20%EB%8F%99%EB%91%90%EC%B2%9C%EC%A7%80%ED%96%89%EC%97%AD%EC%A0%90%20%EA%B2%BD%EA%B8%B0%EB%8F%84%20%EB%8F%99%EB%91%90%EC%B2%9C%EC%8B%9C%20%EC%A7%80%ED%96%89%EB%A1%9C56%2C%20205%ED%98%B8%28%EC%A7%80%ED%96%89%EB%8F%99%29","미확인","보류","보류","아니오","2026-09-10 업소명 + 정본 주소로 네이버 지도에서 직접 특정 가능한 POI를 확인하지 못해 좌표 미반영 보류"
"124","124","마샹스헤어살롱","경기도 동두천시 중앙로134-20, 202호(지행동)","","37.8930182","127.0538205","확인 완료","","","","","","","https://map.naver.com/p/search/%EB%A7%88%EC%83%B9%EC%8A%A4%ED%97%A4%EC%96%B4%EC%82%B4%EB%A1%B1%20%EA%B2%BD%EA%B8%B0%EB%8F%84%20%EB%8F%99%EB%91%90%EC%B2%9C%EC%8B%9C%20%EC%A4%91%EC%95%99%EB%A1%9C134-20%2C%20202%ED%98%B8%28%EC%A7%80%ED%96%89%EB%8F%99%29","미확인","보류","보류","아니오","2026-09-10 업소명 + 정본 주소로 네이버 지도에서 직접 특정 가능한 POI를 확인하지 못해 좌표 미반영 보류"
"125","125","박미라 헤어스토리","경기도 동두천시 평화로2452-1(생연동)","","37.9066868","127.0583546","확인 완료","37.9066817","127.0583233","박미라헤어스토리","경기 동두천시 평화로 2452-1","","네이버 지도","https://map.naver.com/p/search/%EB%B0%95%EB%AF%B8%EB%9D%BC%20%ED%97%A4%EC%96%B4%EC%8A%A4%ED%86%A0%EB%A6%AC%20%EA%B2%BD%EA%B8%B0%EB%8F%84%20%EB%8F%99%EB%91%90%EC%B2%9C%EC%8B%9C%20%ED%8F%89%ED%99%94%EB%A1%9C2452-1%28%EC%83%9D%EC%97%B0%EB%8F%99%29","확인 완료","확인 후보","최종 승인","예","2026-09-10 네이버 지도 상세 POI에서 상호·도로명 건물번호와 좌표를 확인함; 이번 단계에서는 canonical 및 Android seed에 반영하지 않음; 2026-09-10 2차 네이버 지도 POI 대조 통과, canonical/seed 반영 전; 2026-09-10 canonical 좌표 반영 완료"
"126","126","보배헤어샵","경기도 동두천시 중앙로286번길 21-3(생연동)","","37.9072394","127.0554639","확인 완료","37.9072643","127.0554475","보배헤어샵","경기 동두천시 중앙로286번길 21-3","","네이버 지도","https://map.naver.com/p/search/%EB%B3%B4%EB%B0%B0%ED%97%A4%EC%96%B4%EC%83%B5%20%EA%B2%BD%EA%B8%B0%EB%8F%84%20%EB%8F%99%EB%91%90%EC%B2%9C%EC%8B%9C%20%EC%A4%91%EC%95%99%EB%A1%9C286%EB%B2%88%EA%B8%B8%2021-3%28%EC%83%9D%EC%97%B0%EB%8F%99%29","확인 완료","확인 후보","최종 승인","예","2026-09-10 네이버 지도 상세 POI에서 상호·도로명 건물번호와 좌표를 확인함; 이번 단계에서는 canonical 및 Android seed에 반영하지 않음; 2026-09-10 2차 네이버 지도 POI 대조 통과, canonical/seed 반영 전; 2026-09-10 canonical 좌표 반영 완료"
"127","127","삐삐머리방","경기도 동두천시 평화로2530번길 35(보산동)","","37.9137556","127.0597922","확인 완료","37.913729","127.059808","삐삐머리방","경기 동두천시 평화로2530번길 35","","네이버 지도","https://map.naver.com/p/search/%EC%82%90%EC%82%90%EB%A8%B8%EB%A6%AC%EB%B0%A9%20%EA%B2%BD%EA%B8%B0%EB%8F%84%20%EB%8F%99%EB%91%90%EC%B2%9C%EC%8B%9C%20%ED%8F%89%ED%99%94%EB%A1%9C2530%EB%B2%88%EA%B8%B8%2035%28%EB%B3%B4%EC%82%B0%EB%8F%99%29","확인 완료","확인 후보","최종 승인","예","2026-09-10 네이버 지도 상세 POI에서 상호·도로명 건물번호와 좌표를 확인함; 이번 단계에서는 canonical 및 Android seed에 반영하지 않음; 2026-09-10 2차 네이버 지도 POI 대조 통과, canonical/seed 반영 전; 2026-09-10 canonical 좌표 반영 완료"
"131","131","신지미헤어라인","경기도 동두천시 광암로33번길 13-10(광암동)","","37.8960534","127.0851728","확인 완료","37.8960569","127.0851685","신지미헤어라인","경기 동두천시 광암로33번길 13-10","","네이버 지도","https://map.naver.com/p/search/%EC%8B%A0%EC%A7%80%EB%AF%B8%ED%97%A4%EC%96%B4%EB%9D%BC%EC%9D%B8%20%EA%B2%BD%EA%B8%B0%EB%8F%84%20%EB%8F%99%EB%91%90%EC%B2%9C%EC%8B%9C%20%EA%B4%91%EC%95%94%EB%A1%9C33%EB%B2%88%EA%B8%B8%2013-10%28%EA%B4%91%EC%95%94%EB%8F%99%29","확인 완료","확인 후보","최종 승인","예","2026-09-10 네이버 지도 상세 POI에서 상호·도로명 건물번호와 좌표를 확인함; 이번 단계에서는 canonical 및 Android seed에 반영하지 않음; 2026-09-10 2차 네이버 지도 POI 대조 통과, canonical/seed 반영 전; 2026-09-10 canonical 좌표 반영 완료"
"170","170","요리하는경더기","경기도 동두천시 중앙로134-20, 3층(지행동)","","37.8930182","127.0538205","확인 완료","","","","","","","https://map.naver.com/p/search/%EC%9A%94%EB%A6%AC%ED%95%98%EB%8A%94%EA%B2%BD%EB%8D%94%EA%B8%B0%20%EA%B2%BD%EA%B8%B0%EB%8F%84%20%EB%8F%99%EB%91%90%EC%B2%9C%EC%8B%9C%20%EC%A4%91%EC%95%99%EB%A1%9C134-20%2C%203%EC%B8%B5%28%EC%A7%80%ED%96%89%EB%8F%99%29","미확인","보류","보류","아니오","2026-09-10 업소명 + 정본 주소로 네이버 지도에서 직접 특정 가능한 POI를 확인하지 못해 좌표 미반영 보류"
"174","174","으뜸코다리냉면","경기도 동두천시 생연로170-2, 1층(생연동)","","37.9076616","127.0526978","확인 완료","","","","","","","https://map.naver.com/p/search/%EC%9C%BC%EB%9C%B8%EC%BD%94%EB%8B%A4%EB%A6%AC%EB%83%89%EB%A9%B4%20%EA%B2%BD%EA%B8%B0%EB%8F%84%20%EB%8F%99%EB%91%90%EC%B2%9C%EC%8B%9C%20%EC%83%9D%EC%97%B0%EB%A1%9C170-2%2C%201%EC%B8%B5%28%EC%83%9D%EC%97%B0%EB%8F%99%29","미확인","보류","보류","아니오","2026-09-10 업소명 + 정본 주소로 네이버 지도에서 직접 특정 가능한 POI를 확인하지 못해 좌표 미반영 보류"
"176","176","장단콩터","경기도 동두천시 생연로119-1, 1층(생연동)","","37.9033102","127.0509794","확인 완료","","","","","","","https://map.naver.com/p/search/%EC%9E%A5%EB%8B%A8%EC%BD%A9%ED%84%B0%20%EA%B2%BD%EA%B8%B0%EB%8F%84%20%EB%8F%99%EB%91%90%EC%B2%9C%EC%8B%9C%20%EC%83%9D%EC%97%B0%EB%A1%9C119-1%2C%201%EC%B8%B5%28%EC%83%9D%EC%97%B0%EB%8F%99%29","미확인","보류","보류","아니오","2026-09-10 업소명 + 정본 주소로 네이버 지도에서 직접 특정 가능한 POI를 확인하지 못해 좌표 미반영 보류"
"142","142","차희에스 머리사랑","경기도 동두천시 행선로98(생연동)","","37.8968706","127.0626416","확인 완료","37.8969014","127.0623836","차희에스머리사랑","경기 동두천시 행선로 98","","네이버 지도","https://map.naver.com/p/search/%EC%B0%A8%ED%9D%AC%EC%97%90%EC%8A%A4%20%EB%A8%B8%EB%A6%AC%EC%82%AC%EB%9E%91%20%EA%B2%BD%EA%B8%B0%EB%8F%84%20%EB%8F%99%EB%91%90%EC%B2%9C%EC%8B%9C%20%ED%96%89%EC%84%A0%EB%A1%9C98%28%EC%83%9D%EC%97%B0%EB%8F%99%29","확인 완료","확인 후보","최종 승인","예","2026-09-10 네이버 지도 상세 POI에서 상호·도로명 건물번호와 좌표를 확인함; 이번 단계에서는 canonical 및 Android seed에 반영하지 않음; 2026-09-10 2차 네이버 지도 POI 대조 통과, canonical/seed 반영 전; 2026-09-10 canonical 좌표 반영 완료"
"178","178","처가집(부대찌개)","경기도 동두천시 어수로91-3(생연동)","","37.9027419","127.0527489","확인 완료","37.9027207","127.0527484","처가집 부대찌개","경기 동두천시 어수로 91-3","","네이버 지도","https://map.naver.com/p/search/%EC%B2%98%EA%B0%80%EC%A7%91%28%EB%B6%80%EB%8C%80%EC%B0%8C%EA%B0%9C%29%20%EA%B2%BD%EA%B8%B0%EB%8F%84%20%EB%8F%99%EB%91%90%EC%B2%9C%EC%8B%9C%20%EC%96%B4%EC%88%98%EB%A1%9C91-3%28%EC%83%9D%EC%97%B0%EB%8F%99%29","확인 완료","확인 후보","최종 승인","예","2026-09-10 네이버 지도 상세 POI에서 상호·도로명 건물번호와 좌표를 확인함; 이번 단계에서는 canonical 및 Android seed에 반영하지 않음; 2026-09-10 2차 네이버 지도 POI 대조 통과, canonical/seed 반영 전; 2026-09-10 canonical 좌표 반영 완료"
"181","181","통큰부대찌개","경기도 동두천시 생연로39-60(지행동)","","37.8964189","127.0479792","확인 완료","37.8964266","127.0479946","통큰부대찌개","경기 동두천시 생연로 39-60","","네이버 지도","https://map.naver.com/p/search/%ED%86%B5%ED%81%B0%EB%B6%80%EB%8C%80%EC%B0%8C%EA%B0%9C%20%EA%B2%BD%EA%B8%B0%EB%8F%84%20%EB%8F%99%EB%91%90%EC%B2%9C%EC%8B%9C%20%EC%83%9D%EC%97%B0%EB%A1%9C39-60%28%EC%A7%80%ED%96%89%EB%8F%99%29","확인 완료","확인 후보","최종 승인","예","2026-09-10 네이버 지도 상세 POI에서 상호·도로명 건물번호와 좌표를 확인함; 이번 단계에서는 canonical 및 Android seed에 반영하지 않음; 2026-09-10 2차 네이버 지도 POI 대조 통과, canonical/seed 반영 전; 2026-09-10 canonical 좌표 반영 완료"
"182","182","특허받은 마늘콩짜장","경기도 동두천시 평화로 2351(생연동)","","37.8977819","127.05757","확인 완료","37.8977411","127.0575751","특허받은마늘콩짜장","경기 동두천시 평화로 2351 특허받은마늘콩짜장","","네이버 지도","https://map.naver.com/p/search/%ED%8A%B9%ED%97%88%EB%B0%9B%EC%9D%80%20%EB%A7%88%EB%8A%98%EC%BD%A9%EC%A7%9C%EC%9E%A5%20%EA%B2%BD%EA%B8%B0%EB%8F%84%20%EB%8F%99%EB%91%90%EC%B2%9C%EC%8B%9C%20%ED%8F%89%ED%99%94%EB%A1%9C%202351%28%EC%83%9D%EC%97%B0%EB%8F%99%29","확인 완료","확인 후보","최종 승인","예","2026-09-10 네이버 지도 상세 POI에서 상호·도로명 건물번호와 좌표를 확인함; 이번 단계에서는 canonical 및 Android seed에 반영하지 않음; 2026-09-10 2차 네이버 지도 POI 대조 통과, canonical/seed 반영 전; 2026-09-10 canonical 좌표 반영 완료"
"148","148","헤어바이 미정","경기도 동두천시 중앙로265번길 8(생연동)","","37.9053073","127.0534308","확인 완료","37.9052945","127.0532107","헤어바이미정","경기 동두천시 중앙로265번길 8 헤어바이미정","","네이버 지도","https://map.naver.com/p/search/%ED%97%A4%EC%96%B4%EB%B0%94%EC%9D%B4%20%EB%AF%B8%EC%A0%95%20%EA%B2%BD%EA%B8%B0%EB%8F%84%20%EB%8F%99%EB%91%90%EC%B2%9C%EC%8B%9C%20%EC%A4%91%EC%95%99%EB%A1%9C265%EB%B2%88%EA%B8%B8%208%28%EC%83%9D%EC%97%B0%EB%8F%99%29","확인 완료","확인 후보","최종 승인","예","2026-09-10 네이버 지도 상세 POI에서 상호·도로명 건물번호와 좌표를 확인함; 이번 단계에서는 canonical 및 Android seed에 반영하지 않음; 2026-09-10 2차 네이버 지도 POI 대조 통과, canonical/seed 반영 전; 2026-09-10 canonical 좌표 반영 완료"
"186","186","황주생고기","경기도 동두천시 생연로142(생연동)","","37.9050798","127.0519517","확인 완료","37.9050798","127.0519517","황주생고기","경기 동두천시 생연로 142","","네이버 지도","https://map.naver.com/p/search/%ED%99%A9%EC%A3%BC%EC%83%9D%EA%B3%A0%EA%B8%B0%20%EA%B2%BD%EA%B8%B0%EB%8F%84%20%EB%8F%99%EB%91%90%EC%B2%9C%EC%8B%9C%20%EC%83%9D%EC%97%B0%EB%A1%9C142%28%EC%83%9D%EC%97%B0%EB%8F%99%29","확인 완료","확인 후보","최종 승인","예","2026-09-10 네이버 지도 상세 POI에서 상호·도로명 건물번호와 좌표를 확인함; 이번 단계에서는 canonical 및 Android seed에 반영하지 않음; 2026-09-10 2차 네이버 지도 POI 대조 통과, canonical/seed 반영 전; 2026-09-10 canonical 좌표 반영 완료"
"340","340","고봉막국수","경기도 양주시 장흥면 권율로 88, 상가동 1층","","37.7227921","126.9477588","확인 완료","","","","","","","https://map.naver.com/p/search/%EA%B3%A0%EB%B4%89%EB%A7%89%EA%B5%AD%EC%88%98%20%EA%B2%BD%EA%B8%B0%EB%8F%84%20%EC%96%91%EC%A3%BC%EC%8B%9C%20%EC%9E%A5%ED%9D%A5%EB%A9%B4%20%EA%B6%8C%EC%9C%A8%EB%A1%9C%2088%2C%20%EC%83%81%EA%B0%80%EB%8F%99%201%EC%B8%B5","미확인","보류","보류","아니오","2026-09-10 업소명 + 정본 주소로 네이버 지도에서 직접 특정 가능한 POI를 확인하지 못해 좌표 미반영 보류"
"342","342","김밥나라","경기도 양주시 평화로 1426","","37.8181225","127.0462927","확인 완료","37.8179201","127.0462536","김밥나라","경기 양주시 평화로 1426 영토빌딩1층 김밥나라","","네이버 지도","https://map.naver.com/p/search/%EA%B9%80%EB%B0%A5%EB%82%98%EB%9D%BC%20%EA%B2%BD%EA%B8%B0%EB%8F%84%20%EC%96%91%EC%A3%BC%EC%8B%9C%20%ED%8F%89%ED%99%94%EB%A1%9C%201426","확인 완료","확인 후보","최종 승인","예","2026-09-10 네이버 지도 상세 POI에서 상호·도로명 건물번호와 좌표를 확인함; 이번 단계에서는 canonical 및 Android seed에 반영하지 않음; 2026-09-10 2차 네이버 지도 POI 대조 통과, canonical/seed 반영 전; 2026-09-10 canonical 좌표 반영 완료"
"345","345","덕정갈비","경기도 양주시 덕정길 58","","37.843655","127.0655121","확인 완료","37.8436584","127.065515","덕정갈비","경기 양주시 덕정길 58 덕정갈비","","네이버 지도","https://map.naver.com/p/search/%EB%8D%95%EC%A0%95%EA%B0%88%EB%B9%84%20%EA%B2%BD%EA%B8%B0%EB%8F%84%20%EC%96%91%EC%A3%BC%EC%8B%9C%20%EB%8D%95%EC%A0%95%EA%B8%B8%2058","확인 완료","확인 후보","최종 승인","예","2026-09-10 네이버 지도 상세 POI에서 상호·도로명 건물번호와 좌표를 확인함; 이번 단계에서는 canonical 및 Android seed에 반영하지 않음; 2026-09-10 2차 네이버 지도 POI 대조 통과, canonical/seed 반영 전; 2026-09-10 canonical 좌표 반영 완료"
"356","356","술들다","경기도 양주시 덕정4길 11","","37.8435889","127.0636388","확인 완료","37.8436203","127.0635717","술들다","경기 양주시 덕정4길 11 1층","","네이버 지도","https://map.naver.com/p/search/%EC%88%A0%EB%93%A4%EB%8B%A4%20%EA%B2%BD%EA%B8%B0%EB%8F%84%20%EC%96%91%EC%A3%BC%EC%8B%9C%20%EB%8D%95%EC%A0%954%EA%B8%B8%2011","확인 완료","확인 후보","최종 승인","예","2026-09-10 네이버 지도 상세 POI에서 상호·도로명 건물번호와 좌표를 확인함; 이번 단계에서는 canonical 및 Android seed에 반영하지 않음; 2026-09-10 2차 네이버 지도 POI 대조 통과, canonical/seed 반영 전; 2026-09-10 canonical 좌표 반영 완료"
"357","357","안다미로 샤브샤브","경기도 양주시 엄상동길 22-26","","37.830281","127.0672537","확인 완료","37.8302654","127.0672702","안다미로 샤브샤브","경기 양주시 엄상동길 22-26 1층","","네이버 지도","https://map.naver.com/p/search/%EC%95%88%EB%8B%A4%EB%AF%B8%EB%A1%9C%20%EC%83%A4%EB%B8%8C%EC%83%A4%EB%B8%8C%20%EA%B2%BD%EA%B8%B0%EB%8F%84%20%EC%96%91%EC%A3%BC%EC%8B%9C%20%EC%97%84%EC%83%81%EB%8F%99%EA%B8%B8%2022-26","확인 완료","확인 후보","최종 승인","예","2026-09-10 네이버 지도 상세 POI에서 상호·도로명 건물번호와 좌표를 확인함; 이번 단계에서는 canonical 및 Android seed에 반영하지 않음; 2026-09-10 2차 네이버 지도 POI 대조 통과, canonical/seed 반영 전; 2026-09-10 canonical 좌표 반영 완료"
"359","359","여울마당","경기도 양주시 장흥면 유원지로 318","","37.7078644","126.9535471","확인 완료","37.7078719","126.9535576","여울마당","경기 양주시 장흥면 유원지로 318 여울마당","","네이버 지도","https://map.naver.com/p/search/%EC%97%AC%EC%9A%B8%EB%A7%88%EB%8B%B9%20%EA%B2%BD%EA%B8%B0%EB%8F%84%20%EC%96%91%EC%A3%BC%EC%8B%9C%20%EC%9E%A5%ED%9D%A5%EB%A9%B4%20%EC%9C%A0%EC%9B%90%EC%A7%80%EB%A1%9C%20318","확인 완료","확인 후보","최종 승인","예","2026-09-10 네이버 지도 상세 POI에서 상호·도로명 건물번호와 좌표를 확인함; 이번 단계에서는 canonical 및 Android seed에 반영하지 않음; 2026-09-10 2차 네이버 지도 POI 대조 통과, canonical/seed 반영 전; 2026-09-10 canonical 좌표 반영 완료"
"442","442","6000컷트","파주시 파주읍 술이홀로 470","경기도 파주시 파주읍 연풍리 294-9","37.8289732769","126.8389761324","재확인 필요","37.8289834","126.8390115","6000컷트","경기 파주시 파주읍 술이홀로 470","","네이버 지도","https://map.naver.com/p/search/6000%EC%BB%B7%ED%8A%B8%20%ED%8C%8C%EC%A3%BC%EC%8B%9C%20%ED%8C%8C%EC%A3%BC%EC%9D%8D%20%EC%88%A0%EC%9D%B4%ED%99%80%EB%A1%9C%20470","확인 완료","확인 후보","최종 승인","예","2026-09-10 네이버 지도 상세 POI에서 상호·도로명 건물번호와 좌표를 확인함; 이번 단계에서는 canonical 및 Android seed에 반영하지 않음; 2026-09-10 2차 네이버 지도 POI 대조 통과, canonical/seed 반영 전; 2026-09-10 canonical 좌표 반영 완료"
"74","74","게이트호텔","파주시 광탄면 보광로 505","경기도 파주시 광탄면 영장리 42-4","37.753640167","126.910762251","재확인 필요","37.7533743","126.9108688","게이트호텔","경기 파주시 광탄면 보광로 505","","네이버 지도","https://map.naver.com/p/search/%EA%B2%8C%EC%9D%B4%ED%8A%B8%ED%98%B8%ED%85%94%20%ED%8C%8C%EC%A3%BC%EC%8B%9C%20%EA%B4%91%ED%83%84%EB%A9%B4%20%EB%B3%B4%EA%B4%91%EB%A1%9C%20505","확인 완료","확인 후보","최종 승인","예","2026-09-10 네이버 지도 상세 POI에서 상호·도로명 건물번호와 좌표를 확인함; 이번 단계에서는 canonical 및 Android seed에 반영하지 않음; 2026-09-10 2차 네이버 지도 POI 대조 통과, canonical/seed 반영 전; 2026-09-10 canonical 좌표 반영 완료"
"394","394","그때그집","파주시 적성면 솥뒤로 15","경기도 파주시 적성면 마지리 45-5","37.9554284158","126.9175071931","재확인 필요","37.955492","126.91751","그때그집","경기 파주시 적성면 솥뒤로 15 그때그집","","네이버 지도","https://map.naver.com/p/search/%EA%B7%B8%EB%95%8C%EA%B7%B8%EC%A7%91%20%ED%8C%8C%EC%A3%BC%EC%8B%9C%20%EC%A0%81%EC%84%B1%EB%A9%B4%20%EC%86%A5%EB%92%A4%EB%A1%9C%2015","확인 완료","확인 후보","최종 승인","예","2026-09-10 네이버 지도 상세 POI에서 상호·도로명 건물번호와 좌표를 확인함; 이번 단계에서는 canonical 및 Android seed에 반영하지 않음; 2026-09-10 2차 네이버 지도 POI 대조 통과, canonical/seed 반영 전; 2026-09-10 canonical 좌표 반영 완료"
"240","240","김밥나라","파주시 법원읍 사임당로 839","경기도 파주시 법원읍 대능리 87-19","37.8492513016","126.8741882501","재확인 필요","37.8492679","126.874175","김밥나라","경기 파주시 법원읍 사임당로 839","","네이버 지도","https://map.naver.com/p/search/%EA%B9%80%EB%B0%A5%EB%82%98%EB%9D%BC%20%ED%8C%8C%EC%A3%BC%EC%8B%9C%20%EB%B2%95%EC%9B%90%EC%9D%8D%20%EC%82%AC%EC%9E%84%EB%8B%B9%EB%A1%9C%20839","확인 완료","확인 후보","최종 승인","예","2026-09-10 네이버 지도 상세 POI에서 상호·도로명 건물번호와 좌표를 확인함; 이번 단계에서는 canonical 및 Android seed에 반영하지 않음; 2026-09-10 2차 네이버 지도 POI 대조 통과, canonical/seed 반영 전; 2026-09-10 canonical 좌표 반영 완료"
"444","444","남해바다","파주시 파주읍 시장거리길 59-7","경기도 파주시 파주읍 파주리 453-25","37.8319258956","126.8177757587","재확인 필요","37.8319357","126.817786","남해바다","경기 파주시 파주읍 시장거리길 59-7","","네이버 지도","https://map.naver.com/p/search/%EB%82%A8%ED%95%B4%EB%B0%94%EB%8B%A4%20%ED%8C%8C%EC%A3%BC%EC%8B%9C%20%ED%8C%8C%EC%A3%BC%EC%9D%8D%20%EC%8B%9C%EC%9E%A5%EA%B1%B0%EB%A6%AC%EA%B8%B8%2059-7","확인 완료","확인 후보","최종 승인","예","2026-09-10 네이버 지도 상세 POI에서 상호·도로명 건물번호와 좌표를 확인함; 이번 단계에서는 canonical 및 Android seed에 반영하지 않음; 2026-09-10 2차 네이버 지도 POI 대조 통과, canonical/seed 반영 전; 2026-09-10 canonical 좌표 반영 완료"
"204","204","누구나홀딱반한닭 문산당동점","파주시 문산읍 당동2로 11-5","경기도 파주시 문산읍 당동리 889-2","37.8674416249","126.7845633759","재확인 필요","37.8674322","126.7844243","누구나홀딱반한닭 문산당동점","경기 파주시 문산읍 당동2로 11-5","","네이버 지도","https://map.naver.com/p/search/%EB%88%84%EA%B5%AC%EB%82%98%ED%99%80%EB%94%B1%EB%B0%98%ED%95%9C%EB%8B%AD%20%EB%AC%B8%EC%82%B0%EB%8B%B9%EB%8F%99%EC%A0%90%20%ED%8C%8C%EC%A3%BC%EC%8B%9C%20%EB%AC%B8%EC%82%B0%EC%9D%8D%20%EB%8B%B9%EB%8F%992%EB%A1%9C%2011-5","확인 완료","확인 후보","최종 승인","예","2026-09-10 네이버 지도 상세 POI에서 상호·도로명 건물번호와 좌표를 확인함; 이번 단계에서는 canonical 및 Android seed에 반영하지 않음; 2026-09-10 2차 네이버 지도 POI 대조 통과, canonical/seed 반영 전; 2026-09-10 canonical 좌표 반영 완료"
"103","103","덕성원","파주시 명동길 43 (금촌동)","경기도 파주시 금촌동 323-10","37.7631137387","126.7728840778","재확인 필요","37.7631012","126.7729441","덕성원","경기 파주시 명동길 43","","네이버 지도","https://map.naver.com/p/search/%EB%8D%95%EC%84%B1%EC%9B%90%20%ED%8C%8C%EC%A3%BC%EC%8B%9C%20%EB%AA%85%EB%8F%99%EA%B8%B8%2043%20%28%EA%B8%88%EC%B4%8C%EB%8F%99%29","확인 완료","확인 후보","최종 승인","예","2026-09-10 네이버 지도 상세 POI에서 상호·도로명 건물번호와 좌표를 확인함; 이번 단계에서는 canonical 및 Android seed에 반영하지 않음; 2026-09-10 2차 네이버 지도 POI 대조 통과, canonical/seed 반영 전; 2026-09-10 canonical 좌표 반영 완료"
"396","396","두지리강촌매운탕","파주시 적성면 술이홀로2316번길 31","경기도 파주시 적성면 두지리 88-5","37.9633422498","126.8938211659","재확인 필요","37.9631081","126.8940942","두지리강촌매운탕","경기 파주시 적성면 술이홀로2316번길 31","","네이버 지도","https://map.naver.com/p/search/%EB%91%90%EC%A7%80%EB%A6%AC%EA%B0%95%EC%B4%8C%EB%A7%A4%EC%9A%B4%ED%83%95%20%ED%8C%8C%EC%A3%BC%EC%8B%9C%20%EC%A0%81%EC%84%B1%EB%A9%B4%20%EC%88%A0%EC%9D%B4%ED%99%80%EB%A1%9C2316%EB%B2%88%EA%B8%B8%2031","확인 완료","확인 후보","최종 승인","예","2026-09-10 네이버 지도 상세 POI에서 상호·도로명 건물번호와 좌표를 확인함; 이번 단계에서는 canonical 및 Android seed에 반영하지 않음; 2026-09-10 2차 네이버 지도 POI 대조 통과, canonical/seed 반영 전; 2026-09-10 canonical 좌표 반영 완료"
"76","76","레드브릿지","파주시 광탄면 기산로 329","경기도 파주시 광탄면 기산리 449-1","37.7739193904","126.9282001396","재확인 필요","37.7739194","126.9282001","레드브릿지","경기 파주시 광탄면 기산로 329","","네이버 지도","https://map.naver.com/p/search/%EB%A0%88%EB%93%9C%EB%B8%8C%EB%A6%BF%EC%A7%80%20%ED%8C%8C%EC%A3%BC%EC%8B%9C%20%EA%B4%91%ED%83%84%EB%A9%B4%20%EA%B8%B0%EC%82%B0%EB%A1%9C%20329","확인 완료","확인 후보","최종 승인","예","2026-09-10 네이버 지도 상세 POI에서 상호·도로명 건물번호와 좌표를 확인함; 이번 단계에서는 canonical 및 Android seed에 반영하지 않음; 2026-09-10 2차 네이버 지도 POI 대조 통과, canonical/seed 반영 전; 2026-09-10 canonical 좌표 반영 완료"
"200","200","로얄모텔","파주시 문산읍 문향로49번길 20","경기도 파주시 문산읍 문산리 10-42","37.8565137708","126.7842832642","재확인 필요","37.8565149","126.7843218","로얄모텔","경기 파주시 문산읍 문향로49번길 20 로얄빌딩 8층 로얄모텔","","네이버 지도","https://map.naver.com/p/search/%EB%A1%9C%EC%96%84%EB%AA%A8%ED%85%94%20%ED%8C%8C%EC%A3%BC%EC%8B%9C%20%EB%AC%B8%EC%82%B0%EC%9D%8D%20%EB%AC%B8%ED%96%A5%EB%A1%9C49%EB%B2%88%EA%B8%B8%2020","확인 완료","확인 후보","최종 승인","예","2026-09-10 네이버 지도 상세 POI에서 상호·도로명 건물번호와 좌표를 확인함; 이번 단계에서는 canonical 및 Android seed에 반영하지 않음; 2026-09-10 2차 네이버 지도 POI 대조 통과, canonical/seed 반영 전; 2026-09-10 canonical 좌표 반영 완료"
"246","246","무진장순대국","파주시 법원읍 사임당로 816","경기도 파주시 법원읍 대능리 94-46","37.8494749915","126.8714203983","재확인 필요","37.8494832","126.8714138","무진장순대국","경기 파주시 법원읍 사임당로 816 무진장순대국","","네이버 지도","https://map.naver.com/p/search/%EB%AC%B4%EC%A7%84%EC%9E%A5%EC%88%9C%EB%8C%80%EA%B5%AD%20%ED%8C%8C%EC%A3%BC%EC%8B%9C%20%EB%B2%95%EC%9B%90%EC%9D%8D%20%EC%82%AC%EC%9E%84%EB%8B%B9%EB%A1%9C%20816","확인 완료","확인 후보","최종 승인","예","2026-09-10 네이버 지도 상세 POI에서 상호·도로명 건물번호와 좌표를 확인함; 이번 단계에서는 canonical 및 Android seed에 반영하지 않음; 2026-09-10 2차 네이버 지도 POI 대조 통과, canonical/seed 반영 전; 2026-09-10 canonical 좌표 반영 완료"
"423","423","물고기자리","파주시 탄현면 헤이리마을길 48-48","경기도 파주시 탄현면 법흥리 1652-413","37.7872412617","126.7002410486","재확인 필요","37.7872015","126.7003221","물고기자리","경기 파주시 탄현면 헤이리마을길 48-48 물고기자리","","네이버 지도","https://map.naver.com/p/search/%EB%AC%BC%EA%B3%A0%EA%B8%B0%EC%9E%90%EB%A6%AC%20%ED%8C%8C%EC%A3%BC%EC%8B%9C%20%ED%83%84%ED%98%84%EB%A9%B4%20%ED%97%A4%EC%9D%B4%EB%A6%AC%EB%A7%88%EC%9D%84%EA%B8%B8%2048-48","확인 완료","확인 후보","최종 승인","예","2026-09-10 네이버 지도 상세 POI에서 상호·도로명 건물번호와 좌표를 확인함; 이번 단계에서는 canonical 및 Android seed에 반영하지 않음; 2026-09-10 2차 네이버 지도 POI 대조 통과, canonical/seed 반영 전; 2026-09-10 canonical 좌표 반영 완료"
"104","104","미몽 파주금촌점","파주시 동산8길 39 (금촌동)","경기도 파주시 금촌동 945-33","37.7579932672","126.7723132633","재확인 필요","37.7579973","126.7723137","미몽 파주금촌점","경기 파주시 동산8길 39 1층","","네이버 지도","https://map.naver.com/p/search/%EB%AF%B8%EB%AA%BD%20%ED%8C%8C%EC%A3%BC%EA%B8%88%EC%B4%8C%EC%A0%90%20%ED%8C%8C%EC%A3%BC%EC%8B%9C%20%EB%8F%99%EC%82%B08%EA%B8%B8%2039%20%28%EA%B8%88%EC%B4%8C%EB%8F%99%29","확인 완료","확인 후보","최종 승인","예","2026-09-10 네이버 지도 상세 POI에서 상호·도로명 건물번호와 좌표를 확인함; 이번 단계에서는 canonical 및 Android seed에 반영하지 않음; 2026-09-10 2차 네이버 지도 POI 대조 통과, canonical/seed 반영 전; 2026-09-10 canonical 좌표 반영 완료"
"248","248","버섯집 초리골","파주시 법원읍 초리골길 12","경기도 파주시 법원읍 법원리 385-12","37.848588411","126.8859853894","재확인 필요","","","버섯집초리골","경기 파주시 법원읍 초리골길 23","","네이버 지도","https://map.naver.com/p/search/%EB%B2%84%EC%84%AF%EC%A7%91%20%EC%B4%88%EB%A6%AC%EA%B3%A8%20%ED%8C%8C%EC%A3%BC%EC%8B%9C%20%EB%B2%95%EC%9B%90%EC%9D%8D%20%EC%B4%88%EB%A6%AC%EA%B3%A8%EA%B8%B8%2012","미확인","반려","반려","아니오","2026-09-10 네이버 지도 상세 POI가 초리골길 23으로 표시되어 정본 도로명 초리골길 12와 불일치; 좌표 미반영 반려"
"447","447","봉황가","파주시 파주읍 우계로 35-1","경기도 파주시 파주읍 파주리 509-4","37.8304097125","126.8155395692","재확인 필요","37.8304295","126.8155108","봉황가","경기 파주시 파주읍 우계로 35-1 1층","","네이버 지도","https://map.naver.com/p/search/%EB%B4%89%ED%99%A9%EA%B0%80%20%ED%8C%8C%EC%A3%BC%EC%8B%9C%20%ED%8C%8C%EC%A3%BC%EC%9D%8D%20%EC%9A%B0%EA%B3%84%EB%A1%9C%2035-1","확인 완료","확인 후보","최종 승인","예","2026-09-10 네이버 지도 상세 POI에서 상호·도로명 건물번호와 좌표를 확인함; 이번 단계에서는 canonical 및 Android seed에 반영하지 않음; 2026-09-10 2차 네이버 지도 POI 대조 통과, canonical/seed 반영 전; 2026-09-10 canonical 좌표 반영 완료"
"214","214","삼산회관 파주문산점","파주시 문산읍 문향로 71","경기도 파주시 문산읍 문산리 6-2","37.8583643974","126.7852118347","재확인 필요","37.8583631","126.785178","삼산회관 파주문산점","경기 파주시 문산읍 문향로 71 107호","","네이버 지도","https://map.naver.com/p/search/%EC%82%BC%EC%82%B0%ED%9A%8C%EA%B4%80%20%ED%8C%8C%EC%A3%BC%EB%AC%B8%EC%82%B0%EC%A0%90%20%ED%8C%8C%EC%A3%BC%EC%8B%9C%20%EB%AC%B8%EC%82%B0%EC%9D%8D%20%EB%AC%B8%ED%96%A5%EB%A1%9C%2071","확인 완료","확인 후보","최종 승인","예","2026-09-10 네이버 지도 상세 POI에서 상호·도로명 건물번호와 좌표를 확인함; 이번 단계에서는 canonical 및 Android seed에 반영하지 않음; 2026-09-10 2차 네이버 지도 POI 대조 통과, canonical/seed 반영 전; 2026-09-10 canonical 좌표 반영 완료"
"215","215","상원각","파주시 문산읍 문향로 35","경기도 파주시 문산읍 문산리 15-5","37.8550642959","126.7856996773","재확인 필요","37.855015","126.785764","상원각","경기 파주시 문산읍 문향로 35 헤어닥터미용실","","네이버 지도","https://map.naver.com/p/search/%EC%83%81%EC%9B%90%EA%B0%81%20%ED%8C%8C%EC%A3%BC%EC%8B%9C%20%EB%AC%B8%EC%82%B0%EC%9D%8D%20%EB%AC%B8%ED%96%A5%EB%A1%9C%2035","확인 완료","확인 후보","최종 승인","예","2026-09-10 네이버 지도 상세 POI에서 상호·도로명 건물번호와 좌표를 확인함; 이번 단계에서는 canonical 및 Android seed에 반영하지 않음; 2026-09-10 2차 네이버 지도 POI 대조 통과, canonical/seed 반영 전; 2026-09-10 canonical 좌표 반영 완료"
"413","413","상원포크","파주시 조리읍 봉천로 63","경기도 파주시 조리읍 봉일천리 179-2","37.7444010545","126.8046093908","재확인 필요","37.7443078","126.8046568","상원포크","경기 파주시 조리읍 봉천로 63","","네이버 지도","https://map.naver.com/p/search/%EC%83%81%EC%9B%90%ED%8F%AC%ED%81%AC%20%ED%8C%8C%EC%A3%BC%EC%8B%9C%20%EC%A1%B0%EB%A6%AC%EC%9D%8D%20%EB%B4%89%EC%B2%9C%EB%A1%9C%2063","확인 완료","확인 후보","최종 승인","예","2026-09-10 네이버 지도 상세 POI에서 상호·도로명 건물번호와 좌표를 확인함; 이번 단계에서는 canonical 및 Android seed에 반영하지 않음; 2026-09-10 2차 네이버 지도 POI 대조 통과, canonical/seed 반영 전; 2026-09-10 canonical 좌표 반영 완료"
"455","455","샘내 손두부","파주시 파평면 청송로 551-7","경기도 파주시 파평면 덕천리 408-3","37.938380172","126.8701862204","재확인 필요","37.938332","126.8701738","샘내손두부","경기 파주시 파평면 청송로 551-7 덕천리 408~3","","네이버 지도","https://map.naver.com/p/search/%EC%83%98%EB%82%B4%20%EC%86%90%EB%91%90%EB%B6%80%20%ED%8C%8C%EC%A3%BC%EC%8B%9C%20%ED%8C%8C%ED%8F%89%EB%A9%B4%20%EC%B2%AD%EC%86%A1%EB%A1%9C%20551-7","확인 완료","확인 후보","최종 승인","예","2026-09-10 네이버 지도 상세 POI에서 상호·도로명 건물번호와 좌표를 확인함; 이번 단계에서는 canonical 및 Android seed에 반영하지 않음; 2026-09-10 2차 네이버 지도 POI 대조 통과, canonical/seed 반영 전; 2026-09-10 canonical 좌표 반영 완료"
"195","195","샴푸의요정","파주시 문산읍 문향로 60-1","경기도 파주시 문산읍 문산리 10-209","37.8572806596","126.7852198656","재확인 필요","37.8572492","126.7852158","샴푸의요정","경기 파주시 문산읍 문향로 60-1 2층 샴프의요정4","","네이버 지도","https://map.naver.com/p/search/%EC%83%B4%ED%91%B8%EC%9D%98%EC%9A%94%EC%A0%95%20%ED%8C%8C%EC%A3%BC%EC%8B%9C%20%EB%AC%B8%EC%82%B0%EC%9D%8D%20%EB%AC%B8%ED%96%A5%EB%A1%9C%2060-1","확인 완료","확인 후보","최종 승인","예","2026-09-10 네이버 지도 상세 POI에서 상호·도로명 건물번호와 좌표를 확인함; 이번 단계에서는 canonical 및 Android seed에 반영하지 않음; 2026-09-10 2차 네이버 지도 POI 대조 통과, canonical/seed 반영 전; 2026-09-10 canonical 좌표 반영 완료"
"101","101","성심모텔","파주시 아동로 4-3 (금촌동)","경기도 파주시 금촌동 51-37","37.7637740874","126.7754869904","재확인 필요","37.7637942","126.7755209","성심모텔","경기 파주시 아동로 4-3","","네이버 지도","https://map.naver.com/p/search/%EC%84%B1%EC%8B%AC%EB%AA%A8%ED%85%94%20%ED%8C%8C%EC%A3%BC%EC%8B%9C%20%EC%95%84%EB%8F%99%EB%A1%9C%204-3%20%28%EA%B8%88%EC%B4%8C%EB%8F%99%29","확인 완료","확인 후보","최종 승인","예","2026-09-10 네이버 지도 상세 POI에서 상호·도로명 건물번호와 좌표를 확인함; 이번 단계에서는 canonical 및 Android seed에 반영하지 않음; 2026-09-10 2차 네이버 지도 POI 대조 통과, canonical/seed 반영 전; 2026-09-10 canonical 좌표 반영 완료"
"448","448","소풍N","파주시 파주읍 우계로 24","경기도 파주시 파주읍 파주리 543-6","37.8293987346","126.81489712","재확인 필요","37.8294014","126.8148908","소풍N","경기 파주시 파주읍 우계로 24 1호","","네이버 지도","https://map.naver.com/p/search/%EC%86%8C%ED%92%8DN%20%ED%8C%8C%EC%A3%BC%EC%8B%9C%20%ED%8C%8C%EC%A3%BC%EC%9D%8D%20%EC%9A%B0%EA%B3%84%EB%A1%9C%2024","확인 완료","확인 후보","최종 승인","예","2026-09-10 네이버 지도 상세 POI에서 상호·도로명 건물번호와 좌표를 확인함; 이번 단계에서는 canonical 및 Android seed에 반영하지 않음; 2026-09-10 2차 네이버 지도 POI 대조 통과, canonical/seed 반영 전; 2026-09-10 canonical 좌표 반영 완료"
"249","249","솥뚜껑삼겹살","파주시 법원읍 사임당로 814","","37.8495184","126.8712524","확인 완료","37.8495126","126.8712376","솥뚜껑삼겹살","경기 파주시 법원읍 사임당로 814 1층","","네이버 지도","https://map.naver.com/p/search/%EC%86%A5%EB%9A%9C%EA%BB%91%EC%82%BC%EA%B2%B9%EC%82%B4%20%ED%8C%8C%EC%A3%BC%EC%8B%9C%20%EB%B2%95%EC%9B%90%EC%9D%8D%20%EC%82%AC%EC%9E%84%EB%8B%B9%EB%A1%9C%20814","확인 완료","확인 후보","최종 승인","예","2026-09-10 네이버 지도 상세 POI에서 상호·도로명 건물번호와 좌표를 확인함; 이번 단계에서는 canonical 및 Android seed에 반영하지 않음; 2026-09-10 2차 네이버 지도 POI 대조 통과, canonical/seed 반영 전; 2026-09-10 canonical 좌표 반영 완료"
"392","392","승원장","파주시 적성면 칠중5길 8","경기도 파주시 적성면 구읍리 645-1","37.9549601271","126.9210793821","재확인 필요","37.9549898","126.921082","승원장","경기 파주시 적성면 칠중5길 8 승원장","","네이버 지도","https://map.naver.com/p/search/%EC%8A%B9%EC%9B%90%EC%9E%A5%20%ED%8C%8C%EC%A3%BC%EC%8B%9C%20%EC%A0%81%EC%84%B1%EB%A9%B4%20%EC%B9%A0%EC%A4%915%EA%B8%B8%208","확인 완료","확인 후보","최종 승인","예","2026-09-10 네이버 지도 상세 POI에서 상호·도로명 건물번호와 좌표를 확인함; 이번 단계에서는 canonical 및 Android seed에 반영하지 않음; 2026-09-10 2차 네이버 지도 POI 대조 통과, canonical/seed 반영 전; 2026-09-10 canonical 좌표 반영 완료"
"87","87","아레볼","파주시 소라지로 309-12 (송촌동)","경기도 파주시 송촌동 647-1","37.7495378368","126.6886448517","재확인 필요","37.7495069","126.6885382","아레볼","경기 파주시 소라지로 309-12","","네이버 지도","https://map.naver.com/p/search/%EC%95%84%EB%A0%88%EB%B3%BC%20%ED%8C%8C%EC%A3%BC%EC%8B%9C%20%EC%86%8C%EB%9D%BC%EC%A7%80%EB%A1%9C%20309-12%20%28%EC%86%A1%EC%B4%8C%EB%8F%99%29","확인 완료","확인 후보","최종 승인","예","2026-09-10 네이버 지도 상세 POI에서 상호·도로명 건물번호와 좌표를 확인함; 이번 단계에서는 canonical 및 Android seed에 반영하지 않음; 2026-09-10 2차 네이버 지도 POI 대조 통과, canonical/seed 반영 전; 2026-09-10 canonical 좌표 반영 완료"
"218","218","아리비스트로","파주시 문산읍 당동1로 53-5","경기도 파주시 문산읍 당동리 168","37.8635969435","126.77348781","재확인 필요","37.8635951","126.7734846","아리 비스트로","경기 파주시 문산읍 당동1로 53-5 1층","","네이버 지도","https://map.naver.com/p/search/%EC%95%84%EB%A6%AC%EB%B9%84%EC%8A%A4%ED%8A%B8%EB%A1%9C%20%ED%8C%8C%EC%A3%BC%EC%8B%9C%20%EB%AC%B8%EC%82%B0%EC%9D%8D%20%EB%8B%B9%EB%8F%991%EB%A1%9C%2053-5","확인 완료","확인 후보","최종 승인","예","2026-09-10 네이버 지도 상세 POI에서 상호·도로명 건물번호와 좌표를 확인함; 이번 단계에서는 canonical 및 Android seed에 반영하지 않음; 2026-09-10 2차 네이버 지도 POI 대조 통과, canonical/seed 반영 전; 2026-09-10 canonical 좌표 반영 완료"
"426","426","어화둥둥","파주시 탄현면 새오리로 113-46","경기도 파주시 탄현면 성동리 118","37.7963554983","126.6850985945","재확인 필요","37.7963497","126.6850636","어화둥둥","경기 파주시 탄현면 새오리로 113-46 1층","","네이버 지도","https://map.naver.com/p/search/%EC%96%B4%ED%99%94%EB%91%A5%EB%91%A5%20%ED%8C%8C%EC%A3%BC%EC%8B%9C%20%ED%83%84%ED%98%84%EB%A9%B4%20%EC%83%88%EC%98%A4%EB%A6%AC%EB%A1%9C%20113-46","확인 완료","확인 후보","최종 승인","예","2026-09-10 네이버 지도 상세 POI에서 상호·도로명 건물번호와 좌표를 확인함; 이번 단계에서는 canonical 및 Android seed에 반영하지 않음; 2026-09-10 2차 네이버 지도 POI 대조 통과, canonical/seed 반영 전; 2026-09-10 canonical 좌표 반영 완료"
"79","79","엘리스오븐","파주시 광탄면 기산로 195 1,2층","경기도 파주시 광탄면 기산리 515-1","37.7753506896","126.9195940762","재확인 필요","","","","","","","https://map.naver.com/p/search/%EC%97%98%EB%A6%AC%EC%8A%A4%EC%98%A4%EB%B8%90%20%ED%8C%8C%EC%A3%BC%EC%8B%9C%20%EA%B4%91%ED%83%84%EB%A9%B4%20%EA%B8%B0%EC%82%B0%EB%A1%9C%20195%201%2C2%EC%B8%B5","미확인","보류","보류","아니오","2026-09-10 업소명 + 정본 주소로 네이버 지도에서 직접 특정 가능한 POI를 확인하지 못해 좌표 미반영 보류"
"107","107","여명 양평해장국","파주시 번영로 36 (금촌동)","경기도 파주시 금촌동 942-11","37.7578969172","126.7693290127","재확인 필요","37.7578625","126.7693217","여명양평해장국","경기 파주시 번영로 36","","네이버 지도","https://map.naver.com/p/search/%EC%97%AC%EB%AA%85%20%EC%96%91%ED%8F%89%ED%95%B4%EC%9E%A5%EA%B5%AD%20%ED%8C%8C%EC%A3%BC%EC%8B%9C%20%EB%B2%88%EC%98%81%EB%A1%9C%2036%20%28%EA%B8%88%EC%B4%8C%EB%8F%99%29","확인 완료","확인 후보","최종 승인","예","2026-09-10 네이버 지도 상세 POI에서 상호·도로명 건물번호와 좌표를 확인함; 이번 단계에서는 canonical 및 Android seed에 반영하지 않음; 2026-09-10 2차 네이버 지도 POI 대조 통과, canonical/seed 반영 전; 2026-09-10 canonical 좌표 반영 완료"
"108","108","왔다삼겹살","파주시 원앙길 26 (금촌동)","경기도 파주시 금촌동 41-1","37.7650139221","126.7758279169","재확인 필요","37.765016","126.775773","왔다삼겹살","경기 파주시 원앙길 26 왔다삼겹살","","네이버 지도","https://map.naver.com/p/search/%EC%99%94%EB%8B%A4%EC%82%BC%EA%B2%B9%EC%82%B4%20%ED%8C%8C%EC%A3%BC%EC%8B%9C%20%EC%9B%90%EC%95%99%EA%B8%B8%2026%20%28%EA%B8%88%EC%B4%8C%EB%8F%99%29","확인 완료","확인 후보","최종 승인","예","2026-09-10 네이버 지도 상세 POI에서 상호·도로명 건물번호와 좌표를 확인함; 이번 단계에서는 canonical 및 Android seed에 반영하지 않음; 2026-09-10 2차 네이버 지도 POI 대조 통과, canonical/seed 반영 전; 2026-09-10 canonical 좌표 반영 완료"
"253","253","왕가네","파주시 법원읍 법원로 20","경기도 파주시 법원읍 법원리 434-28","37.8481812797","126.8771263297","재확인 필요","37.8481326","126.8770898","왕가네","경기 파주시 법원읍 법원로 20","경기 파주시 법원읍 법원리 434-28","네이버 지도","https://map.naver.com/p/search/%EC%99%95%EA%B0%80%EB%84%A4%20%ED%8C%8C%EC%A3%BC%EC%8B%9C%20%EB%B2%95%EC%9B%90%EC%9D%8D%20%EB%B2%95%EC%9B%90%EB%A1%9C%2020","확인 완료","확인 후보","최종 승인","예","2026-09-10 네이버 지도 상세 POI에서 상호·도로명 건물번호·지번과 좌표를 확인함; 2026-09-10 2차 네이버 지도 POI 대조 통과, canonical/seed 반영 전; 2026-09-10 canonical 좌표 반영 완료"
"449","449","웅이네 의정부부대찌개","파주시 파주읍 파발로 9","경기도 파주시 파주읍 파주리 427-16","37.8326616617","126.8184479102","재확인 필요","37.8326923","126.8184735","웅이네의정부부대찌개","경기 파주시 파주읍 파발로 9","경기 파주시 파주읍 파주리 427-16","네이버 지도","https://map.naver.com/p/search/%EC%9B%85%EC%9D%B4%EB%84%A4%20%EC%9D%98%EC%A0%95%EB%B6%80%EB%B6%80%EB%8C%80%EC%B0%8C%EA%B0%9C%20%ED%8C%8C%EC%A3%BC%EC%8B%9C%20%ED%8C%8C%EC%A3%BC%EC%9D%8D%20%ED%8C%8C%EB%B0%9C%EB%A1%9C%209","확인 완료","확인 후보","최종 승인","예","2026-09-10 네이버 지도 상세 POI에서 상호의 공백 차이와 도로명 건물번호·지번 및 좌표를 확인함; 2026-09-10 2차 네이버 지도 POI 대조 통과, canonical/seed 반영 전; 2026-09-10 canonical 좌표 반영 완료"
"401","401","원조두지리매운탕 1호점","파주시 적성면 술이홀로2316번길 45","경기도 파주시 적성면 두지리 89-1","37.9639335609","126.8938518363","재확인 필요","37.9638911","126.8938702","원조두지리매운탕 1호점","경기 파주시 적성면 술이홀로2316번길 45 1층","경기 파주시 적성면 두지리 89-1","네이버 지도","https://map.naver.com/p/search/%EC%9B%90%EC%A1%B0%EB%91%90%EC%A7%80%EB%A6%AC%EB%A7%A4%EC%9A%B4%ED%83%95%201%ED%98%B8%EC%A0%90%20%ED%8C%8C%EC%A3%BC%EC%8B%9C%20%EC%A0%81%EC%84%B1%EB%A9%B4%20%EC%88%A0%EC%9D%B4%ED%99%80%EB%A1%9C2316%EB%B2%88%EA%B8%B8%2045","확인 완료","확인 후보","최종 승인","예","2026-09-10 네이버 지도 상세 POI에서 상호·도로명 건물번호·지번과 1층 상세 표기 및 좌표를 확인함; 2026-09-10 2차 네이버 지도 POI 대조 통과, canonical/seed 반영 전; 2026-09-10 canonical 좌표 반영 완료"
"98","98","이브 헤어샵","파주시 금정14길 35 (아동동)","경기도 파주시 아동동 334-4","37.7606061753","126.7765131641","재확인 필요","37.760552","126.7764398","이브헤어샵","경기 파주시 금정14길 35","경기 파주시 아동동 334-4","네이버 지도","https://map.naver.com/p/search/%EC%9D%B4%EB%B8%8C%20%ED%97%A4%EC%96%B4%EC%83%B5%20%ED%8C%8C%EC%A3%BC%EC%8B%9C%20%EA%B8%88%EC%A0%9514%EA%B8%B8%2035%20%28%EC%95%84%EB%8F%99%EB%8F%99%29","확인 완료","확인 후보","최종 승인","예","2026-09-10 네이버 지도 상세 POI에서 상호의 공백 차이와 도로명 건물번호·지번 및 좌표를 확인함; 2026-09-10 2차 네이버 지도 POI 대조 통과, canonical/seed 반영 전; 2026-09-10 canonical 좌표 반영 완료"
"99","99","이정호 모델헤어","파주시 중앙로 318-1 (금촌동)","경기도 파주시 금촌동 44-21","37.7640668727","126.7748583907","재확인 필요","37.7640656","126.7748476","이정호모델헤어","경기 파주시 중앙로 318-1 이정호모델헤어","경기 파주시 금촌동 44-21","네이버 지도","https://map.naver.com/p/search/%EC%9D%B4%EC%A0%95%ED%98%B8%20%EB%AA%A8%EB%8D%B8%ED%97%A4%EC%96%B4%20%ED%8C%8C%EC%A3%BC%EC%8B%9C%20%EC%A4%91%EC%95%99%EB%A1%9C%20318-1%20%28%EA%B8%88%EC%B4%8C%EB%8F%99%29","확인 완료","확인 후보","최종 승인","예","2026-09-10 네이버 지도 상세 POI에서 상호의 공백 차이와 도로명 건물번호·지번 및 좌표를 확인함; 2026-09-10 2차 네이버 지도 POI 대조 통과, canonical/seed 반영 전; 2026-09-10 canonical 좌표 반영 완료"
"115","115","일품양평해장국 파주검산점","파주시 평화로 330 (검산동)","경기도 파주시 검산동 135-11","37.7727583399","126.7458659391","재확인 필요","37.7727534","126.745865","일품양평해장국 파주검산점","경기 파주시 평화로 330 일품양평해장국","경기 파주시 검산동 135-11","네이버 지도","https://map.naver.com/p/search/%EC%9D%BC%ED%92%88%EC%96%91%ED%8F%89%ED%95%B4%EC%9E%A5%EA%B5%AD%20%ED%8C%8C%EC%A3%BC%EA%B2%80%EC%82%B0%EC%A0%90%20%ED%8C%8C%EC%A3%BC%EC%8B%9C%20%ED%8F%89%ED%99%94%EB%A1%9C%20330%20%28%EA%B2%80%EC%82%B0%EB%8F%99%29","확인 완료","확인 후보","최종 승인","예","2026-09-10 네이버 지도 상세 POI에서 지점명·도로명 건물번호·지번과 좌표를 확인함; 2026-09-10 2차 네이버 지도 POI 대조 통과, canonical/seed 반영 전; 2026-09-10 canonical 좌표 반영 완료"
"403","403","임진강매운탕","파주시 적성면 술이홀로2316번길 39","경기도 파주시 적성면 두지리 88-3","37.9637479009","126.8939768251","재확인 필요","37.963687","126.893981","임진강매운탕","경기 파주시 적성면 술이홀로2316번길 39 임진강매운탕","경기 파주시 적성면 두지리 88-3","네이버 지도","https://map.naver.com/p/search/%EC%9E%84%EC%A7%84%EA%B0%95%EB%A7%A4%EC%9A%B4%ED%83%95%20%ED%8C%8C%EC%A3%BC%EC%8B%9C%20%EC%A0%81%EC%84%B1%EB%A9%B4%20%EC%88%A0%EC%9D%B4%ED%99%80%EB%A1%9C2316%EB%B2%88%EA%B8%B8%2039","확인 완료","확인 후보","최종 승인","예","2026-09-10 네이버 지도 상세 POI에서 상호·도로명 건물번호·지번과 좌표를 확인함; 2026-09-10 2차 네이버 지도 POI 대조 통과, canonical/seed 반영 전; 2026-09-10 canonical 좌표 반영 완료"
"457","457","임진강수라상","파주시 파평면 화석정로 101","경기도 파주시 파평면 율곡리 581","37.881984697","126.802213344","재확인 필요","37.8818314","126.8021964","임진강수라상","경기 파주시 파평면 화석정로 101 임진강수라상","경기 파주시 파평면 율곡리 581","네이버 지도","https://map.naver.com/p/search/%EC%9E%84%EC%A7%84%EA%B0%95%EC%88%98%EB%9D%BC%EC%83%81%20%ED%8C%8C%EC%A3%BC%EC%8B%9C%20%ED%8C%8C%ED%8F%89%EB%A9%B4%20%ED%99%94%EC%84%9D%EC%A0%95%EB%A1%9C%20101","확인 완료","확인 후보","최종 승인","예","2026-09-10 네이버 지도 상세 POI에서 상호·도로명 건물번호·지번과 좌표를 확인함; 2026-09-10 2차 네이버 지도 POI 대조 통과, canonical/seed 반영 전; 2026-09-10 canonical 좌표 반영 완료"
"222","222","장단가든","파주시 문산읍 임진나루길 133-12","경기도 파주시 문산읍 임진리 8-72","37.8861287125","126.7942377945","재확인 필요","37.8860779","126.7942769","장단가든","경기 파주시 문산읍 임진나루길 133-12","경기 파주시 문산읍 임진리 8-72","네이버 지도","https://map.naver.com/p/search/%EC%9E%A5%EB%8B%A8%EA%B0%80%EB%93%A0%20%ED%8C%8C%EC%A3%BC%EC%8B%9C%20%EB%AC%B8%EC%82%B0%EC%9D%8D%20%EC%9E%84%EC%A7%84%EB%82%98%EB%A3%A8%EA%B8%B8%20133-12","확인 완료","확인 후보","최종 승인","예","2026-09-10 검색 결과 2건 중 정확한 상호의 네이버 지도 상세 POI를 열어 도로명 건물번호·지번과 좌표를 확인함; 2026-09-10 2차 네이버 지도 POI 대조 통과, canonical/seed 반영 전; 2026-09-10 canonical 좌표 반영 완료"
"405","405","장단콩퇴골두부","파주시 적성면 칠중3길 145","경기도 파주시 적성면 마지리 19-1","37.9499472864","126.9230753665","재확인 필요","37.9499473","126.9230753","장단콩 퇴골두부","경기 파주시 적성면 칠중3길 145","경기 파주시 적성면 마지리 19-1","네이버 지도","https://map.naver.com/p/search/%EC%9E%A5%EB%8B%A8%EC%BD%A9%ED%87%B4%EA%B3%A8%EB%91%90%EB%B6%80%20%ED%8C%8C%EC%A3%BC%EC%8B%9C%20%EC%A0%81%EC%84%B1%EB%A9%B4%20%EC%B9%A0%EC%A4%913%EA%B8%B8%20145","확인 완료","확인 후보","최종 승인","예","2026-09-10 네이버 지도 상세 POI에서 상호의 공백 차이와 도로명 건물번호·지번 및 좌표를 확인함; 2026-09-10 2차 네이버 지도 POI 대조 통과, canonical/seed 반영 전; 2026-09-10 canonical 좌표 반영 완료"
"430","430","전라도갈치찜전문점","파주시 탄현면 매봉길 12","경기도 파주시 탄현면 성동리 52-1","37.7905068782","126.6863285433","재확인 필요","37.790469","126.686314","전라도갈치찜전문점","경기 파주시 탄현면 매봉길 12","경기 파주시 탄현면 성동리 52-1","네이버 지도","https://map.naver.com/p/search/%EC%A0%84%EB%9D%BC%EB%8F%84%EA%B0%88%EC%B9%98%EC%B0%9C%EC%A0%84%EB%AC%B8%EC%A0%90%20%ED%8C%8C%EC%A3%BC%EC%8B%9C%20%ED%83%84%ED%98%84%EB%A9%B4%20%EB%A7%A4%EB%B4%89%EA%B8%B8%2012","확인 완료","확인 후보","최종 승인","예","2026-09-10 네이버 지도 상세 POI에서 상호·도로명 건물번호·지번과 좌표를 확인함; 2026-09-10 2차 네이버 지도 POI 대조 통과, canonical/seed 반영 전; 2026-09-10 canonical 좌표 반영 완료"
"110","110","중국성","파주시 아동로 13 (금촌동)","경기도 파주시 금촌동 42-1","37.7647723105","126.7762213262","재확인 필요","37.7645913","126.7760468","중국성","경기 파주시 아동로 13","경기 파주시 금촌동 42-1","네이버 지도","https://map.naver.com/p/search/%EC%A4%91%EA%B5%AD%EC%84%B1%20%ED%8C%8C%EC%A3%BC%EC%8B%9C%20%EC%95%84%EB%8F%99%EB%A1%9C%2013%20%28%EA%B8%88%EC%B4%8C%EB%8F%99%29","확인 완료","확인 후보","최종 승인","예","2026-09-10 네이버 지도 상세 POI에서 상호·도로명 건물번호·지번과 좌표를 확인함; 2026-09-10 2차 네이버 지도 POI 대조 통과, canonical/seed 반영 전; 2026-09-10 canonical 좌표 반영 완료"
"451","451","짜장마을","파주시 파주읍 술이홀로 463","경기도 파주시 파주읍 연풍리 279-9","37.8291703482","126.838407754","재확인 필요","","","짜장마을","경기 파주시 파주읍 술이홀로 463","경기 파주시 파주읍 연풍리 279-9","네이버 지도","https://map.naver.com/p/search/%EC%A7%9C%EC%9E%A5%EB%8B%A8%EA%B0%80%EB%93%A0%20%ED%8C%8C%EC%A3%BC%EC%8B%9C%20%ED%8C%8C%EC%A3%BC%EC%9D%8D%20%EC%88%A0%EC%9D%B4%ED%99%80%EB%A1%9C%20463","미확인","보류","보류","아니오","2026-09-10 2차 검증에서 출처 URL의 검색어가 짜장단가든으로 확인되어 짜장마을 상세 POI를 재확인할 수 없음; 좌표 미반영 보류"
"407","407","짱미엔","파주시 적성면 솥뒤로 14-1","경기도 파주시 적성면 마지리 45-12","37.9555808657","126.9177810156","재확인 필요","37.9555569","126.9177346","짱미엔","경기 파주시 적성면 솥뒤로 14-1 1층 짱미엔","경기 파주시 적성면 마지리 45-12","네이버 지도","https://map.naver.com/p/search/%EC%A7%B1%EB%AF%B8%EC%97%94%20%ED%8C%8C%EC%A3%BC%EC%8B%9C%20%EC%A0%81%EC%84%B1%EB%A9%B4%20%EC%86%A5%EB%92%A4%EB%A1%9C%2014-1","확인 완료","확인 후보","최종 승인","예","2026-09-10 네이버 지도 상세 POI에서 상호·도로명 건물번호·지번과 1층 상세 표기 및 좌표를 확인함; 2026-09-10 2차 네이버 지도 POI 대조 통과, canonical/seed 반영 전; 2026-09-10 canonical 좌표 반영 완료"
"257","257","차향만당","파주시 법원읍 초리골길 70","경기도 파주시 법원읍 법원리 388-6","37.8500282517","126.8876088768","재확인 필요","37.850028","126.887553","차향만당","경기 파주시 법원읍 초리골길 70","경기 파주시 법원읍 법원리 388-6","네이버 지도","https://map.naver.com/p/search/%EC%B0%A8%ED%96%A5%EB%A7%8C%EB%8B%B9%20%ED%8C%8C%EC%A3%BC%EC%8B%9C%20%EB%B2%95%EC%9B%90%EC%9D%8D%20%EC%B4%88%EB%A6%AC%EA%B3%A8%EA%B8%B8%2070","확인 완료","확인 후보","최종 승인","예","2026-09-10 네이버 지도 상세 POI에서 상호·도로명 건물번호·지번과 좌표를 확인함; 2026-09-10 2차 네이버 지도 POI 대조 통과, canonical/seed 반영 전; 2026-09-10 canonical 좌표 반영 완료"
"225","225","천하곱창","파주시 문산읍 문향로 81","경기도 파주시 문산읍 선유리 955-19","37.8590190233","126.7859517491","재확인 필요","37.8589876","126.7860765","천하곱창","경기 파주시 문산읍 문향로 81","경기 파주시 문산읍 선유리 955-19","네이버 지도","https://map.naver.com/p/search/%EC%B2%9C%ED%95%98%EA%B3%B1%EC%B0%BD%20%ED%8C%8C%EC%A3%BC%EC%8B%9C%20%EB%AC%B8%EC%82%B0%EC%9D%8D%20%EB%AC%B8%ED%96%A5%EB%A1%9C%2081","확인 완료","확인 후보","최종 승인","예","2026-09-10 네이버 지도 상세 POI에서 상호·도로명 건물번호·지번과 좌표를 확인함; 2026-09-10 2차 네이버 지도 POI 대조 통과, canonical/seed 반영 전; 2026-09-10 canonical 좌표 반영 완료"
"433","433","청송마루","파주시 탄현면 방촌로 1071","경기도 파주시 탄현면 낙하리 53-6","37.8262966706","126.7389362676","재확인 필요","37.8262891","126.7389552","청송마루","경기 파주시 탄현면 방촌로 1071 2동 1층 4, 5, 6호","경기 파주시 탄현면 낙하리 53-6","네이버 지도","https://map.naver.com/p/search/%EC%B2%AD%EC%86%A1%EB%A7%88%EB%A3%A8%20%ED%8C%8C%EC%A3%BC%EC%8B%9C%20%ED%83%84%ED%98%84%EB%A9%B4%20%EB%B0%A9%EC%B4%8C%EB%A1%9C%201071","확인 완료","확인 후보","최종 승인","예","2026-09-10 네이버 지도 상세 POI에서 상호·도로명 건물번호·지번과 2동 1층 4·5·6호 상세 표기 및 좌표를 확인함; 2026-09-10 2차 네이버 지도 POI 대조 통과, canonical/seed 반영 전; 2026-09-10 canonical 좌표 반영 완료"
"263","263","초리골 제빵소","파주시 법원읍 초리골길 77","경기도 파주시 법원읍 법원리 389-1","37.8506294681","126.8878095314","재확인 필요","37.8506337","126.8878165","초리골제빵소","경기 파주시 법원읍 초리골길 77","경기 파주시 법원읍 법원리 389-1","네이버 지도","https://map.naver.com/p/search/%EC%B4%88%EB%A6%AC%EA%B3%A8%20%EC%A0%9C%EB%B9%B5%EC%86%8C%20%ED%8C%8C%EC%A3%BC%EC%8B%9C%20%EB%B2%95%EC%9B%90%EC%9D%8D%20%EC%B4%88%EB%A6%AC%EA%B3%A8%EA%B8%B8%2077","확인 완료","확인 후보","최종 승인","예","2026-09-10 네이버 지도 상세 POI에서 상호의 공백 차이와 도로명 건물번호·지번 및 좌표를 확인함; 2026-09-10 2차 네이버 지도 POI 대조 통과, canonical/seed 반영 전; 2026-09-10 canonical 좌표 반영 완료"
"258","258","초리연","파주시 법원읍 초리골길 357-18","경기도 파주시 법원읍 법원리 112-1","37.8606692416","126.8959801437","재확인 필요","37.8606659","126.8959901","초리연","경기 파주시 법원읍 초리골길 357-18 초리연","경기 파주시 법원읍 법원리 112-1","네이버 지도","https://map.naver.com/p/search/%EC%B4%88%EB%A6%AC%EC%97%B0%20%ED%8C%8C%EC%A3%BC%EC%8B%9C%20%EB%B2%95%EC%9B%90%EC%9D%8D%20%EC%B4%88%EB%A6%AC%EA%B3%A8%EA%B8%B8%20357-18","확인 완료","확인 후보","최종 승인","예","2026-09-10 네이버 지도 상세 POI에서 상호·도로명 건물번호·지번과 좌표를 확인함; 2026-09-10 2차 네이버 지도 POI 대조 통과, canonical/seed 반영 전; 2026-09-10 canonical 좌표 반영 완료"
"435","435","최고야짬뽕","파주시 탄현면 필승로 490","경기도 파주시 탄현면 성동리 663-5","37.7839991279","126.6891369619","재확인 필요","37.7840337","126.6891244","최고야짬뽕","경기 파주시 탄현면 필승로 490 1층","경기 파주시 탄현면 성동리 663-5","네이버 지도","https://map.naver.com/p/search/%EC%B5%9C%EA%B3%A0%EC%95%BC%EC%A7%AC%EB%BD%95%20%ED%8C%8C%EC%A3%BC%EC%8B%9C%20%ED%83%84%ED%98%84%EB%A9%B4%20%ED%95%84%EC%8A%B9%EB%A1%9C%20490","확인 완료","확인 후보","최종 승인","예","2026-09-10 네이버 지도 상세 POI에서 상호·도로명 건물번호·지번과 1층 상세 표기 및 좌표를 확인함; 2026-09-10 2차 네이버 지도 POI 대조 통과, canonical/seed 반영 전; 2026-09-10 canonical 좌표 반영 완료"
"227","227","커피베이스","파주시 문산읍 독산로 48","경기도 파주시 문산읍 문산리 63-3","37.8581274952","126.7841539045","재확인 필요","37.858155","126.7841437","커피베이스","경기 파주시 문산읍 독산로 48 1층","경기 파주시 문산읍 문산리 63-3","네이버 지도","https://map.naver.com/p/search/%EC%BB%A4%ED%94%BC%EB%B2%A0%EC%9D%B4%EC%8A%A4%20%ED%8C%8C%EC%A3%BC%EC%8B%9C%20%EB%AC%B8%EC%82%B0%EC%9D%8D%20%EB%8F%85%EC%82%B0%EB%A1%9C%2048","확인 완료","확인 후보","최종 승인","예","2026-09-10 네이버 지도 상세 POI에서 상호·도로명 건물번호·지번과 1층 상세 표기 및 좌표를 확인함; 2026-09-10 2차 네이버 지도 POI 대조 통과, canonical/seed 반영 전; 2026-09-10 canonical 좌표 반영 완료"
"102","102","테마모텔","파주시 중앙로 272 (금촌동)","경기도 파주시 금촌동 768-14","37.7603522554","126.777593734","재확인 필요","37.7603294","126.7775281","테마 모텔","경기 파주시 중앙로 272","경기 파주시 금촌동 768-14","네이버 지도","https://map.naver.com/p/search/%ED%85%8C%EB%A7%88%EB%AA%A8%ED%85%94%20%ED%8C%8C%EC%A3%BC%EC%8B%9C%20%EC%A4%91%EC%95%99%EB%A1%9C%20272%20%28%EA%B8%88%EC%B4%8C%EB%8F%99%29","확인 완료","확인 후보","최종 승인","예","2026-09-10 네이버 지도 상세 POI에서 상호의 공백 차이와 도로명 건물번호·지번 및 좌표를 확인함; 2026-09-10 2차 네이버 지도 POI 대조 통과, canonical/seed 반영 전; 2026-09-10 canonical 좌표 반영 완료"
"260","260","통일식당","파주시 법원읍 사임당로 842","경기도 파주시 법원읍 대능리 84-51","37.8489182306","126.8742828936","재확인 필요","37.848976","126.8743186","통일식당","경기 파주시 법원읍 사임당로 842","경기 파주시 법원읍 대능리 84-51","네이버 지도","https://map.naver.com/p/search/%ED%86%B5%EC%9D%BC%EC%8B%9D%EB%8B%B9%20%ED%8C%8C%EC%A3%BC%EC%8B%9C%20%EB%B2%95%EC%9B%90%EC%9D%8D%20%EC%82%AC%EC%9E%84%EB%8B%B9%EB%A1%9C%20842","확인 완료","확인 후보","최종 승인","예","2026-09-10 네이버 지도 상세 POI에서 상호·도로명 건물번호·지번과 좌표를 확인함; 2026-09-10 2차 네이버 지도 POI 대조 통과, canonical/seed 반영 전; 2026-09-10 canonical 좌표 반영 완료"
"458","458","한우리매운탕","파주시 파평면 장승배기로 173-8","경기도 파주시 파평면 율곡리 277-3","37.8808101224","126.8138654223","재확인 필요","37.880782","126.813894","한우리매운탕","경기 파주시 파평면 장승배기로 173-8","경기 파주시 파평면 율곡리 277-3","네이버 지도","https://map.naver.com/p/search/%ED%95%9C%EC%9A%B0%EB%A6%AC%EB%A7%A4%EC%9A%B4%ED%83%95%20%ED%8C%8C%EC%A3%BC%EC%8B%9C%20%ED%8C%8C%ED%8F%89%EB%A9%B4%20%EC%9E%A5%EC%8A%B9%EB%B0%B0%EA%B8%B0%EB%A1%9C%20173-8","확인 완료","확인 후보","최종 승인","예","2026-09-10 네이버 지도 상세 POI에서 상호·도로명 건물번호·지번과 좌표를 확인함; 2026-09-10 2차 네이버 지도 POI 대조 통과, canonical/seed 반영 전; 2026-09-10 canonical 좌표 반영 완료"
"437","437","해민도예","파주시 탄현면 새오리로 209-19","경기도 파주시 탄현면 대동리 93-11","37.8009463192","126.6874309931","재확인 필요","37.800925","126.6873875","해민도예","경기 파주시 탄현면 새오리로 209-19","경기 파주시 탄현면 대동리 93-11","네이버 지도","https://map.naver.com/p/search/%ED%95%B4%EB%AF%BC%EB%8F%84%EC%98%88%20%ED%8C%8C%EC%A3%BC%EC%8B%9C%20%ED%83%84%ED%98%84%EB%A9%B4%20%EC%83%88%EC%98%A4%EB%A6%AC%EB%A1%9C%20209-19","확인 완료","확인 후보","최종 승인","예","2026-09-10 네이버 지도 상세 POI에서 상호·도로명 건물번호·지번과 좌표를 확인함; 2026-09-10 2차 네이버 지도 POI 대조 통과, canonical/seed 반영 전; 2026-09-10 canonical 좌표 반영 완료"
"86","86","해울한정식","파주시 지목로 65 (신촌동)","경기도 파주시 신촌동 70-16","37.726571373","126.6990443559","재확인 필요","37.7268212","126.6985817","해울한정식","경기 파주시 지목로 65 해울한정식","경기 파주시 신촌동 70-16","네이버 지도","https://map.naver.com/p/search/%ED%95%B4%EC%9A%B8%ED%95%9C%EC%A0%95%EC%8B%9D%20%ED%8C%8C%EC%A3%BC%EC%8B%9C%20%EC%A7%80%EB%AA%A9%EB%A1%9C%2065%20%28%EC%8B%A0%EC%B4%8C%EB%8F%99%29","확인 완료","확인 후보","최종 승인","예","2026-09-10 네이버 지도 상세 POI에서 상호·도로명 건물번호·지번과 좌표를 확인함; 2026-09-10 2차 네이버 지도 POI 대조 통과, canonical/seed 반영 전; 2026-09-10 canonical 좌표 반영 완료"
"198","198","헤어갤러리","파주시 문산읍 문산로26번길 2","경기도 파주시 문산읍 문산리 42-23","37.8572216994","126.7821096753","재확인 필요","37.8573065","126.7820609","헤어갤러리","경기 파주시 문산읍 문산로26번길 2","경기 파주시 문산읍 문산리 42-23","네이버 지도","https://map.naver.com/p/search/%ED%97%A4%EC%96%B4%EA%B0%A4%EB%9F%AC%EB%A6%AC%20%ED%8C%8C%EC%A3%BC%EC%8B%9C%20%EB%AC%B8%EC%82%B0%EC%9D%8D%20%EB%AC%B8%EC%82%B0%EB%A1%9C26%EB%B2%88%EA%B8%B8%202","확인 완료","확인 후보","최종 승인","예","2026-09-10 네이버 지도 상세 POI에서 상호·도로명 건물번호·지번과 좌표를 확인함; 2026-09-10 2차 네이버 지도 POI 대조 통과, canonical/seed 반영 전; 2026-09-10 canonical 좌표 반영 완료"
"100","100","헤어그린","파주시 새꽃로 208 (아동동)","경기도 파주시 아동동 356-2","37.7656719111","126.7756464988","재확인 필요","37.765668","126.7756238","헤어그린","경기 파주시 새꽃로 208 광성조명","경기 파주시 아동동 356-2","네이버 지도","https://map.naver.com/p/search/%ED%97%A4%EC%96%B4%EA%B7%B8%EB%A6%B0%20%ED%8C%8C%EC%A3%BC%EC%8B%9C%20%EC%83%88%EA%BD%83%EB%A1%9C%20208%20%28%EC%95%84%EB%8F%99%EB%8F%99%29","확인 완료","확인 후보","최종 승인","예","2026-09-10 네이버 지도 상세 POI에서 상호·도로명 건물번호·지번과 건물명 상세 표기 및 좌표를 확인함; 2026-09-10 2차 네이버 지도 POI 대조 통과, canonical/seed 반영 전; 2026-09-10 canonical 좌표 반영 완료"
"421","421","DMZ장단콩두부마을","파주시 탄현면 평화로 902","경기도 파주시 탄현면 성동리 279","37.7861443704","126.6896376981","재확인 필요","37.7861082","126.6896057","DMZ장단콩두부마을","경기 파주시 탄현면 평화로 902 장단콩두부마을","경기 파주시 탄현면 성동리 279","네이버 지도","https://map.naver.com/p/search/DMZ%EC%9E%A5%EB%8B%A8%EC%BD%A9%EB%91%90%EB%B6%80%EB%A7%88%EC%9D%84%20%ED%8C%8C%EC%A3%BC%EC%8B%9C%20%ED%83%84%ED%98%84%EB%A9%B4%20%ED%8F%89%ED%99%94%EB%A1%9C%20902","확인 완료","확인 후보","최종 승인","예","2026-09-10 네이버 지도 상세 POI에서 상호·도로명 건물번호·지번과 좌표를 확인함; 2026-09-10 2차 네이버 지도 POI 대조 통과, canonical/seed 반영 전; 2026-09-10 canonical 좌표 반영 완료"
"199","199","M 모텔","파주시 문산읍 문향로 87-1","경기도 파주시 문산읍 선유리 950-85","37.8594487596","126.7865381201","재확인 필요","","","M모텔","경기 파주시 문산읍 문향로 87-1","경기 파주시 문산읍 선유리 952-14","네이버 지도","https://map.naver.com/p/search/M%20%EB%AA%A8%ED%85%94%20%ED%8C%8C%EC%A3%BC%EC%8B%9C%20%EB%AC%B8%EC%82%B0%EC%9D%8D%20%EB%AC%B8%ED%96%A5%EB%A1%9C%2087-1","미확인","보류","보류","아니오","2026-09-10 네이버 지도 상세 POI 대조 결과 상호와 도로명 건물번호는 일치하나 정본 지번 선유리 950-85와 지도 지번 선유리 952-14가 불일치하여 보류함"
"154","154","거북이삼겹살","경기도 동두천시 생연로175, 1층(생연동)","","37.9081428","127.0526481","확인 완료","37.9081428","127.0526481","거북이 삼겹살&숯불갈비","경기도 동두천시 생연로 175 1층","경기도 동두천시 생연동 586-6 1층","네이버 지도","https://map.naver.com/p/entry/place/1637951605","확인 완료","확인 후보","최종 승인","예","2026-09-10 Naver Place 상세 POI 대조 및 통합 safety gate 통과: 띄어쓰기와 확장 표기 외 상호·도로명·건물번호·1층이 일치; 2026-09-10 canonical 좌표 반영 완료"
"155","155","고기싸롱","경기도 동두천시 평화로2313번길 7-26(지행동)","","37.8931252","127.0564689","확인 완료","37.8931252","127.0564689","고기싸롱 동두천지행점","경기도 동두천시 평화로2313번길 7-26 101호~102호","경기도 동두천시 지행동 731-2 101호~102호","네이버 지도","https://map.naver.com/p/entry/place/1473511140","확인 완료","확인 후보","최종 승인","예","2026-09-10 Naver Place 상세 POI 대조 및 통합 safety gate 통과: 지점명 보완과 도로명·건물번호 일치; 2026-09-10 canonical 좌표 반영 완료"
"157","157","그집순대국","경기도 동두천시 장고갯로157, 제1동(생연동)","","37.908939","127.0652922","확인 완료","37.9088903","127.0654621","그집순대국 본점","경기도 동두천시 장고갯로 157 제1동(생연동)","경기도 동두천시 생연동 219-4 제1동","네이버 지도","https://map.naver.com/p/entry/place/21728036","확인 완료","확인 후보","최종 승인","예","2026-09-10 Naver Place 상세 POI 대조 및 통합 safety gate 통과: 본점 표기 외 상호·도로명·건물번호·제1동 일치; 2026-09-10 canonical 좌표 반영 완료"
"188","188","빨간풍차제과점","경기도 동두천시 동광로78번길 4(생연동)","","37.908671","127.056708","확인 완료","37.9086992","127.0567007","유재학빨간풍차과자점","경기도 동두천시 동광로78번길 4","경기도 동두천시 생연동 620-3","네이버 지도","https://map.naver.com/p/entry/place/38275614","확인 완료","확인 후보","최종 승인","예","2026-09-10 Naver Place 상세 POI 대조 및 통합 safety gate 통과: 고유 상호와 도로명·건물번호 일치; 2026-09-10 canonical 좌표 반영 완료"
"130","130","신성순 헤어아트","경기도 동두천시 중앙로278, 2층(생연동)","","37.9062244","127.0543695","확인 완료","37.9062335","127.0543694","신성순헤어아트 중앙로점","경기도 동두천시 중앙로 278","경기도 동두천시 생연동 601-20","네이버 지도","https://map.naver.com/p/entry/place/18008034","확인 완료","확인 후보","최종 승인","예","2026-09-10 Naver Place 상세 POI 대조 및 통합 safety gate 통과: 지점 표기 외 상호·도로명·건물번호·2층 일치; 2026-09-10 canonical 좌표 반영 완료"
"132","132","안다미로","경기도 동두천시 지행로107번길 13(지행동)","","37.8930315","127.0592205","확인 완료","37.8930555","127.0592197","안다미로 헤어","경기도 동두천시 지행로107번길 13","경기도 동두천시 지행동 294-2","네이버 지도","https://map.naver.com/p/entry/place/1354770437","확인 완료","확인 후보","최종 승인","예","2026-09-10 Naver Place 상세 POI 대조 및 통합 safety gate 통과: 헤어 확장 표기 외 상호·도로명·건물번호 일치; 2026-09-10 canonical 좌표 반영 완료"
"133","133","에이치H헤어","경기도 동두천시 중앙로134-26, 1층 105호(지행동)","","37.8931681","127.0538155","확인 완료","37.893168","127.0538155","H 헤어","경기도 동두천시 중앙로 134-26 1층 105호(지행동)","경기도 동두천시 지행동 694-2 1층 105호","네이버 지도","https://map.naver.com/p/entry/place/37761475","확인 완료","확인 후보","최종 승인","예","2026-09-10 Naver Place 상세 POI 대조 및 통합 safety gate 통과: 한글·영문 표기 차이 외 도로명·건물번호·1층 105호 일치; 2026-09-10 canonical 좌표 반영 완료"
"171","171","우막산순대국","경기도 동두천시 평화로2261번길 22(지행동)","","37.8902959","127.0565284","확인 완료","37.8903019","127.0563986","우막산순대국 본점","경기도 동두천시 평화로2261번길 22 우막산순대국","경기도 동두천시 지행동 736-5 우막산순대국","네이버 지도","https://map.naver.com/p/entry/place/1389131013","확인 완료","확인 후보","최종 승인","예","2026-09-10 Naver Place 상세 POI 대조 및 통합 safety gate 통과: 본점 표기 외 상호·도로명·건물번호 일치; 2026-09-10 canonical 좌표 반영 완료"
"172","172","유경장작구이","경기도 동두천시 평화로2910번길 10(상봉암동)","","37.9459138","127.0617488","확인 완료","37.946024","127.0618104","유경참나무장작구이","경기도 동두천시 평화로2910번길 10","경기도 동두천시 상봉암동 140-9","네이버 지도","https://map.naver.com/p/entry/place/12017433","확인 완료","확인 후보","최종 승인","예","2026-09-10 Naver Place 상세 POI 대조 및 통합 safety gate 통과: 참나무 확장 표기 외 상호·도로명·건물번호 일치; 2026-09-10 canonical 좌표 반영 완료"
"134","134","이선희헤어샵","경기도 동두천시 삼육사로896, 1층(생연동)","","37.90003","127.0495185","확인 완료","37.8998856","127.0495467","이선희헤어샵 동두천","경기도 동두천시 삼육사로 896 1층","경기도 동두천시 생연동 806-3 1층","네이버 지도","https://map.naver.com/p/entry/place/1528257856","확인 완료","확인 후보","최종 승인","예","2026-09-10 Naver Place 상세 POI 대조 및 통합 safety gate 통과: 지역명 추가 외 상호·도로명·건물번호·1층 일치; 2026-09-10 canonical 좌표 반영 완료"
"175","175","일미담","경기도 동두천시 동광로73, 1층(생연동)","","37.9088932","127.056332","확인 완료","37.9088435","127.0562832","일미담 동두천점","경기도 동두천시 동광로 73","경기도 동두천시 생연동 615-5","네이버 지도","https://map.naver.com/p/entry/place/1042044607","확인 완료","확인 후보","최종 승인","예","2026-09-10 Naver Place 상세 POI 대조 및 통합 safety gate 통과: 지점 표기 외 상호·도로명·건물번호 일치; 2026-09-10 canonical 좌표 반영 완료"
"152","152","제이(J)모텔","경기도 동두천시 동두천로247-13(생연동)","","37.9036831","127.0550199","확인 완료","37.9037016","127.0550145","제이모텔","경기도 동두천시 동두천로 247-13","경기도 동두천시 생연2동 673-5","네이버 지도","https://map.naver.com/p/entry/place/18983755","확인 완료","확인 후보","최종 승인","예","2026-09-10 Naver Place 상세 POI 대조 및 통합 safety gate 통과: 괄호 영문 표기 외 상호·도로명·건물번호 일치; 2026-09-10 canonical 좌표 반영 완료"
"177","177","좋은날식당","경기도 동두천시 중앙로265번길 23(생연동)","","37.9052627","127.0525376","확인 완료","37.9052765","127.0525228","좋은날","경기도 동두천시 중앙로265번길 23","경기도 동두천시 생연동 659-33","네이버 지도","https://map.naver.com/p/entry/place/1260895432","확인 완료","확인 후보","최종 승인","예","2026-09-10 Naver Place 상세 POI 대조 및 통합 safety gate 통과: 식당 접미어 생략 외 상호·도로명·건물번호 일치; 2026-09-10 canonical 좌표 반영 완료"
"190","190","청년다방","경기도 동두천시 평화로2261번길 9-6(지행동)","","37.8894468","127.0558675","확인 완료","37.8894468","127.0558673","청년다방 동두천지행점","경기도 동두천시 평화로2261번길 9-6 청년다방","경기도 동두천시 지행동 738-9 청년다방","네이버 지도","https://map.naver.com/p/entry/place/1466909999","확인 완료","확인 후보","최종 승인","예","2026-09-10 Naver Place 상세 POI 대조 및 통합 safety gate 통과: 지점명과 도로명·건물번호 일치; 2026-09-10 canonical 좌표 반영 완료"
"180","180","촌가","경기도 동두천시 중앙로273번길 30, 1층(생연동)","","37.9062452","127.0524678","확인 완료","37.9062319","127.0524858","촌가전통민속주점","경기도 동두천시 중앙로273번길 30","경기도 동두천시 생연동 588-53","네이버 지도","https://map.naver.com/p/entry/place/1083061337","확인 완료","확인 후보","최종 승인","예","2026-09-10 Naver Place 상세 POI 대조 및 통합 safety gate 통과: 고유 상호 포함 및 도로명·건물번호 일치; 2026-09-10 canonical 좌표 반영 완료"
"191","191","커피&유","경기도 동두천시 정장로17번길 20, 1층(생연동)","","37.9054146","127.0530295","확인 완료","37.9054364","127.0530017","커피앤유 커피","경기도 동두천시 정장로17번길 20 동두천시정장로17번길20","경기도 동두천시 생연동 659-2 동두천시정장로17번길20","네이버 지도","https://map.naver.com/p/entry/place/1281441175","확인 완료","확인 후보","최종 승인","예","2026-09-10 Naver Place 상세 POI 대조 및 통합 safety gate 통과: 기호·한글 표기와 업종 접미어 차이 외 도로명·건물번호 일치; 2026-09-10 canonical 좌표 반영 완료"
"337","337","가마골 백숙","경기도 양주시 장흥면 북한산로 1028","","37.7135996","126.9713192","확인 완료","37.7135963","126.9713075","가마골백숙","경기도 양주시 장흥면 북한산로 1028 1층","경기도 양주시 장흥면 교현리 152-15 1층","네이버 지도","https://map.naver.com/p/entry/place/34301375","확인 완료","확인 후보","최종 승인","예","2026-09-10 Naver Place 상세 POI 대조 및 통합 safety gate 통과: 띄어쓰기 차이 외 상호·도로명·건물번호 일치; 2026-09-10 canonical 좌표 반영 완료"
"339","339","거시기닭갈비","경기도 양주시 엄상동길 22-25","","37.8302412","127.067514","확인 완료","37.8302159","127.0675042","거시기닭갈비 덕정본점","경기도 양주시 엄상동길 22-25","경기도 양주시 고암동 157-6","네이버 지도","https://map.naver.com/p/entry/place/18085815","확인 완료","확인 후보","최종 승인","예","2026-09-10 Naver Place 상세 POI 대조 및 통합 safety gate 통과: 덕정본점·도로명·건물번호가 단일 POI와 일치; 전화번호 끝자리 차이는 위치 근거와 분리해 비고로 보존; 2026-09-10 canonical 좌표 반영 완료"
"349","349","등촌칼국수","경기도 양주시 백석읍 고릉말로150번길 28 (1층)","","37.7958921","126.990685","확인 완료","37.7959513","126.9906235","등촌샤브칼국수백석점","경기도 양주시 백석읍 고릉말로150번길 28","경기도 양주시 백석읍 오산리 38-4","네이버 지도","https://map.naver.com/p/entry/place/18302843","확인 완료","확인 후보","최종 승인","예","2026-09-10 Naver Place 상세 POI 대조 및 통합 safety gate 통과: 브랜드 축약 표기 외 백석점·도로명·건물번호·전화번호 일치; 2026-09-10 canonical 좌표 반영 완료"
"352","352","본도시락 덕정점","경기도 양주시 독바위로 9","","37.840385","127.0629577","확인 완료","37.8402867","127.0629273","본도시락 양주덕정점","경기도 양주시 독바위로 9 1층 5호","경기도 양주시 덕정동 288 1층 5호","네이버 지도","https://map.naver.com/p/entry/place/1112259483","확인 완료","확인 후보","최종 승인","예","2026-09-10 Naver Place 상세 POI 대조 및 통합 safety gate 통과: 동일 덕정 지점·도로명·건물번호·전화번호 일치; 2026-09-10 canonical 좌표 반영 완료"
"353","353","산하식당","경기도 양주시 백석읍 기산로 410","","37.7758038","126.9356199","확인 완료","37.7761179","126.9358294","산하","경기도 양주시 백석읍 기산로 410","경기도 양주시 백석읍 기산리 397","네이버 지도","https://map.naver.com/p/entry/place/11707038","확인 완료","확인 후보","최종 승인","예","2026-09-10 Naver Place 상세 POI 대조 및 통합 safety gate 통과: 식당 접미어 생략 외 도로명·건물번호·전화번호 일치; 2026-09-10 canonical 좌표 반영 완료"
"358","358","야한소갈비살","경기도 양주시 엄상동길 30-3","","37.8312313","127.0678814","확인 완료","37.8312401","127.0678553","야한소갈비살 덕정점","경기도 양주시 엄상동길 30-3","경기도 양주시 고암동 140-2","네이버 지도","https://map.naver.com/p/entry/place/18299457","확인 완료","확인 후보","최종 승인","예","2026-09-10 Naver Place 상세 POI 대조 및 통합 safety gate 통과: 동일 덕정 지점·도로명·건물번호·전화번호 일치; 2026-09-10 canonical 좌표 반영 완료"
"360","360","이시돌선생의 약선도가","경기도 양주시 장흥면 권율로 88","","37.7227921","126.9477588","확인 완료","37.722948","126.9478917","약선도가","경기도 양주시 장흥면 권율로 88 그린숲타운 105동 206호","경기도 양주시 장흥면 일영리 41-4 그린숲타운 105동 206호","네이버 지도","https://map.naver.com/p/entry/place/37398056","확인 완료","확인 후보","최종 승인","예","2026-09-10 Naver Place 상세 POI 대조 및 통합 safety gate 통과: 핵심 상호·도로명·건물번호와 공식 홈페이지·전화번호 끝자리 일치; 2026-09-10 canonical 좌표 반영 완료"
"364","364","쪽삼","경기도 양주시 어하고개로 56, 1층","","37.8115125","127.1026878","확인 완료","37.8113185","127.1023444","쪽삼 양주본점","경기도 양주시 어하고개로 56","경기도 양주시 삼숭동 488-3","네이버 지도","https://map.naver.com/p/entry/place/1012317606","확인 완료","확인 후보","최종 승인","예","2026-09-10 Naver Place 상세 POI 대조 및 통합 safety gate 통과: 양주본점·도로명·건물번호 일치; 2026-09-10 canonical 좌표 반영 완료"
"367","367","페트라숯불구이","경기도 양주시 장흥면 일영로 601-100","","37.6967764","126.9236196","확인 완료","37.6970387","126.923778","페트라숯불구이 장흥본점","경기도 양주시 장흥면 일영로 601-100","경기도 양주시 장흥면 삼상리 397-4","네이버 지도","https://map.naver.com/p/entry/place/11720412","확인 완료","확인 후보","최종 승인","예","2026-09-10 Naver Place 상세 POI 대조 및 통합 safety gate 통과: 장흥본점·도로명·건물번호 일치; 2026-09-10 canonical 좌표 반영 완료"
